timestamp,temp_c,humidity_pct,co2_ppm,occupancy,energy_kwh
2026-05-01 00:00:00+08:00,24.93,76.3,420.0,0,2.116
2026-05-01 00:05:00+08:00,24.72,77.0,425.0,0,2.024
2026-05-01 00:10:00+08:00,24.6,80.1,426.0,0,2.121
2026-05-01 00:15:00+08:00,24.88,81.3,431.0,0,1.897
2026-05-01 00:20:00+08:00,24.91,73.5,430.0,0,2.392
2026-05-01 00:25:00+08:00,25.04,72.2,428.0,0,1.935
2026-05-01 00:30:00+08:00,23.82,77.6,428.0,0,1.874
2026-05-01 00:35:00+08:00,24.46,77.7,423.0,0,2.105
2026-05-01 00:40:00+08:00,24.88,77.7,416.0,0,2.039
2026-05-01 00:45:00+08:00,24.56,79.4,413.0,0,1.848
2026-05-01 00:50:00+08:00,24.5,80.9,428.0,0,2.191
2026-05-01 00:55:00+08:00,24.59,75.8,435.0,0,1.694
2026-05-01 01:00:00+08:00,23.78,78.1,431.0,0,1.809
2026-05-01 01:05:00+08:00,24.23,75.2,436.0,0,2.084
2026-05-01 01:10:00+08:00,24.47,74.2,442.0,0,1.91
2026-05-01 01:15:00+08:00,24.41,79.4,434.0,0,2.188
2026-05-01 01:20:00+08:00,24.49,79.7,435.0,0,2.238
2026-05-01 01:25:00+08:00,24.43,78.0,431.0,0,2.304
2026-05-01 01:30:00+08:00,23.92,79.7,437.0,0,2.176
2026-05-01 01:35:00+08:00,24.49,77.4,431.0,0,1.922
2026-05-01 01:40:00+08:00,24.05,80.9,435.0,0,2.155
2026-05-01 01:45:00+08:00,23.94,81.9,426.0,0,1.657
2026-05-01 01:50:00+08:00,23.85,79.0,428.0,0,1.836
2026-05-01 01:55:00+08:00,24.48,76.1,429.0,0,2.04
2026-05-01 02:00:00+08:00,23.93,78.9,430.0,0,1.895
2026-05-01 02:05:00+08:00,24.29,81.2,421.0,0,1.903
2026-05-01 02:10:00+08:00,23.5,80.1,428.0,0,1.7
2026-05-01 02:15:00+08:00,24.18,73.2,426.0,0,2.139
2026-05-01 02:20:00+08:00,24.35,77.2,427.0,0,1.555
2026-05-01 02:25:00+08:00,24.12,80.2,425.0,0,1.964
2026-05-01 02:30:00+08:00,24.12,82.4,419.0,0,2.288
2026-05-01 02:35:00+08:00,24.53,75.0,419.0,0,1.752
2026-05-01 02:40:00+08:00,23.64,81.9,429.0,0,1.855
2026-05-01 02:45:00+08:00,24.07,78.2,418.0,0,1.466
2026-05-01 02:50:00+08:00,23.48,81.3,418.0,0,1.654
2026-05-01 02:55:00+08:00,23.96,82.1,414.0,0,1.951
2026-05-01 03:00:00+08:00,24.17,77.8,416.0,0,1.924
2026-05-01 03:05:00+08:00,23.45,86.1,409.0,0,1.998
2026-05-01 03:05:00+08:00,23.45,86.1,409.0,0,1.998
2026-05-01 03:10:00+08:00,23.98,84.3,413.0,0,2.249
2026-05-01 03:15:00+08:00,24.16,82.1,416.0,0,2.017
2026-05-01 03:20:00+08:00,24.2,79.5,411.0,0,2.193
2026-05-01 03:25:00+08:00,23.92,80.4,409.0,0,1.721
2026-05-01 03:30:00+08:00,24.5,81.7,409.0,0,1.996
2026-05-01 03:35:00+08:00,23.87,83.5,412.0,0,2.066
2026-05-01 03:40:00+08:00,23.91,77.5,411.0,0,1.971
2026-05-01 03:45:00+08:00,24.31,79.3,414.0,0,2.013
2026-05-01 03:50:00+08:00,24.1,80.6,414.0,0,1.706
2026-05-01 03:55:00+08:00,24.16,77.9,406.0,0,1.777
2026-05-01 04:00:00+08:00,23.46,83.7,410.0,0,1.784
2026-05-01 04:05:00+08:00,24.02,85.3,412.0,0,1.726
2026-05-01 04:10:00+08:00,23.92,79.9,414.0,0,1.632
2026-05-01 04:15:00+08:00,24.17,76.5,421.0,0,2.167
2026-05-01 04:20:00+08:00,23.54,83.0,425.0,0,1.686
2026-05-01 04:25:00+08:00,23.85,79.0,437.0,0,2.439
2026-05-01 04:30:00+08:00,24.7,82.8,440.0,0,1.932
2026-05-01 04:35:00+08:00,24.67,74.0,432.0,0,1.887
2026-05-01 04:40:00+08:00,24.55,74.5,441.0,0,2.161
2026-05-01 04:45:00+08:00,24.19,80.2,439.0,0,1.697
2026-05-01 04:50:00+08:00,24.09,78.0,436.0,0,1.973
2026-05-01 04:55:00+08:00,24.26,83.4,438.0,0,1.795
2026-05-01 05:00:00+08:00,24.15,79.4,429.0,0,1.485
2026-05-01 05:05:00+08:00,24.8,75.4,422.0,0,2.12
2026-05-01 05:10:00+08:00,24.73,79.0,413.0,0,2.015
2026-05-01 05:15:00+08:00,24.7,76.4,422.0,0,2.285
2026-05-01 05:20:00+08:00,24.82,84.6,418.0,0,1.832
2026-05-01 05:25:00+08:00,24.36,80.3,421.0,0,1.684
2026-05-01 05:30:00+08:00,24.92,78.2,419.0,0,1.995
2026-05-01 05:35:00+08:00,24.66,77.2,413.0,0,2.026
2026-05-01 05:40:00+08:00,24.92,77.1,413.0,0,1.783
2026-05-01 05:45:00+08:00,25.42,75.5,417.0,0,1.981
2026-05-01 05:50:00+08:00,25.0,74.4,422.0,0,2.112
2026-05-01 05:55:00+08:00,25.64,82.0,420.0,0,2.186
2026-05-01 06:00:00+08:00,25.11,73.5,415.0,0,2.15
2026-05-01 06:05:00+08:00,25.12,79.3,420.0,0,2.295
2026-05-01 06:10:00+08:00,25.44,81.1,425.0,0,2.23
2026-05-01 06:15:00+08:00,24.86,79.5,428.0,0,1.913
2026-05-01 06:20:00+08:00,25.58,78.8,424.0,0,2.101
2026-05-01 06:25:00+08:00,24.7,77.0,428.0,0,2.094
2026-05-01 06:30:00+08:00,25.05,75.2,425.0,0,2.159
2026-05-01 06:35:00+08:00,25.05,78.3,422.0,0,1.893
2026-05-01 06:40:00+08:00,25.03,80.2,419.0,0,2.24
2026-05-01 06:45:00+08:00,25.11,80.1,413.0,0,1.969
2026-05-01 06:50:00+08:00,25.38,76.7,416.0,0,2.72
2026-05-01 06:55:00+08:00,25.11,76.8,420.0,0,1.894
2026-05-01 07:00:00+08:00,25.48,78.5,424.0,0,2.189
2026-05-01 07:05:00+08:00,25.68,76.7,430.0,0,2.289
2026-05-01 07:10:00+08:00,25.02,75.9,432.0,0,2.182
2026-05-01 07:15:00+08:00,26.48,78.1,437.0,0,2.423
2026-05-01 07:20:00+08:00,25.46,78.0,437.0,0,2.496
2026-05-01 07:25:00+08:00,25.84,71.0,427.0,0,2.446
2026-05-01 07:30:00+08:00,26.35,79.6,431.0,0,2.601
2026-05-01 07:35:00+08:00,25.24,74.5,434.0,0,2.74
2026-05-01 07:40:00+08:00,26.0,77.6,433.0,0,2.675
2026-05-01 07:45:00+08:00,25.84,76.2,425.0,0,2.617
2026-05-01 07:50:00+08:00,26.77,76.2,427.0,0,2.563
2026-05-01 07:55:00+08:00,26.76,73.5,419.0,0,2.468
2026-05-01 08:00:00+08:00,23.0,83.4,453.0,20,7.333
2026-05-01 08:05:00+08:00,22.92,84.0,508.0,24,7.431
2026-05-01 08:10:00+08:00,22.57,80.1,563.0,28,7.153
2026-05-01 08:15:00+08:00,22.85,83.8,603.0,28,7.503
2026-05-01 08:20:00+08:00,22.5,82.0,641.0,29,7.19
2026-05-01 08:25:00+08:00,22.76,84.0,682.0,31,7.542
2026-05-01 08:30:00+08:00,23.08,84.5,728.0,33,7.565
2026-05-01 08:35:00+08:00,23.31,81.9,774.0,37,7.898
2026-05-01 08:40:00+08:00,23.13,81.8,785.0,24,7.468
2026-05-01 08:45:00+08:00,23.59,81.1,779.0,14,7.171
2026-05-01 08:50:00+08:00,23.64,81.4,812.0,29,7.685
2026-05-01 08:55:00+08:00,23.4,81.6,834.0,28,7.667
2026-05-01 09:00:00+08:00,23.66,79.3,873.0,35,7.529
2026-05-01 09:05:00+08:00,22.75,83.8,899.0,36,7.845
2026-05-01 09:10:00+08:00,22.75,80.7,918.0,28,7.048
2026-05-01 09:15:00+08:00,23.65,80.6,928.0,25,7.844
2026-05-01 09:20:00+08:00,23.57,80.1,913.0,20,7.342
2026-05-01 09:25:00+08:00,23.15,82.9,925.0,31,7.701
2026-05-01 09:30:00+08:00,24.31,82.1,965.0,42,8.448
2026-05-01 09:35:00+08:00,23.91,81.0,949.0,19,7.744
2026-05-01 09:40:00+08:00,24.29,76.6,977.0,38,8.161
2026-05-01 09:45:00+08:00,24.29,80.2,980.0,26,7.812
2026-05-01 09:50:00+08:00,24.47,77.1,996.0,32,7.851
2026-05-01 09:55:00+08:00,23.84,83.1,1010.0,34,7.823
2026-05-01 10:00:00+08:00,25.21,75.5,1003.0,25,7.73
2026-05-01 10:05:00+08:00,24.49,77.7,1014.0,32,8.41
2026-05-01 10:10:00+08:00,24.22,77.8,1036.0,40,8.354
2026-05-01 10:15:00+08:00,24.85,78.1,1042.0,30,8.224
2026-05-01 10:20:00+08:00,24.67,78.5,1039.0,28,8.279
2026-05-01 10:25:00+08:00,24.16,82.7,1036.0,30,7.826
2026-05-01 10:30:00+08:00,24.16,75.8,1049.0,35,8.093
2026-05-01 10:35:00+08:00,25.25,77.3,1058.0,34,8.117
2026-05-01 10:40:00+08:00,25.84,73.8,1037.0,18,8.216
2026-05-01 10:45:00+08:00,25.4,80.4,1036.0,28,8.052
2026-05-01 10:50:00+08:00,25.35,74.9,1043.0,32,8.3
2026-05-01 10:55:00+08:00,24.99,78.6,1037.0,31,8.139
2026-05-01 11:00:00+08:00,24.84,77.5,1041.0,32,8.161
2026-05-01 11:05:00+08:00,25.35,76.7,1028.0,25,8.182
2026-05-01 11:10:00+08:00,25.73,71.8,1018.0,27,8.533
2026-05-01 11:15:00+08:00,26.0,72.8,1035.0,42,8.51
2026-05-01 11:20:00+08:00,25.53,76.4,1031.0,26,8.302
2026-05-01 11:25:00+08:00,24.72,73.4,1030.0,30,8.19
2026-05-01 11:30:00+08:00,25.29,79.3,1008.0,18,7.826
2026-05-01 11:35:00+08:00,26.02,75.3,1007.0,31,8.94
2026-05-01 11:40:00+08:00,25.09,76.5,1006.0,26,8.058
2026-05-01 11:45:00+08:00,25.99,76.4,1012.0,33,8.328
2026-05-01 11:50:00+08:00,26.19,75.5,1020.0,27,8.24
2026-05-01 11:55:00+08:00,25.43,81.0,1005.0,22,8.018
2026-05-01 12:00:00+08:00,25.82,73.3,967.0,10,7.537
2026-05-01 12:05:00+08:00,25.91,74.9,933.0,11,7.825
2026-05-01 12:10:00+08:00,26.07,74.9,888.0,9,7.59
2026-05-01 12:15:00+08:00,25.76,72.1,865.0,12,7.668
2026-05-01 12:20:00+08:00,26.13,-999.0,852.0,11,7.874
2026-05-01 12:25:00+08:00,25.68,76.7,821.0,6,7.613
2026-05-01 12:30:00+08:00,26.3,74.4,804.0,12,8.261
2026-05-01 12:35:00+08:00,26.37,73.3,780.0,9,8.074
2026-05-01 12:40:00+08:00,26.83,75.1,769.0,10,8.121
2026-05-01 12:45:00+08:00,25.98,80.5,762.0,11,7.96
2026-05-01 12:50:00+08:00,26.5,75.7,754.0,10,7.944
2026-05-01 12:55:00+08:00,26.88,71.2,749.0,11,7.872
2026-05-01 13:00:00+08:00,26.74,69.1,793.0,36,8.923
2026-05-01 13:05:00+08:00,26.36,75.4,857.0,45,8.965
2026-05-01 13:10:00+08:00,27.25,74.5,881.0,30,8.689
2026-05-01 13:15:00+08:00,27.32,74.3,880.0,26,8.5
2026-05-01 13:20:00+08:00,26.76,74.0,907.0,33,8.852
2026-05-01 13:25:00+08:00,26.51,77.5,920.0,27,8.869
2026-05-01 13:30:00+08:00,26.66,74.3,923.0,27,8.37
2026-05-01 13:30:00+08:00,26.66,74.3,923.0,27,8.37
2026-05-01 13:35:00+08:00,26.54,70.2,922.0,25,8.144
2026-05-01 13:40:00+08:00,26.85,76.5,899.0,19,8.134
2026-05-01 13:45:00+08:00,26.7,72.1,891.0,20,8.049
2026-05-01 13:50:00+08:00,26.75,76.2,921.0,36,8.659
2026-05-01 13:55:00+08:00,26.86,70.2,930.0,29,8.84
2026-05-01 14:00:00+08:00,27.55,69.8,929.0,25,8.704
2026-05-01 14:05:00+08:00,26.67,77.3,949.0,33,8.962
2026-05-01 14:10:00+08:00,26.36,76.7,960.0,32,9.057
2026-05-01 14:15:00+08:00,26.34,73.8,955.0,26,8.569
2026-05-01 14:20:00+08:00,26.91,77.7,952.0,25,8.812
2026-05-01 14:25:00+08:00,26.86,75.5,945.0,25,8.449
2026-05-01 14:30:00+08:00,27.67,66.8,942.0,23,8.58
2026-05-01 14:35:00+08:00,27.18,76.9,952.0,29,8.881
2026-05-01 14:40:00+08:00,26.72,76.0,963.0,29,8.855
2026-05-01 14:45:00+08:00,27.47,75.0,994.0,37,9.232
2026-05-01 14:50:00+08:00,27.08,78.9,979.0,22,8.392
2026-05-01 14:55:00+08:00,26.68,78.3,983.0,26,8.172
2026-05-01 15:00:00+08:00,26.45,76.3,971.0,22,8.375
2026-05-01 15:05:00+08:00,26.85,73.4,964.0,22,8.706
2026-05-01 15:10:00+08:00,26.59,78.1,954.0,18,8.214
2026-05-01 15:15:00+08:00,27.02,73.6,954.0,25,8.685
2026-05-01 15:20:00+08:00,26.73,69.9,963.0,31,9.109
2026-05-01 15:25:00+08:00,26.7,71.7,966.0,27,8.578
2026-05-01 15:30:00+08:00,26.63,72.2,968.0,31,8.543
2026-05-01 15:35:00+08:00,26.8,73.7,989.0,35,9.019
2026-05-01 15:40:00+08:00,26.58,70.8,984.0,29,8.768
2026-05-01 15:45:00+08:00,25.92,77.0,975.0,23,8.225
2026-05-01 15:50:00+08:00,26.41,77.4,974.0,26,8.34
2026-05-01 15:55:00+08:00,27.32,75.8,964.0,22,8.458
2026-05-01 16:00:00+08:00,26.36,76.8,958.0,26,8.445
2026-05-01 16:05:00+08:00,26.14,71.7,963.0,27,8.421
2026-05-01 16:10:00+08:00,26.11,74.4,950.0,24,8.525
2026-05-01 16:15:00+08:00,26.58,77.6,955.0,28,8.626
2026-05-01 16:20:00+08:00,26.56,75.5,953.0,22,8.397
2026-05-01 16:25:00+08:00,26.25,76.7,959.0,25,8.682
2026-05-01 16:30:00+08:00,26.74,75.2,962.0,26,8.925
2026-05-01 16:35:00+08:00,26.31,79.2,964.0,28,8.06
2026-05-01 16:40:00+08:00,26.59,72.9,979.0,30,8.978
2026-05-01 16:45:00+08:00,26.78,78.0,981.0,27,8.816
2026-05-01 16:50:00+08:00,26.82,75.1,980.0,27,8.274
2026-05-01 16:55:00+08:00,26.31,76.7,988.0,31,8.392
2026-05-01 17:00:00+08:00,26.38,75.7,994.0,29,8.519
2026-05-01 17:05:00+08:00,26.09,82.8,982.0,21,8.144
2026-05-01 17:10:00+08:00,26.5,75.2,984.0,30,8.808
2026-05-01 17:15:00+08:00,26.5,74.6,1001.0,36,9.145
2026-05-01 17:20:00+08:00,26.36,70.4,997.0,24,8.163
2026-05-01 17:25:00+08:00,25.98,77.1,1018.0,39,8.91
2026-05-01 17:30:00+08:00,25.66,77.1,985.0,15,7.848
2026-05-01 17:35:00+08:00,26.2,74.8,996.0,35,9.082
2026-05-01 17:40:00+08:00,25.82,77.5,993.0,25,8.167
2026-05-01 17:45:00+08:00,26.41,76.9,980.0,23,8.152
2026-05-01 17:50:00+08:00,25.96,75.9,969.0,22,8.416
2026-05-01 17:55:00+08:00,25.83,77.2,980.0,31,8.336
2026-05-01 18:00:00+08:00,30.1,71.5,924.0,0,3.619
2026-05-01 18:05:00+08:00,30.01,68.3,870.0,0,3.865
2026-05-01 18:10:00+08:00,30.25,68.5,826.0,0,3.82
2026-05-01 18:15:00+08:00,29.14,70.2,787.0,0,3.904
2026-05-01 18:20:00+08:00,29.62,69.9,744.0,0,3.935
2026-05-01 18:25:00+08:00,29.98,72.5,704.0,0,3.732
2026-05-01 18:30:00+08:00,30.13,69.5,661.0,0,4.002
2026-05-01 18:35:00+08:00,29.09,73.5,635.0,0,3.604
2026-05-01 18:40:00+08:00,28.67,71.3,620.0,0,3.061
2026-05-01 18:45:00+08:00,29.65,72.9,602.0,0,3.528
2026-05-01 18:50:00+08:00,29.67,64.6,583.0,0,4.016
2026-05-01 18:55:00+08:00,29.18,69.8,561.0,0,3.762
2026-05-01 19:00:00+08:00,29.07,73.9,552.0,0,3.521
2026-05-01 19:05:00+08:00,29.57,74.3,545.0,0,3.826
2026-05-01 19:10:00+08:00,28.93,76.0,535.0,0,3.606
2026-05-01 19:15:00+08:00,28.5,71.9,526.0,0,3.034
2026-05-01 19:20:00+08:00,29.43,68.9,517.0,0,3.224
2026-05-01 19:25:00+08:00,28.4,70.7,505.0,0,3.109
2026-05-01 19:30:00+08:00,28.16,72.1,503.0,0,3.466
2026-05-01 19:35:00+08:00,29.17,65.9,494.0,0,3.425
2026-05-01 19:40:00+08:00,28.43,70.7,496.0,0,3.448
2026-05-01 19:45:00+08:00,28.31,69.4,478.0,0,3.209
2026-05-01 19:50:00+08:00,28.19,72.7,476.0,0,3.203
2026-05-01 19:55:00+08:00,28.44,73.1,470.0,0,3.189
2026-05-01 20:00:00+08:00,29.35,70.1,465.0,0,3.507
2026-05-01 20:05:00+08:00,27.66,76.8,460.0,0,3.398
2026-05-01 20:10:00+08:00,29.03,70.1,453.0,0,3.73
2026-05-01 20:15:00+08:00,27.62,75.3,456.0,0,3.033
2026-05-01 20:20:00+08:00,28.62,71.4,457.0,0,3.525
2026-05-01 20:25:00+08:00,28.18,71.8,447.0,0,3.207
2026-05-01 20:30:00+08:00,27.71,73.1,440.0,0,2.982
2026-05-01 20:35:00+08:00,28.51,66.3,441.0,0,3.24
2026-05-01 20:40:00+08:00,26.65,70.4,437.0,0,2.937
2026-05-01 20:45:00+08:00,27.38,77.6,437.0,0,2.69
2026-05-01 20:50:00+08:00,27.94,69.4,430.0,0,2.476
2026-05-01 20:55:00+08:00,27.61,74.9,430.0,0,2.976
2026-05-01 21:00:00+08:00,27.01,76.1,431.0,0,2.977
2026-05-01 21:05:00+08:00,26.92,72.9,437.0,0,2.451
2026-05-01 21:10:00+08:00,26.64,73.7,431.0,0,2.809
2026-05-01 21:15:00+08:00,27.19,71.3,426.0,0,2.684
2026-05-01 21:20:00+08:00,27.01,70.3,427.0,0,2.943
2026-05-01 21:25:00+08:00,27.18,75.2,423.0,0,2.692
2026-05-01 21:30:00+08:00,26.71,73.1,423.0,0,2.59
2026-05-01 21:35:00+08:00,26.86,77.8,417.0,0,2.761
2026-05-01 21:40:00+08:00,26.76,79.3,411.0,0,2.643
2026-05-01 21:45:00+08:00,26.55,72.8,411.0,0,2.705
2026-05-01 21:50:00+08:00,26.72,71.0,413.0,0,2.587
2026-05-01 21:55:00+08:00,26.77,71.3,417.0,0,2.37
2026-05-01 22:00:00+08:00,26.92,77.0,419.0,0,3.007
2026-05-01 22:05:00+08:00,26.23,71.9,417.0,0,2.478
2026-05-01 22:10:00+08:00,25.94,77.1,417.0,0,2.318
2026-05-01 22:15:00+08:00,26.18,72.7,429.0,0,2.277
2026-05-01 22:20:00+08:00,26.63,78.8,421.0,0,2.61
2026-05-01 22:25:00+08:00,25.69,76.6,418.0,0,2.583
2026-05-01 22:30:00+08:00,26.6,75.2,418.0,0,2.509
2026-05-01 22:35:00+08:00,26.03,76.9,422.0,0,2.543
2026-05-01 22:40:00+08:00,25.15,77.6,417.0,0,2.322
2026-05-01 22:45:00+08:00,27.04,73.2,418.0,0,2.792
2026-05-01 22:50:00+08:00,25.59,79.1,428.0,0,2.48
2026-05-01 22:55:00+08:00,25.59,80.2,424.0,0,2.226
2026-05-01 23:00:00+08:00,25.21,74.5,423.0,0,1.958
2026-05-01 23:05:00+08:00,26.12,75.0,418.0,0,2.639
2026-05-01 23:10:00+08:00,25.23,76.2,417.0,0,2.336
2026-05-01 23:15:00+08:00,25.74,74.3,417.0,0,2.383
2026-05-01 23:20:00+08:00,24.79,80.6,427.0,0,2.201
2026-05-01 23:25:00+08:00,25.64,75.9,424.0,0,2.157
2026-05-01 23:30:00+08:00,24.94,76.8,436.0,0,2.373
2026-05-01 23:35:00+08:00,25.3,78.8,433.0,0,2.317
2026-05-01 23:40:00+08:00,25.46,80.6,432.0,0,2.362
2026-05-01 23:45:00+08:00,24.97,75.9,434.0,0,1.882
2026-05-01 23:50:00+08:00,24.84,76.0,429.0,0,2.375
2026-05-01 23:55:00+08:00,24.91,79.8,425.0,0,2.248
2026-05-01 23:55:00+08:00,24.91,79.8,425.0,0,2.248
2026-05-02 00:00:00+08:00,24.22,77.3,424.0,0,1.917
2026-05-02 00:05:00+08:00,25.1,76.4,432.0,0,2.216
2026-05-02 00:10:00+08:00,24.63,77.2,437.0,0,1.994
2026-05-02 00:15:00+08:00,25.03,75.7,435.0,0,2.21
2026-05-02 00:20:00+08:00,24.96,80.0,441.0,0,2.115
2026-05-02 00:25:00+08:00,24.41,77.4,441.0,0,1.846
2026-05-02 00:30:00+08:00,24.46,75.4,432.0,0,1.905
2026-05-02 00:35:00+08:00,25.18,74.9,437.0,0,2.311
2026-05-02 00:35:00+08:00,25.18,74.9,437.0,0,2.311
2026-05-02 00:40:00+08:00,25.07,79.4,439.0,0,2.162
2026-05-02 00:45:00+08:00,24.88,77.6,448.0,0,2.167
2026-05-02 00:50:00+08:00,24.43,75.7,450.0,0,2.11
2026-05-02 00:55:00+08:00,23.81,78.8,447.0,0,1.905
2026-05-02 01:00:00+08:00,23.74,81.3,455.0,0,2.014
2026-05-02 01:05:00+08:00,25.18,80.1,456.0,0,1.948
2026-05-02 01:10:00+08:00,24.04,81.9,449.0,0,1.857
2026-05-02 01:15:00+08:00,23.45,76.1,448.0,0,1.956
2026-05-02 01:20:00+08:00,24.14,80.0,447.0,0,2.218
2026-05-02 01:20:00+08:00,24.14,80.0,447.0,0,2.218
2026-05-02 01:25:00+08:00,24.23,79.6,443.0,0,2.117
2026-05-02 01:30:00+08:00,23.86,81.2,432.0,0,1.812
2026-05-02 01:35:00+08:00,23.75,82.0,432.0,0,1.528
2026-05-02 01:40:00+08:00,23.31,78.2,427.0,0,1.923
2026-05-02 01:45:00+08:00,24.38,83.9,423.0,0,2.225
2026-05-02 01:50:00+08:00,23.84,78.9,424.0,0,2.128
2026-05-02 01:55:00+08:00,24.89,79.3,428.0,0,2.328
2026-05-02 02:00:00+08:00,24.12,77.5,434.0,0,1.695
2026-05-02 02:05:00+08:00,24.26,80.5,435.0,0,1.768
2026-05-02 02:10:00+08:00,23.78,83.5,436.0,0,1.667
2026-05-02 02:15:00+08:00,23.98,79.7,434.0,0,1.647
2026-05-02 02:20:00+08:00,24.22,79.7,433.0,0,1.928
2026-05-02 02:25:00+08:00,24.02,81.4,439.0,0,1.967
2026-05-02 02:30:00+08:00,23.69,81.9,435.0,0,1.922
2026-05-02 02:35:00+08:00,24.13,80.5,428.0,0,2.094
2026-05-02 02:40:00+08:00,23.75,78.7,428.0,0,1.957
2026-05-02 02:45:00+08:00,23.31,80.4,429.0,0,2.08
2026-05-02 02:50:00+08:00,24.12,77.7,431.0,0,1.715
2026-05-02 02:55:00+08:00,24.49,78.0,439.0,0,1.876
2026-05-02 03:00:00+08:00,23.53,82.0,441.0,0,1.207
2026-05-02 03:05:00+08:00,23.97,74.9,431.0,0,1.607
2026-05-02 03:10:00+08:00,23.52,78.8,427.0,0,1.398
2026-05-02 03:15:00+08:00,23.82,84.2,435.0,0,1.879
2026-05-02 03:20:00+08:00,24.59,78.8,426.0,0,1.783
2026-05-02 03:25:00+08:00,23.49,80.5,422.0,0,1.619
2026-05-02 03:30:00+08:00,23.31,76.7,414.0,0,1.467
2026-05-02 03:35:00+08:00,24.42,76.5,411.0,0,2.167
2026-05-02 03:40:00+08:00,24.54,75.9,410.0,0,2.05
2026-05-02 03:45:00+08:00,23.86,79.0,410.0,0,2.172
2026-05-02 03:50:00+08:00,23.99,80.9,413.0,0,1.874
2026-05-02 03:55:00+08:00,23.98,80.4,415.0,0,1.889
2026-05-02 04:00:00+08:00,23.5,79.5,414.0,0,1.734
2026-05-02 04:05:00+08:00,24.01,79.8,417.0,0,1.996
2026-05-02 04:10:00+08:00,24.33,81.2,415.0,0,1.7
2026-05-02 04:15:00+08:00,24.07,77.1,416.0,0,2.014
2026-05-02 04:20:00+08:00,23.36,81.7,426.0,0,1.633
2026-05-02 04:25:00+08:00,24.0,79.9,429.0,0,1.758
2026-05-02 04:30:00+08:00,24.11,77.6,429.0,0,1.927
2026-05-02 04:35:00+08:00,24.41,87.3,424.0,0,1.979
2026-05-02 04:40:00+08:00,24.76,77.6,423.0,0,1.978
2026-05-02 04:45:00+08:00,24.81,79.4,437.0,0,1.673
2026-05-02 04:50:00+08:00,24.56,75.6,428.0,0,2.339
2026-05-02 04:55:00+08:00,24.53,74.6,429.0,0,1.844
2026-05-02 05:00:00+08:00,23.85,81.7,435.0,0,2.027
2026-05-02 05:05:00+08:00,23.72,80.9,439.0,0,2.048
2026-05-02 05:10:00+08:00,24.69,78.1,441.0,0,1.89
2026-05-02 05:15:00+08:00,24.22,79.0,440.0,0,1.746
2026-05-02 05:20:00+08:00,24.0,77.4,434.0,0,1.846
2026-05-02 05:25:00+08:00,24.34,76.2,432.0,0,1.841
2026-05-02 05:30:00+08:00,24.73,77.0,427.0,0,2.069
2026-05-02 05:35:00+08:00,24.71,80.3,426.0,0,1.738
2026-05-02 05:35:00+08:00,24.71,80.3,426.0,0,1.738
2026-05-02 05:40:00+08:00,24.59,79.6,418.0,0,2.104
2026-05-02 05:45:00+08:00,24.08,78.6,421.0,0,2.22
2026-05-02 05:50:00+08:00,25.51,76.3,421.0,0,2.374
2026-05-02 05:55:00+08:00,24.37,76.1,415.0,0,2.204
2026-05-02 06:00:00+08:00,24.94,79.9,416.0,0,2.34
2026-05-02 06:05:00+08:00,25.23,74.0,409.0,0,2.453
2026-05-02 06:10:00+08:00,25.05,81.3,411.0,0,2.028
2026-05-02 06:15:00+08:00,25.15,76.8,412.0,0,1.657
2026-05-02 06:20:00+08:00,25.59,73.7,410.0,0,2.291
2026-05-02 06:25:00+08:00,25.86,75.3,413.0,0,2.343
2026-05-02 06:30:00+08:00,24.73,81.5,417.0,0,1.956
2026-05-02 06:35:00+08:00,25.77,76.0,414.0,0,2.449
2026-05-02 06:40:00+08:00,25.13,79.6,406.0,0,2.24
2026-05-02 06:45:00+08:00,25.38,71.9,402.0,0,2.665
2026-05-02 06:50:00+08:00,25.65,79.8,399.0,0,2.346
2026-05-02 06:55:00+08:00,25.84,77.0,398.0,0,2.374
2026-05-02 07:00:00+08:00,25.49,76.4,398.0,0,2.349
2026-05-02 07:05:00+08:00,26.26,71.9,388.0,0,2.382
2026-05-02 07:10:00+08:00,25.77,74.2,386.0,0,2.042
2026-05-02 07:15:00+08:00,24.81,73.2,394.0,0,2.061
2026-05-02 07:20:00+08:00,25.82,76.9,398.0,0,2.638
2026-05-02 07:25:00+08:00,25.58,78.4,391.0,0,2.507
2026-05-02 07:30:00+08:00,25.66,81.2,384.0,0,2.618
2026-05-02 07:30:00+08:00,25.66,81.2,384.0,0,2.618
2026-05-02 07:35:00+08:00,26.52,78.1,382.0,0,2.585
2026-05-02 07:40:00+08:00,25.66,76.3,394.0,0,2.413
2026-05-02 07:45:00+08:00,25.98,79.9,400.0,0,2.319
2026-05-02 07:50:00+08:00,26.19,77.7,413.0,0,2.661
2026-05-02 07:55:00+08:00,25.78,76.9,413.0,0,2.428
2026-05-02 08:00:00+08:00,26.54,79.7,414.0,0,2.409
2026-05-02 08:05:00+08:00,26.4,73.7,413.0,0,2.271
2026-05-02 08:10:00+08:00,26.22,76.5,413.0,0,2.276
2026-05-02 08:15:00+08:00,26.7,77.3,411.0,0,3.031
2026-05-02 08:20:00+08:00,26.65,75.0,418.0,0,2.422
2026-05-02 08:20:00+08:00,26.65,75.0,418.0,0,2.422
2026-05-02 08:25:00+08:00,27.01,77.3,417.0,0,3.027
2026-05-02 08:30:00+08:00,26.69,76.3,410.0,0,2.774
2026-05-02 08:35:00+08:00,27.2,66.0,415.0,0,2.795
2026-05-02 08:40:00+08:00,26.36,75.0,412.0,0,2.844
2026-05-02 08:45:00+08:00,27.38,68.5,410.0,0,3.104
2026-05-02 08:50:00+08:00,26.89,74.6,406.0,0,2.782
2026-05-02 08:55:00+08:00,27.48,73.8,406.0,0,2.646
2026-05-02 09:00:00+08:00,27.63,73.5,410.0,0,3.419
2026-05-02 09:05:00+08:00,27.98,74.7,415.0,0,2.649
2026-05-02 09:10:00+08:00,27.53,77.3,410.0,0,2.902
2026-05-02 09:15:00+08:00,27.0,72.4,410.0,0,2.574
2026-05-02 09:20:00+08:00,27.75,72.6,410.0,0,3.317
2026-05-02 09:25:00+08:00,27.89,72.3,410.0,0,3.355
2026-05-02 09:30:00+08:00,27.01,75.0,418.0,0,2.869
2026-05-02 09:35:00+08:00,28.08,70.3,421.0,0,3.2
2026-05-02 09:40:00+08:00,27.63,68.6,410.0,0,3.237
2026-05-02 09:45:00+08:00,28.25,73.5,404.0,0,3.417
2026-05-02 09:50:00+08:00,28.46,77.0,408.0,0,3.209
2026-05-02 09:55:00+08:00,27.16,76.7,414.0,0,3.258
2026-05-02 10:00:00+08:00,28.02,68.5,415.0,0,3.366
2026-05-02 10:05:00+08:00,28.31,71.5,405.0,0,3.17
2026-05-02 10:10:00+08:00,28.18,71.6,415.0,0,3.211
2026-05-02 10:15:00+08:00,28.72,70.7,426.0,0,3.349
2026-05-02 10:20:00+08:00,29.14,71.8,433.0,0,3.164
2026-05-02 10:25:00+08:00,28.22,74.9,428.0,0,3.013
2026-05-02 10:30:00+08:00,29.57,73.0,432.0,0,3.378
2026-05-02 10:35:00+08:00,27.92,70.1,424.0,0,3.033
2026-05-02 10:40:00+08:00,27.91,74.7,428.0,0,3.075
2026-05-02 10:45:00+08:00,28.9,68.6,423.0,0,3.488
2026-05-02 10:50:00+08:00,29.14,71.2,424.0,0,3.766
2026-05-02 10:55:00+08:00,28.31,72.7,426.0,0,3.023
2026-05-02 11:00:00+08:00,29.5,68.4,421.0,0,3.49
2026-05-02 11:05:00+08:00,28.17,74.4,424.0,0,3.344
2026-05-02 11:10:00+08:00,29.95,66.9,425.0,0,3.732
2026-05-02 11:15:00+08:00,29.27,67.8,426.0,0,3.923
2026-05-02 11:20:00+08:00,28.96,69.1,428.0,0,3.735
2026-05-02 11:25:00+08:00,29.49,70.5,423.0,0,3.866
2026-05-02 11:30:00+08:00,29.21,69.9,423.0,0,3.454
2026-05-02 11:35:00+08:00,29.28,69.3,426.0,0,3.687
2026-05-02 11:40:00+08:00,29.68,67.8,423.0,0,3.391
2026-05-02 11:45:00+08:00,29.31,70.5,422.0,0,3.49
2026-05-02 11:50:00+08:00,30.55,66.5,419.0,0,4.029
2026-05-02 11:55:00+08:00,29.77,69.2,412.0,0,3.83
2026-05-02 12:00:00+08:00,28.7,65.7,417.0,0,3.652
2026-05-02 12:05:00+08:00,29.4,68.4,414.0,0,3.79
2026-05-02 12:10:00+08:00,29.88,65.1,418.0,0,3.833
2026-05-02 12:15:00+08:00,29.78,69.0,413.0,0,3.477
2026-05-02 12:20:00+08:00,29.52,71.4,406.0,0,3.681
2026-05-02 12:25:00+08:00,29.51,71.4,410.0,0,3.844
2026-05-02 12:30:00+08:00,29.73,69.4,421.0,0,3.629
2026-05-02 12:35:00+08:00,30.04,72.3,420.0,0,3.899
2026-05-02 12:40:00+08:00,30.12,68.7,430.0,0,3.664
2026-05-02 12:45:00+08:00,30.26,66.9,427.0,0,3.682
2026-05-02 12:50:00+08:00,30.42,69.2,422.0,0,3.886
2026-05-02 12:55:00+08:00,30.15,66.6,427.0,0,4.154
2026-05-02 13:00:00+08:00,30.95,67.8,429.0,0,3.718
2026-05-02 13:05:00+08:00,30.09,72.9,419.0,0,3.584
2026-05-02 13:10:00+08:00,29.57,69.9,416.0,0,3.885
2026-05-02 13:15:00+08:00,30.44,66.8,422.0,0,4.016
2026-05-02 13:20:00+08:00,30.13,67.8,421.0,0,3.711
2026-05-02 13:25:00+08:00,29.98,70.5,413.0,0,3.488
2026-05-02 13:30:00+08:00,30.99,66.0,413.0,0,3.703
2026-05-02 13:35:00+08:00,30.1,69.9,404.0,0,3.924
2026-05-02 13:40:00+08:00,30.5,69.2,409.0,0,3.841
2026-05-02 13:45:00+08:00,30.87,67.1,413.0,0,4.042
2026-05-02 13:50:00+08:00,30.55,70.4,413.0,0,3.927
2026-05-02 13:55:00+08:00,31.14,63.9,416.0,0,4.047
2026-05-02 14:00:00+08:00,30.52,69.7,413.0,0,4.076
2026-05-02 14:05:00+08:00,30.1,68.5,420.0,0,3.987
2026-05-02 14:10:00+08:00,30.9,66.4,418.0,0,4.211
2026-05-02 14:15:00+08:00,31.07,70.4,423.0,0,4.231
2026-05-02 14:20:00+08:00,30.55,65.4,422.0,0,4.118
2026-05-02 14:25:00+08:00,30.83,66.8,422.0,0,4.173
2026-05-02 14:30:00+08:00,30.5,-999.0,419.0,0,3.912
2026-05-02 14:35:00+08:00,30.92,67.3,418.0,0,4.108
2026-05-02 14:40:00+08:00,30.29,74.1,412.0,0,4.166
2026-05-02 14:45:00+08:00,30.23,68.4,413.0,0,4.039
2026-05-02 14:50:00+08:00,30.89,66.2,417.0,0,3.919
2026-05-02 14:55:00+08:00,30.85,66.8,417.0,0,3.735
2026-05-02 15:00:00+08:00,30.16,68.8,419.0,0,4.021
2026-05-02 15:05:00+08:00,30.56,66.0,422.0,0,4.027
2026-05-02 15:10:00+08:00,30.62,70.2,425.0,0,4.076
2026-05-02 15:15:00+08:00,30.74,67.9,422.0,0,4.01
2026-05-02 15:20:00+08:00,30.94,67.3,417.0,0,3.532
2026-05-02 15:25:00+08:00,30.88,65.5,418.0,0,4.098
2026-05-02 15:30:00+08:00,30.47,67.3,418.0,0,3.747
2026-05-02 15:35:00+08:00,31.16,66.7,427.0,0,4.5
2026-05-02 15:40:00+08:00,30.51,67.2,434.0,0,4.455
2026-05-02 15:45:00+08:00,30.46,68.0,430.0,0,3.904
2026-05-02 15:50:00+08:00,30.97,68.0,425.0,0,4.001
2026-05-02 15:55:00+08:00,30.7,67.3,427.0,0,3.993
2026-05-02 16:00:00+08:00,30.7,66.4,420.0,0,3.612
2026-05-02 16:05:00+08:00,31.38,62.8,415.0,0,3.917
2026-05-02 16:10:00+08:00,30.91,63.8,409.0,0,4.134
2026-05-02 16:15:00+08:00,31.07,69.4,409.0,0,4.085
2026-05-02 16:20:00+08:00,30.4,66.3,409.0,0,4.095
2026-05-02 16:25:00+08:00,29.86,69.5,413.0,0,3.583
2026-05-02 16:30:00+08:00,30.78,68.2,412.0,0,3.934
2026-05-02 16:35:00+08:00,30.41,68.3,420.0,0,3.891
2026-05-02 16:40:00+08:00,30.14,71.1,424.0,0,3.633
2026-05-02 16:45:00+08:00,29.74,66.9,424.0,0,3.996
2026-05-02 16:50:00+08:00,30.38,66.5,428.0,0,4.113
2026-05-02 16:55:00+08:00,30.48,72.3,420.0,0,3.965
2026-05-02 17:00:00+08:00,30.03,68.7,419.0,0,3.929
2026-05-02 17:05:00+08:00,30.49,71.5,416.0,0,3.934
2026-05-02 17:10:00+08:00,30.62,64.6,418.0,0,3.742
2026-05-02 17:15:00+08:00,29.09,65.2,419.0,0,3.554
2026-05-02 17:20:00+08:00,29.75,71.0,412.0,0,3.792
2026-05-02 17:25:00+08:00,30.04,65.0,412.0,0,3.567
2026-05-02 17:30:00+08:00,29.92,69.8,416.0,0,3.634
2026-05-02 17:35:00+08:00,30.49,68.5,416.0,0,3.83
2026-05-02 17:40:00+08:00,30.28,70.4,418.0,0,3.511
2026-05-02 17:45:00+08:00,29.77,69.4,417.0,0,3.446
2026-05-02 17:50:00+08:00,30.11,71.2,416.0,0,3.848
2026-05-02 17:55:00+08:00,29.99,67.5,416.0,0,3.742
2026-05-02 18:00:00+08:00,29.34,72.4,411.0,0,3.324
2026-05-02 18:05:00+08:00,29.73,70.4,414.0,0,3.57
2026-05-02 18:10:00+08:00,29.32,72.0,415.0,0,3.865
2026-05-02 18:15:00+08:00,29.08,71.6,413.0,0,3.294
2026-05-02 18:20:00+08:00,29.88,62.4,413.0,0,3.792
2026-05-02 18:25:00+08:00,29.64,69.8,416.0,0,3.653
2026-05-02 18:30:00+08:00,29.17,67.6,415.0,0,3.349
2026-05-02 18:35:00+08:00,29.19,72.4,415.0,0,3.414
2026-05-02 18:40:00+08:00,29.25,71.5,419.0,0,3.538
2026-05-02 18:45:00+08:00,29.64,67.7,430.0,0,3.698
2026-05-02 18:50:00+08:00,29.33,72.5,432.0,0,3.423
2026-05-02 18:55:00+08:00,29.2,74.2,428.0,0,3.809
2026-05-02 19:00:00+08:00,28.63,71.7,425.0,0,3.23
2026-05-02 19:05:00+08:00,28.75,73.4,422.0,0,3.288
2026-05-02 19:10:00+08:00,29.04,70.8,423.0,0,3.75
2026-05-02 19:15:00+08:00,28.25,73.5,424.0,0,3.2
2026-05-02 19:20:00+08:00,28.21,72.6,423.0,0,3.073
2026-05-02 19:25:00+08:00,29.53,67.8,428.0,0,3.498
2026-05-02 19:30:00+08:00,28.49,-999.0,429.0,0,3.145
2026-05-02 19:35:00+08:00,28.92,71.0,421.0,0,3.337
2026-05-02 19:40:00+08:00,27.9,71.8,417.0,0,2.856
2026-05-02 19:45:00+08:00,27.36,75.4,422.0,0,2.962
2026-05-02 19:50:00+08:00,28.49,67.4,414.0,0,3.355
2026-05-02 19:55:00+08:00,27.5,71.5,420.0,0,2.849
2026-05-02 20:00:00+08:00,28.23,71.6,414.0,0,3.044
2026-05-02 20:05:00+08:00,28.39,69.3,416.0,0,3.063
2026-05-02 20:10:00+08:00,27.74,71.4,417.0,0,3.247
2026-05-02 20:15:00+08:00,27.54,74.0,416.0,0,2.835
2026-05-02 20:20:00+08:00,27.95,73.4,414.0,0,3.249
2026-05-02 20:25:00+08:00,28.09,70.4,420.0,0,3.208
2026-05-02 20:30:00+08:00,27.69,75.7,428.0,0,3.128
2026-05-02 20:35:00+08:00,28.1,74.0,429.0,0,2.931
2026-05-02 20:40:00+08:00,28.27,73.0,415.0,0,3.032
2026-05-02 20:45:00+08:00,27.5,76.0,417.0,0,3.181
2026-05-02 20:50:00+08:00,27.47,76.9,407.0,0,3.356
2026-05-02 20:55:00+08:00,26.59,76.7,411.0,0,2.76
2026-05-02 21:00:00+08:00,27.56,69.9,415.0,0,3.087
2026-05-02 21:05:00+08:00,26.86,73.7,414.0,0,2.948
2026-05-02 21:10:00+08:00,26.82,71.3,418.0,0,2.8
2026-05-02 21:15:00+08:00,27.54,69.2,419.0,0,3.076
2026-05-02 21:20:00+08:00,26.4,77.6,423.0,0,2.693
2026-05-02 21:25:00+08:00,27.87,73.5,417.0,0,3.331
2026-05-02 21:30:00+08:00,26.85,74.9,425.0,0,3.113
2026-05-02 21:35:00+08:00,27.39,74.7,418.0,0,2.929
2026-05-02 21:40:00+08:00,27.25,74.6,414.0,0,2.544
2026-05-02 21:45:00+08:00,26.66,75.5,424.0,0,2.664
2026-05-02 21:50:00+08:00,26.72,74.4,433.0,0,2.595
2026-05-02 21:55:00+08:00,26.9,71.1,434.0,0,2.881
2026-05-02 22:00:00+08:00,26.55,75.3,430.0,0,2.543
2026-05-02 22:05:00+08:00,26.71,73.4,432.0,0,2.558
2026-05-02 22:10:00+08:00,26.09,77.4,428.0,0,2.453
2026-05-02 22:15:00+08:00,26.4,74.9,425.0,0,2.72
2026-05-02 22:20:00+08:00,26.05,73.1,422.0,0,2.681
2026-05-02 22:25:00+08:00,27.15,74.7,424.0,0,2.569
2026-05-02 22:30:00+08:00,26.23,78.3,419.0,0,2.129
2026-05-02 22:35:00+08:00,25.72,77.3,415.0,0,2.202
2026-05-02 22:40:00+08:00,25.6,75.7,417.0,0,2.397
2026-05-02 22:45:00+08:00,25.97,74.8,410.0,0,2.756
2026-05-02 22:50:00+08:00,25.28,74.4,407.0,0,2.132
2026-05-02 22:55:00+08:00,24.93,82.8,401.0,0,1.962
2026-05-02 23:00:00+08:00,25.46,76.8,405.0,0,2.249
2026-05-02 23:05:00+08:00,25.06,74.3,403.0,0,2.273
2026-05-02 23:10:00+08:00,25.75,77.3,402.0,0,2.484
2026-05-02 23:15:00+08:00,25.0,79.2,404.0,0,1.884
2026-05-02 23:20:00+08:00,25.81,73.5,405.0,0,2.433
2026-05-02 23:25:00+08:00,24.89,77.0,413.0,0,2.174
2026-05-02 23:30:00+08:00,25.0,76.7,413.0,0,1.817
2026-05-02 23:35:00+08:00,24.67,76.8,418.0,0,1.785
2026-05-02 23:40:00+08:00,25.24,78.9,415.0,0,2.081
2026-05-02 23:45:00+08:00,24.92,74.0,409.0,0,2.188
2026-05-02 23:50:00+08:00,25.23,76.1,414.0,0,2.334
2026-05-02 23:55:00+08:00,24.05,77.0,408.0,0,2.092
2026-05-03 00:00:00+08:00,25.01,76.4,404.0,0,2.303
2026-05-03 00:05:00+08:00,24.72,79.6,412.0,0,2.367
2026-05-03 00:10:00+08:00,25.13,76.8,416.0,0,2.507
2026-05-03 00:15:00+08:00,24.45,76.2,426.0,0,1.844
2026-05-03 00:20:00+08:00,24.86,81.7,422.0,0,2.049
2026-05-03 00:25:00+08:00,24.95,78.3,426.0,0,2.066
2026-05-03 00:30:00+08:00,24.08,79.9,426.0,0,1.867
2026-05-03 00:35:00+08:00,24.7,77.5,425.0,0,2.195
2026-05-03 00:40:00+08:00,25.22,80.1,431.0,0,2.313
2026-05-03 00:45:00+08:00,24.82,79.8,421.0,0,2.16
2026-05-03 00:50:00+08:00,24.64,79.3,419.0,0,1.717
2026-05-03 00:55:00+08:00,24.7,74.8,416.0,0,2.025
2026-05-03 01:00:00+08:00,24.27,82.4,416.0,0,1.706
2026-05-03 01:05:00+08:00,24.0,76.7,410.0,0,1.913
2026-05-03 01:10:00+08:00,23.93,79.6,413.0,0,1.938
2026-05-03 01:15:00+08:00,24.67,80.0,414.0,0,1.705
2026-05-03 01:20:00+08:00,24.05,80.7,412.0,0,1.817
2026-05-03 01:25:00+08:00,23.75,76.6,413.0,0,1.759
2026-05-03 01:30:00+08:00,24.91,80.8,414.0,0,2.078
2026-05-03 01:35:00+08:00,24.12,81.9,414.0,0,1.898
2026-05-03 01:40:00+08:00,23.55,84.4,410.0,0,1.841
2026-05-03 01:45:00+08:00,24.09,77.6,410.0,0,1.647
2026-05-03 01:50:00+08:00,24.53,81.0,412.0,0,2.129
2026-05-03 01:55:00+08:00,23.83,74.8,404.0,0,1.474
2026-05-03 02:00:00+08:00,24.0,80.2,401.0,0,1.896
2026-05-03 02:05:00+08:00,23.76,81.8,410.0,0,1.592
2026-05-03 02:10:00+08:00,23.95,81.3,402.0,0,2.041
2026-05-03 02:15:00+08:00,23.73,84.0,398.0,0,1.88
2026-05-03 02:20:00+08:00,23.55,81.3,394.0,0,1.672
2026-05-03 02:25:00+08:00,23.84,81.1,389.0,0,1.643
2026-05-03 02:30:00+08:00,24.18,79.5,391.0,0,2.019
2026-05-03 02:35:00+08:00,23.8,75.0,394.0,0,1.699
2026-05-03 02:40:00+08:00,24.1,77.6,392.0,0,2.047
2026-05-03 02:45:00+08:00,22.98,86.0,393.0,0,1.521
2026-05-03 02:50:00+08:00,23.74,81.9,398.0,0,1.739
2026-05-03 02:55:00+08:00,23.59,81.7,406.0,0,2.221
2026-05-03 03:00:00+08:00,23.33,82.4,406.0,0,1.709
2026-05-03 03:05:00+08:00,24.43,79.6,417.0,0,1.778
2026-05-03 03:10:00+08:00,23.76,80.3,420.0,0,1.859
2026-05-03 03:15:00+08:00,24.24,79.0,420.0,0,1.871
2026-05-03 03:20:00+08:00,23.48,82.6,423.0,0,1.572
2026-05-03 03:25:00+08:00,24.18,80.8,424.0,0,1.849
2026-05-03 03:30:00+08:00,23.71,82.0,423.0,0,1.597
2026-05-03 03:35:00+08:00,23.5,82.1,416.0,0,1.632
2026-05-03 03:40:00+08:00,24.06,80.9,408.0,0,1.652
2026-05-03 03:45:00+08:00,24.28,80.0,401.0,0,1.984
2026-05-03 03:50:00+08:00,23.41,81.4,399.0,0,1.44
2026-05-03 03:55:00+08:00,23.54,80.2,395.0,0,1.752
2026-05-03 04:00:00+08:00,23.55,81.6,405.0,0,1.353
2026-05-03 04:05:00+08:00,24.62,79.8,408.0,0,2.054
2026-05-03 04:10:00+08:00,24.45,80.5,401.0,0,2.171
2026-05-03 04:15:00+08:00,24.56,83.2,398.0,0,2.081
2026-05-03 04:20:00+08:00,24.3,79.6,405.0,0,2.156
2026-05-03 04:20:00+08:00,24.3,79.6,405.0,0,2.156
2026-05-03 04:25:00+08:00,23.93,81.0,405.0,0,1.849
2026-05-03 04:30:00+08:00,23.78,80.0,402.0,0,1.741
2026-05-03 04:35:00+08:00,24.1,82.9,395.0,0,1.783
2026-05-03 04:40:00+08:00,24.28,77.6,394.0,0,2.181
2026-05-03 04:45:00+08:00,24.69,81.2,396.0,0,1.591
2026-05-03 04:50:00+08:00,23.95,76.5,404.0,0,1.922
2026-05-03 04:55:00+08:00,24.34,81.1,405.0,0,2.43
2026-05-03 05:00:00+08:00,23.64,80.6,410.0,0,1.603
2026-05-03 05:05:00+08:00,24.18,80.9,413.0,0,1.907
2026-05-03 05:10:00+08:00,24.83,79.2,419.0,0,2.387
2026-05-03 05:15:00+08:00,25.0,78.6,417.0,0,2.124
2026-05-03 05:20:00+08:00,24.14,78.4,423.0,0,2.046
2026-05-03 05:25:00+08:00,24.09,81.0,424.0,0,2.056
2026-05-03 05:30:00+08:00,25.17,76.8,424.0,0,2.222
2026-05-03 05:35:00+08:00,24.66,80.1,419.0,0,1.606
2026-05-03 05:40:00+08:00,25.0,76.4,414.0,0,2.36
2026-05-03 05:45:00+08:00,24.37,77.9,415.0,0,1.982
2026-05-03 05:50:00+08:00,24.73,74.1,422.0,0,2.258
2026-05-03 05:55:00+08:00,24.81,76.5,416.0,0,2.287
2026-05-03 06:00:00+08:00,24.62,78.8,422.0,0,2.058
2026-05-03 06:05:00+08:00,24.76,82.4,422.0,0,1.928
2026-05-03 06:10:00+08:00,25.4,78.0,421.0,0,2.171
2026-05-03 06:15:00+08:00,25.8,81.7,423.0,0,2.835
2026-05-03 06:20:00+08:00,24.91,81.3,422.0,0,2.117
2026-05-03 06:25:00+08:00,25.47,75.3,428.0,0,2.221
2026-05-03 06:30:00+08:00,26.17,77.1,435.0,0,2.223
2026-05-03 06:35:00+08:00,25.7,75.7,433.0,0,2.254
2026-05-03 06:40:00+08:00,25.88,76.5,437.0,0,2.085
2026-05-03 06:45:00+08:00,25.95,81.1,433.0,0,2.669
2026-05-03 06:50:00+08:00,25.25,79.2,432.0,0,2.114
2026-05-03 06:55:00+08:00,25.71,76.5,430.0,0,2.532
2026-05-03 07:00:00+08:00,25.7,74.3,427.0,0,2.61
2026-05-03 07:05:00+08:00,25.53,78.5,437.0,0,2.412
2026-05-03 07:10:00+08:00,25.92,76.9,441.0,0,2.163
2026-05-03 07:15:00+08:00,25.25,75.0,439.0,0,2.007
2026-05-03 07:20:00+08:00,26.12,77.3,442.0,0,2.563
2026-05-03 07:25:00+08:00,26.58,76.3,444.0,0,2.651
2026-05-03 07:30:00+08:00,26.58,77.1,441.0,0,2.611
2026-05-03 07:35:00+08:00,25.66,78.2,447.0,0,2.436
2026-05-03 07:40:00+08:00,26.72,72.3,449.0,0,2.396
2026-05-03 07:45:00+08:00,25.9,75.2,450.0,0,2.481
2026-05-03 07:50:00+08:00,25.81,78.5,444.0,0,2.621
2026-05-03 07:55:00+08:00,26.28,74.2,447.0,0,2.497
2026-05-03 08:00:00+08:00,26.44,78.4,443.0,0,2.578
2026-05-03 08:05:00+08:00,26.14,75.8,438.0,0,2.685
2026-05-03 08:10:00+08:00,26.56,74.6,439.0,0,2.468
2026-05-03 08:15:00+08:00,27.09,72.4,426.0,0,2.906
2026-05-03 08:20:00+08:00,26.99,72.4,423.0,0,2.382
2026-05-03 08:25:00+08:00,26.82,72.8,420.0,0,2.72
2026-05-03 08:30:00+08:00,27.05,75.1,414.0,0,2.678
2026-05-03 08:35:00+08:00,27.11,77.7,412.0,0,2.796
2026-05-03 08:40:00+08:00,26.41,77.1,412.0,0,2.597
2026-05-03 08:45:00+08:00,26.88,69.0,415.0,0,2.943
2026-05-03 08:50:00+08:00,26.96,73.1,420.0,0,2.74
2026-05-03 08:55:00+08:00,27.51,70.1,416.0,0,2.86
2026-05-03 09:00:00+08:00,28.05,74.6,417.0,0,3.072
2026-05-03 09:05:00+08:00,27.41,76.4,427.0,0,2.996
2026-05-03 09:10:00+08:00,27.47,74.7,429.0,0,2.984
2026-05-03 09:15:00+08:00,28.22,69.3,438.0,0,2.984
2026-05-03 09:20:00+08:00,27.44,76.6,436.0,0,3.073
2026-05-03 09:25:00+08:00,27.34,68.7,439.0,0,3.193
2026-05-03 09:30:00+08:00,27.81,71.4,428.0,0,2.944
2026-05-03 09:35:00+08:00,28.71,71.3,433.0,0,3.253
2026-05-03 09:40:00+08:00,27.69,72.5,433.0,0,2.783
2026-05-03 09:45:00+08:00,27.91,71.1,430.0,0,3.152
2026-05-03 09:50:00+08:00,28.19,75.2,430.0,0,3.098
2026-05-03 09:55:00+08:00,28.6,71.3,431.0,0,3.271
2026-05-03 10:00:00+08:00,28.22,67.4,435.0,0,2.968
2026-05-03 10:05:00+08:00,27.98,73.2,429.0,0,3.218
2026-05-03 10:10:00+08:00,28.01,68.5,435.0,0,3.186
2026-05-03 10:15:00+08:00,28.94,69.7,431.0,0,3.191
2026-05-03 10:20:00+08:00,27.74,77.8,421.0,0,3.267
2026-05-03 10:25:00+08:00,28.24,72.6,425.0,0,3.419
2026-05-03 10:30:00+08:00,29.25,69.8,424.0,0,3.695
2026-05-03 10:35:00+08:00,29.25,66.9,426.0,0,3.482
2026-05-03 10:40:00+08:00,29.33,72.4,432.0,0,3.741
2026-05-03 10:45:00+08:00,28.62,68.5,431.0,0,3.325
2026-05-03 10:50:00+08:00,28.94,71.3,425.0,0,3.472
2026-05-03 10:55:00+08:00,28.2,70.3,422.0,0,3.082
2026-05-03 11:00:00+08:00,29.16,71.2,423.0,0,3.395
2026-05-03 11:05:00+08:00,28.83,74.6,426.0,0,3.089
2026-05-03 11:10:00+08:00,29.56,70.2,427.0,0,3.921
2026-05-03 11:15:00+08:00,29.7,67.5,430.0,0,3.428
2026-05-03 11:20:00+08:00,28.81,72.0,425.0,0,3.264
2026-05-03 11:25:00+08:00,29.86,73.9,426.0,0,3.501
2026-05-03 11:30:00+08:00,29.28,70.9,429.0,0,3.536
2026-05-03 11:35:00+08:00,28.91,72.0,436.0,0,3.471
2026-05-03 11:40:00+08:00,29.93,69.2,436.0,0,3.563
2026-05-03 11:45:00+08:00,29.07,69.2,432.0,0,3.78
2026-05-03 11:50:00+08:00,29.59,70.7,434.0,0,3.795
2026-05-03 11:55:00+08:00,29.82,69.1,424.0,0,3.549
2026-05-03 12:00:00+08:00,29.49,75.0,424.0,0,3.407
2026-05-03 12:05:00+08:00,29.79,68.0,430.0,0,3.638
2026-05-03 12:10:00+08:00,29.35,67.5,422.0,0,3.464
2026-05-03 12:15:00+08:00,29.4,71.1,418.0,0,3.761
2026-05-03 12:20:00+08:00,29.93,64.4,420.0,0,3.483
2026-05-03 12:25:00+08:00,30.03,67.8,435.0,0,3.513
2026-05-03 12:30:00+08:00,29.66,69.6,433.0,0,3.465
2026-05-03 12:35:00+08:00,30.52,71.3,441.0,0,3.811
2026-05-03 12:40:00+08:00,30.22,67.1,441.0,0,3.883
2026-05-03 12:45:00+08:00,29.81,70.4,435.0,0,3.709
2026-05-03 12:50:00+08:00,30.18,66.9,423.0,0,3.607
2026-05-03 12:55:00+08:00,29.91,66.5,427.0,0,3.722
2026-05-03 13:00:00+08:00,30.0,69.9,431.0,0,3.826
2026-05-03 13:05:00+08:00,30.44,70.1,425.0,0,4.153
2026-05-03 13:10:00+08:00,29.92,69.5,425.0,0,3.736
2026-05-03 13:15:00+08:00,29.92,70.8,422.0,0,3.955
2026-05-03 13:20:00+08:00,30.67,68.6,423.0,0,4.096
2026-05-03 13:25:00+08:00,30.55,65.0,422.0,0,3.677
2026-05-03 13:30:00+08:00,31.33,67.1,411.0,0,3.996
2026-05-03 13:35:00+08:00,30.33,67.9,408.0,0,3.947
2026-05-03 13:40:00+08:00,31.29,68.5,411.0,0,3.974
2026-05-03 13:45:00+08:00,30.18,72.1,411.0,0,3.601
2026-05-03 13:50:00+08:00,30.31,69.5,405.0,0,3.996
2026-05-03 13:55:00+08:00,30.29,69.3,404.0,0,3.948
2026-05-03 14:00:00+08:00,30.7,68.3,404.0,0,4.025
2026-05-03 14:05:00+08:00,30.92,68.4,404.0,0,4.017
2026-05-03 14:10:00+08:00,31.28,63.1,400.0,0,4.328
2026-05-03 14:15:00+08:00,30.27,68.4,403.0,0,3.497
2026-05-03 14:20:00+08:00,30.41,70.7,400.0,0,4.15
2026-05-03 14:25:00+08:00,31.24,66.1,398.0,0,4.355
2026-05-03 14:30:00+08:00,29.63,70.8,405.0,0,3.388
2026-05-03 14:35:00+08:00,30.49,65.8,399.0,0,3.99
2026-05-03 14:40:00+08:00,30.27,66.9,400.0,0,3.892
2026-05-03 14:45:00+08:00,31.01,66.2,399.0,0,3.928
2026-05-03 14:50:00+08:00,31.3,70.3,399.0,0,3.865
2026-05-03 14:55:00+08:00,30.91,68.6,413.0,0,3.82
2026-05-03 15:00:00+08:00,31.25,67.3,413.0,0,4.207
2026-05-03 15:05:00+08:00,30.8,64.9,412.0,0,4.336
2026-05-03 15:10:00+08:00,30.61,67.1,410.0,0,4.5
2026-05-03 15:15:00+08:00,30.32,66.5,417.0,0,3.634
2026-05-03 15:20:00+08:00,30.87,67.4,412.0,0,3.962
2026-05-03 15:25:00+08:00,30.67,68.6,412.0,0,4.023
2026-05-03 15:30:00+08:00,30.37,67.7,417.0,0,3.67
2026-05-03 15:35:00+08:00,31.16,67.5,416.0,0,3.95
2026-05-03 15:40:00+08:00,31.41,61.6,415.0,0,4.28
2026-05-03 15:45:00+08:00,30.62,64.9,420.0,0,3.984
2026-05-03 15:50:00+08:00,31.57,63.8,419.0,0,3.886
2026-05-03 15:55:00+08:00,30.51,67.8,426.0,0,4.216
2026-05-03 16:00:00+08:00,30.16,62.5,423.0,0,4.055
2026-05-03 16:05:00+08:00,30.45,68.1,424.0,0,3.719
2026-05-03 16:10:00+08:00,30.95,62.8,433.0,0,3.981
2026-05-03 16:15:00+08:00,30.96,63.7,437.0,0,3.968
2026-05-03 16:20:00+08:00,30.27,67.8,431.0,0,3.936
2026-05-03 16:25:00+08:00,30.63,69.8,425.0,0,4.404
2026-05-03 16:25:00+08:00,30.63,69.8,425.0,0,4.404
2026-05-03 16:30:00+08:00,30.04,71.2,428.0,0,3.657
2026-05-03 16:35:00+08:00,30.01,72.4,427.0,0,3.837
2026-05-03 16:40:00+08:00,30.79,67.4,431.0,0,3.97
2026-05-03 16:45:00+08:00,29.75,68.4,426.0,0,3.771
2026-05-03 16:50:00+08:00,30.86,66.8,420.0,0,3.842
2026-05-03 16:55:00+08:00,30.46,67.8,416.0,0,4.212
2026-05-03 17:00:00+08:00,30.3,72.1,422.0,0,3.755
2026-05-03 17:05:00+08:00,29.85,69.2,417.0,0,3.843
2026-05-03 17:10:00+08:00,29.47,69.2,416.0,0,3.79
2026-05-03 17:15:00+08:00,30.26,72.1,419.0,0,4.007
2026-05-03 17:20:00+08:00,30.46,65.0,424.0,0,3.694
2026-05-03 17:25:00+08:00,29.88,69.1,434.0,0,3.897
2026-05-03 17:30:00+08:00,30.52,65.5,433.0,0,4.073
2026-05-03 17:35:00+08:00,30.2,71.0,430.0,0,4.063
2026-05-03 17:40:00+08:00,30.03,69.1,426.0,0,3.791
2026-05-03 17:45:00+08:00,29.75,67.5,426.0,0,4.15
2026-05-03 17:50:00+08:00,29.89,68.1,427.0,0,3.582
2026-05-03 17:55:00+08:00,28.8,68.1,432.0,0,3.558
2026-05-03 18:00:00+08:00,29.47,67.1,432.0,0,3.589
2026-05-03 18:05:00+08:00,30.17,65.4,431.0,0,3.867
2026-05-03 18:10:00+08:00,29.4,71.3,432.0,0,3.705
2026-05-03 18:15:00+08:00,29.27,73.4,426.0,0,3.375
2026-05-03 18:20:00+08:00,29.58,68.7,434.0,0,3.453
2026-05-03 18:25:00+08:00,30.23,73.1,435.0,0,3.663
2026-05-03 18:30:00+08:00,29.09,69.1,435.0,0,3.474
2026-05-03 18:35:00+08:00,29.44,65.6,435.0,0,3.113
2026-05-03 18:40:00+08:00,29.08,74.7,426.0,0,3.379
2026-05-03 18:45:00+08:00,29.34,72.1,427.0,0,3.79
2026-05-03 18:50:00+08:00,29.18,70.9,419.0,0,3.424
2026-05-03 18:55:00+08:00,29.31,70.2,421.0,0,3.778
2026-05-03 19:00:00+08:00,29.16,74.3,424.0,0,3.393
2026-05-03 19:05:00+08:00,28.82,63.1,422.0,0,3.513
2026-05-03 19:10:00+08:00,28.74,69.9,428.0,0,3.136
2026-05-03 19:15:00+08:00,28.71,69.6,429.0,0,3.675
2026-05-03 19:20:00+08:00,28.61,72.5,425.0,0,3.252
2026-05-03 19:25:00+08:00,28.62,72.1,421.0,0,3.092
2026-05-03 19:30:00+08:00,28.37,72.5,422.0,0,3.182
2026-05-03 19:35:00+08:00,28.22,70.5,427.0,0,3.304
2026-05-03 19:40:00+08:00,28.22,70.2,420.0,0,2.945
2026-05-03 19:45:00+08:00,28.69,72.8,418.0,0,3.023
2026-05-03 19:50:00+08:00,28.11,70.7,419.0,0,3.112
2026-05-03 19:55:00+08:00,29.18,69.3,423.0,0,3.28
2026-05-03 20:00:00+08:00,28.2,70.2,427.0,0,2.81
2026-05-03 20:05:00+08:00,27.55,69.6,420.0,0,3.249
2026-05-03 20:10:00+08:00,28.13,68.4,417.0,0,3.461
2026-05-03 20:15:00+08:00,28.82,70.6,416.0,0,3.449
2026-05-03 20:20:00+08:00,27.97,74.5,414.0,0,3.373
2026-05-03 20:25:00+08:00,27.78,73.9,423.0,0,3.034
2026-05-03 20:30:00+08:00,28.56,73.1,425.0,0,3.357
2026-05-03 20:35:00+08:00,27.69,72.0,431.0,0,2.944
2026-05-03 20:40:00+08:00,27.82,72.2,433.0,0,2.982
2026-05-03 20:45:00+08:00,28.24,74.3,435.0,0,3.03
2026-05-03 20:50:00+08:00,27.89,67.2,433.0,0,3.492
2026-05-03 20:55:00+08:00,27.01,74.7,428.0,0,2.976
2026-05-03 21:00:00+08:00,27.6,74.9,436.0,0,2.789
2026-05-03 21:05:00+08:00,26.98,79.0,427.0,0,3.124
2026-05-03 21:10:00+08:00,26.97,78.6,434.0,0,2.79
2026-05-03 21:15:00+08:00,26.82,73.1,437.0,0,2.578
2026-05-03 21:20:00+08:00,26.47,73.8,432.0,0,2.707
2026-05-03 21:25:00+08:00,27.17,74.2,426.0,0,3.109
2026-05-03 21:30:00+08:00,26.84,72.8,422.0,0,2.76
2026-05-03 21:35:00+08:00,27.75,71.4,431.0,0,2.814
2026-05-03 21:40:00+08:00,26.9,76.0,426.0,0,2.353
2026-05-03 21:45:00+08:00,26.71,70.8,428.0,0,2.589
2026-05-03 21:50:00+08:00,25.95,-999.0,427.0,0,2.378
2026-05-03 21:55:00+08:00,26.54,77.7,417.0,0,3.253
2026-05-03 22:00:00+08:00,26.42,81.6,410.0,0,2.482
2026-05-03 22:05:00+08:00,26.67,71.5,409.0,0,2.55
2026-05-03 22:10:00+08:00,25.89,76.3,403.0,0,2.628
2026-05-03 22:15:00+08:00,25.31,77.3,405.0,0,2.593
2026-05-03 22:20:00+08:00,25.82,74.2,404.0,0,2.624
2026-05-03 22:25:00+08:00,25.85,73.5,406.0,0,2.417
2026-05-03 22:30:00+08:00,25.79,81.0,407.0,0,2.43
2026-05-03 22:35:00+08:00,26.0,76.5,415.0,0,2.355
2026-05-03 22:40:00+08:00,25.93,74.8,410.0,0,2.611
2026-05-03 22:45:00+08:00,25.2,76.4,407.0,0,2.514
2026-05-03 22:50:00+08:00,25.76,78.6,413.0,0,2.164
2026-05-03 22:55:00+08:00,25.6,74.3,423.0,0,2.447
2026-05-03 23:00:00+08:00,25.72,76.5,432.0,0,2.626
2026-05-03 23:05:00+08:00,25.13,76.8,438.0,0,2.076
2026-05-03 23:10:00+08:00,25.6,79.8,436.0,0,2.572
2026-05-03 23:15:00+08:00,25.65,78.6,428.0,0,2.16
2026-05-03 23:20:00+08:00,24.75,80.6,432.0,0,2.128
2026-05-03 23:25:00+08:00,25.18,77.4,427.0,0,2.368
2026-05-03 23:30:00+08:00,25.06,80.1,430.0,0,1.88
2026-05-03 23:35:00+08:00,25.2,79.2,424.0,0,2.206
2026-05-03 23:40:00+08:00,24.68,77.7,434.0,0,1.942
2026-05-03 23:45:00+08:00,25.76,75.7,440.0,0,2.654
2026-05-03 23:50:00+08:00,24.71,81.2,443.0,0,2.139
2026-05-03 23:55:00+08:00,25.87,74.7,430.0,0,2.078
2026-05-04 00:00:00+08:00,24.94,80.8,421.0,0,2.267
2026-05-04 00:05:00+08:00,25.38,75.0,417.0,0,1.988
2026-05-04 00:10:00+08:00,24.53,76.6,417.0,0,1.753
2026-05-04 00:15:00+08:00,24.52,78.7,416.0,0,2.021
2026-05-04 00:20:00+08:00,24.83,78.7,424.0,0,2.144
2026-05-04 00:25:00+08:00,24.18,81.1,430.0,0,1.582
2026-05-04 00:30:00+08:00,24.75,78.0,434.0,0,2.247
2026-05-04 00:35:00+08:00,24.63,76.3,428.0,0,1.899
2026-05-04 00:40:00+08:00,24.53,74.9,416.0,0,2.025
2026-05-04 00:45:00+08:00,24.6,77.3,418.0,0,1.944
2026-05-04 00:50:00+08:00,24.55,79.5,420.0,0,1.976
2026-05-04 00:55:00+08:00,24.26,81.8,423.0,0,1.728
2026-05-04 01:00:00+08:00,23.95,83.4,427.0,0,2.377
2026-05-04 01:05:00+08:00,24.74,79.6,428.0,0,2.022
2026-05-04 01:10:00+08:00,24.93,78.4,424.0,0,1.812
2026-05-04 01:15:00+08:00,23.61,79.0,419.0,0,1.568
2026-05-04 01:20:00+08:00,24.73,82.4,424.0,0,1.763
2026-05-04 01:25:00+08:00,24.0,76.7,429.0,0,2.158
2026-05-04 01:30:00+08:00,23.81,82.2,431.0,0,2.132
2026-05-04 01:35:00+08:00,23.04,79.0,439.0,0,1.576
2026-05-04 01:40:00+08:00,24.32,79.6,430.0,0,1.853
2026-05-04 01:45:00+08:00,23.96,81.1,424.0,0,1.806
2026-05-04 01:45:00+08:00,23.96,81.1,424.0,0,1.806
2026-05-04 01:50:00+08:00,24.41,85.6,427.0,0,1.84
2026-05-04 01:55:00+08:00,24.06,82.6,425.0,0,1.917
2026-05-04 02:00:00+08:00,24.17,79.7,429.0,0,1.632
2026-05-04 02:05:00+08:00,23.76,81.1,431.0,0,1.79
2026-05-04 02:10:00+08:00,23.97,78.1,429.0,0,1.898
2026-05-04 02:15:00+08:00,24.6,78.6,432.0,0,2.013
2026-05-04 02:20:00+08:00,24.44,79.5,432.0,0,1.861
2026-05-04 02:25:00+08:00,24.0,78.6,433.0,0,1.8
2026-05-04 02:30:00+08:00,23.99,76.0,431.0,0,2.281
2026-05-04 02:35:00+08:00,24.27,82.5,425.0,0,1.787
2026-05-04 02:40:00+08:00,23.47,82.6,424.0,0,1.778
2026-05-04 02:45:00+08:00,24.61,81.4,429.0,0,1.631
2026-05-04 02:50:00+08:00,23.46,80.6,426.0,0,1.611
2026-05-04 02:55:00+08:00,25.15,75.1,423.0,0,2.197
2026-05-04 03:00:00+08:00,24.81,78.7,427.0,0,2.049
2026-05-04 03:05:00+08:00,23.74,82.0,431.0,0,2.054
2026-05-04 03:10:00+08:00,23.85,77.8,429.0,0,2.095
2026-05-04 03:15:00+08:00,23.8,82.4,424.0,0,1.589
2026-05-04 03:20:00+08:00,23.54,84.8,421.0,0,1.631
2026-05-04 03:25:00+08:00,23.86,80.0,424.0,0,1.699
2026-05-04 03:30:00+08:00,23.2,80.4,420.0,0,1.445
2026-05-04 03:35:00+08:00,23.31,79.2,420.0,0,1.571
2026-05-04 03:40:00+08:00,23.41,81.2,420.0,0,1.45
2026-05-04 03:45:00+08:00,24.51,82.5,420.0,0,1.927
2026-05-04 03:50:00+08:00,23.48,79.3,405.0,0,1.864
2026-05-04 03:55:00+08:00,23.65,78.3,402.0,0,2.006
2026-05-04 04:00:00+08:00,23.95,74.6,400.0,0,1.735
2026-05-04 04:05:00+08:00,24.47,80.4,397.0,0,1.605
2026-05-04 04:10:00+08:00,24.06,81.8,407.0,0,2.077
2026-05-04 04:15:00+08:00,23.92,80.5,409.0,0,1.759
2026-05-04 04:20:00+08:00,24.78,75.2,406.0,0,2.097
2026-05-04 04:25:00+08:00,24.16,76.2,406.0,0,1.698
2026-05-04 04:30:00+08:00,24.08,79.4,413.0,0,2.035
2026-05-04 04:35:00+08:00,24.54,78.0,408.0,0,2.065
2026-05-04 04:40:00+08:00,24.63,79.5,413.0,0,2.201
2026-05-04 04:45:00+08:00,24.08,82.0,418.0,0,1.839
2026-05-04 04:50:00+08:00,24.17,80.6,415.0,0,1.846
2026-05-04 04:55:00+08:00,24.55,82.1,411.0,0,1.88
2026-05-04 05:00:00+08:00,25.3,79.4,417.0,0,2.185
2026-05-04 05:05:00+08:00,24.5,79.1,417.0,0,2.183
2026-05-04 05:10:00+08:00,24.07,77.0,417.0,0,1.962
2026-05-04 05:15:00+08:00,24.71,78.3,411.0,0,1.765
2026-05-04 05:20:00+08:00,25.25,77.8,407.0,0,1.912
2026-05-04 05:25:00+08:00,24.73,76.8,402.0,0,1.964
2026-05-04 05:30:00+08:00,24.98,81.0,403.0,0,2.463
2026-05-04 05:35:00+08:00,24.86,75.8,413.0,0,2.267
2026-05-04 05:40:00+08:00,25.21,79.7,414.0,0,2.306
2026-05-04 05:45:00+08:00,25.43,79.6,406.0,0,2.466
2026-05-04 05:50:00+08:00,25.7,77.8,399.0,0,2.305
2026-05-04 05:55:00+08:00,24.44,79.7,396.0,0,1.953
2026-05-04 06:00:00+08:00,25.03,79.6,396.0,0,2.228
2026-05-04 06:05:00+08:00,24.66,76.8,398.0,0,2.049
2026-05-04 06:10:00+08:00,25.41,77.4,410.0,0,2.2
2026-05-04 06:15:00+08:00,24.83,78.3,416.0,0,2.217
2026-05-04 06:20:00+08:00,24.61,78.0,416.0,0,2.259
2026-05-04 06:25:00+08:00,24.83,79.3,411.0,0,1.954
2026-05-04 06:30:00+08:00,25.42,78.2,415.0,0,2.159
2026-05-04 06:35:00+08:00,24.74,78.5,409.0,0,2.07
2026-05-04 06:40:00+08:00,25.94,75.7,410.0,0,2.61
2026-05-04 06:45:00+08:00,25.59,75.9,418.0,0,2.392
2026-05-04 06:50:00+08:00,25.04,79.9,413.0,0,2.209
2026-05-04 06:55:00+08:00,25.46,78.2,423.0,0,2.488
2026-05-04 07:00:00+08:00,25.5,77.7,425.0,0,2.359
2026-05-04 07:05:00+08:00,25.32,76.6,426.0,0,2.118
2026-05-04 07:10:00+08:00,25.76,75.7,425.0,0,2.327
2026-05-04 07:15:00+08:00,26.82,73.6,423.0,0,2.68
2026-05-04 07:20:00+08:00,25.57,81.0,414.0,0,2.54
2026-05-04 07:25:00+08:00,25.72,74.4,410.0,0,2.368
2026-05-04 07:30:00+08:00,25.79,78.0,406.0,0,2.659
2026-05-04 07:35:00+08:00,26.1,74.5,411.0,0,2.544
2026-05-04 07:40:00+08:00,25.76,80.6,421.0,0,2.126
2026-05-04 07:45:00+08:00,26.35,76.5,424.0,0,2.521
2026-05-04 07:50:00+08:00,26.01,79.1,428.0,0,2.229
2026-05-04 07:55:00+08:00,26.23,76.5,434.0,0,2.767
2026-05-04 08:00:00+08:00,23.23,81.6,501.0,33,7.34
2026-05-04 08:05:00+08:00,23.01,81.6,574.0,39,7.695
2026-05-04 08:10:00+08:00,22.59,84.4,608.0,27,7.336
2026-05-04 08:15:00+08:00,22.27,81.7,677.0,35,7.176
2026-05-04 08:20:00+08:00,22.86,80.6,716.0,33,7.424
2026-05-04 08:25:00+08:00,23.03,81.6,746.0,27,7.381
2026-05-04 08:25:00+08:00,23.03,81.6,746.0,27,7.381
2026-05-04 08:30:00+08:00,23.5,80.0,784.0,34,7.441
2026-05-04 08:35:00+08:00,22.12,85.8,782.0,17,6.888
2026-05-04 08:40:00+08:00,22.63,80.2,824.0,34,8.023
2026-05-04 08:45:00+08:00,23.19,82.4,831.0,22,7.288
2026-05-04 08:50:00+08:00,24.02,79.7,827.0,17,7.338
2026-05-04 08:55:00+08:00,23.16,79.0,824.0,24,7.481
2026-05-04 09:00:00+08:00,23.16,82.1,840.0,24,7.352
2026-05-04 09:05:00+08:00,23.67,80.8,853.0,26,7.723
2026-05-04 09:10:00+08:00,23.65,78.6,859.0,25,7.51
2026-05-04 09:15:00+08:00,23.97,78.8,873.0,28,7.944
2026-05-04 09:20:00+08:00,23.36,76.6,885.0,28,7.713
2026-05-04 09:25:00+08:00,23.4,75.7,912.0,36,7.931
2026-05-04 09:30:00+08:00,23.23,83.0,930.0,36,7.814
2026-05-04 09:35:00+08:00,23.46,80.4,919.0,22,7.583
2026-05-04 09:40:00+08:00,23.72,77.2,933.0,30,7.747
2026-05-04 09:45:00+08:00,24.45,78.5,954.0,38,8.247
2026-05-04 09:50:00+08:00,24.39,80.4,955.0,25,7.718
2026-05-04 09:55:00+08:00,23.05,78.6,963.0,28,7.632
2026-05-04 10:00:00+08:00,24.31,78.6,990.0,33,8.059
2026-05-04 10:00:00+08:00,24.31,78.6,990.0,33,8.059
2026-05-04 10:05:00+08:00,25.53,77.6,982.0,24,7.881
2026-05-04 10:10:00+08:00,24.41,78.3,982.0,23,7.672
2026-05-04 10:15:00+08:00,25.34,82.0,975.0,23,7.678
2026-05-04 10:20:00+08:00,24.72,79.8,988.0,31,8.252
2026-05-04 10:25:00+08:00,24.75,81.0,1013.0,38,7.888
2026-05-04 10:30:00+08:00,24.62,78.3,1025.0,33,7.972
2026-05-04 10:35:00+08:00,24.63,78.8,1030.0,31,8.073
2026-05-04 10:40:00+08:00,25.21,76.5,1029.0,29,7.824
2026-05-04 10:45:00+08:00,25.21,78.1,1044.0,40,8.521
2026-05-04 10:50:00+08:00,25.39,78.4,1025.0,21,8.058
2026-05-04 10:55:00+08:00,25.34,80.2,1029.0,34,8.234
2026-05-04 11:00:00+08:00,23.92,80.5,1045.0,37,8.079
2026-05-04 11:05:00+08:00,24.99,79.7,1042.0,28,8.139
2026-05-04 11:10:00+08:00,25.82,75.1,1039.0,24,8.313
2026-05-04 11:15:00+08:00,25.77,78.2,1052.0,36,8.462
2026-05-04 11:20:00+08:00,25.3,79.2,1054.0,32,8.1
2026-05-04 11:25:00+08:00,26.5,76.1,1055.0,30,8.634
2026-05-04 11:30:00+08:00,25.26,79.2,1069.0,38,8.142
2026-05-04 11:35:00+08:00,26.3,74.4,1073.0,34,8.558
2026-05-04 11:40:00+08:00,26.12,74.5,1053.0,21,7.793
2026-05-04 11:45:00+08:00,25.79,73.0,1052.0,28,8.169
2026-05-04 11:50:00+08:00,25.85,76.2,1032.0,20,8.203
2026-05-04 11:55:00+08:00,25.78,79.0,1029.0,25,8.125
2026-05-04 12:00:00+08:00,25.92,78.8,991.0,10,7.661
2026-05-04 12:05:00+08:00,26.27,74.8,957.0,10,7.651
2026-05-04 12:10:00+08:00,26.23,75.1,922.0,10,7.828
2026-05-04 12:15:00+08:00,26.65,72.2,891.0,9,8.044
2026-05-04 12:20:00+08:00,25.51,74.6,860.0,9,7.374
2026-05-04 12:25:00+08:00,26.02,75.7,828.0,8,7.818
2026-05-04 12:30:00+08:00,26.27,77.2,804.0,7,7.89
2026-05-04 12:35:00+08:00,26.34,72.4,791.0,12,7.893
2026-05-04 12:40:00+08:00,25.32,80.1,764.0,9,7.414
2026-05-04 12:45:00+08:00,26.72,70.8,750.0,10,8.03
2026-05-04 12:50:00+08:00,25.83,77.6,731.0,8,7.479
2026-05-04 12:55:00+08:00,27.13,75.5,723.0,10,7.896
2026-05-04 13:00:00+08:00,26.57,71.2,735.0,16,8.474
2026-05-04 13:05:00+08:00,26.33,79.1,742.0,17,8.214
2026-05-04 13:10:00+08:00,26.81,72.5,753.0,21,8.425
2026-05-04 13:15:00+08:00,27.01,77.2,811.0,40,9.238
2026-05-04 13:20:00+08:00,27.11,73.8,821.0,24,8.405
2026-05-04 13:25:00+08:00,26.68,73.7,861.0,38,8.983
2026-05-04 13:30:00+08:00,26.27,76.3,890.0,40,8.665
2026-05-04 13:35:00+08:00,26.44,75.5,895.0,25,8.257
2026-05-04 13:40:00+08:00,26.56,71.4,900.0,26,8.482
2026-05-04 13:45:00+08:00,26.88,74.7,924.0,34,9.038
2026-05-04 13:50:00+08:00,26.42,74.1,903.0,20,8.338
2026-05-04 13:55:00+08:00,26.92,76.6,917.0,29,8.611
2026-05-04 14:00:00+08:00,26.52,74.5,923.0,28,8.307
2026-05-04 14:05:00+08:00,26.88,73.2,928.0,26,8.443
2026-05-04 14:10:00+08:00,27.09,67.6,947.0,31,8.677
2026-05-04 14:15:00+08:00,26.45,76.6,932.0,19,7.755
2026-05-04 14:20:00+08:00,26.43,79.2,958.0,32,8.764
2026-05-04 14:25:00+08:00,26.85,77.2,963.0,28,8.684
2026-05-04 14:30:00+08:00,26.8,74.4,957.0,27,8.682
2026-05-04 14:35:00+08:00,27.34,73.4,973.0,34,9.567
2026-05-04 14:40:00+08:00,27.53,71.6,944.0,14,8.49
2026-05-04 14:45:00+08:00,27.46,73.5,955.0,28,9.084
2026-05-04 14:50:00+08:00,26.44,79.0,934.0,20,8.465
2026-05-04 14:55:00+08:00,27.01,78.3,939.0,26,8.534
2026-05-04 15:00:00+08:00,26.8,74.1,968.0,37,8.974
2026-05-04 15:05:00+08:00,27.13,73.9,964.0,28,8.736
2026-05-04 15:10:00+08:00,26.79,74.5,960.0,28,8.794
2026-05-04 15:15:00+08:00,26.74,75.8,972.0,30,8.524
2026-05-04 15:20:00+08:00,26.55,75.3,974.0,26,8.467
2026-05-04 15:25:00+08:00,27.48,71.7,971.0,23,8.719
2026-05-04 15:30:00+08:00,26.71,73.3,968.0,23,8.546
2026-05-04 15:35:00+08:00,26.57,72.0,980.0,32,8.402
2026-05-04 15:40:00+08:00,26.72,77.9,1009.0,39,9.218
2026-05-04 15:45:00+08:00,26.9,71.2,1011.0,27,8.946
2026-05-04 15:50:00+08:00,27.71,74.3,1009.0,25,8.861
2026-05-04 15:55:00+08:00,26.65,75.1,1014.0,31,8.587
2026-05-04 16:00:00+08:00,26.91,75.8,1032.0,35,8.747
2026-05-04 16:05:00+08:00,26.59,74.2,1020.0,26,8.554
2026-05-04 16:10:00+08:00,26.83,79.2,1016.0,27,8.741
2026-05-04 16:15:00+08:00,27.58,73.9,1012.0,27,8.849
2026-05-04 16:20:00+08:00,26.06,74.7,1008.0,22,8.543
2026-05-04 16:20:00+08:00,26.06,74.7,1008.0,22,8.543
2026-05-04 16:25:00+08:00,26.71,75.8,1025.0,34,9.33
2026-05-04 16:30:00+08:00,27.34,74.2,1007.0,20,8.518
2026-05-04 16:35:00+08:00,26.61,74.9,1001.0,24,8.551
2026-05-04 16:40:00+08:00,26.03,74.5,1006.0,31,8.658
2026-05-04 16:45:00+08:00,26.44,76.5,1017.0,33,8.944
2026-05-04 16:50:00+08:00,26.44,79.7,1020.0,31,8.278
2026-05-04 16:55:00+08:00,26.74,71.2,1017.0,26,8.242
2026-05-04 17:00:00+08:00,26.96,72.8,1009.0,24,8.847
2026-05-04 17:05:00+08:00,26.42,73.6,1008.0,29,8.401
2026-05-04 17:10:00+08:00,25.94,77.1,1005.0,27,8.573
2026-05-04 17:15:00+08:00,26.33,75.7,1016.0,29,8.886
2026-05-04 17:20:00+08:00,26.16,76.3,1003.0,21,8.355
2026-05-04 17:25:00+08:00,26.12,75.9,1005.0,32,8.942
2026-05-04 17:30:00+08:00,25.33,77.1,999.0,24,8.278
2026-05-04 17:35:00+08:00,26.0,73.7,990.0,27,8.426
2026-05-04 17:40:00+08:00,26.17,77.6,992.0,28,8.609
2026-05-04 17:45:00+08:00,25.83,74.8,996.0,28,8.448
2026-05-04 17:50:00+08:00,25.76,77.5,989.0,23,8.04
2026-05-04 17:55:00+08:00,25.83,78.0,964.0,14,8.07
2026-05-04 18:00:00+08:00,29.8,69.5,910.0,0,3.754
2026-05-04 18:05:00+08:00,29.75,71.1,855.0,0,3.825
2026-05-04 18:10:00+08:00,29.79,71.1,816.0,0,3.72
2026-05-04 18:15:00+08:00,29.91,71.9,777.0,0,3.928
2026-05-04 18:20:00+08:00,29.24,68.7,740.0,0,3.335
2026-05-04 18:25:00+08:00,29.5,68.7,704.0,0,3.684
2026-05-04 18:30:00+08:00,29.38,64.1,674.0,0,3.595
2026-05-04 18:35:00+08:00,29.26,74.7,640.0,0,3.611
2026-05-04 18:40:00+08:00,28.62,73.5,618.0,0,3.467
2026-05-04 18:45:00+08:00,29.19,73.4,608.0,0,3.673
2026-05-04 18:50:00+08:00,28.27,70.3,586.0,0,3.089
2026-05-04 18:55:00+08:00,28.39,70.0,566.0,0,3.594
2026-05-04 19:00:00+08:00,29.12,72.6,546.0,0,3.155
2026-05-04 19:05:00+08:00,29.15,75.8,537.0,0,3.238
2026-05-04 19:10:00+08:00,28.73,66.5,527.0,0,3.4
2026-05-04 19:15:00+08:00,28.67,72.8,525.0,0,3.545
2026-05-04 19:20:00+08:00,28.71,73.4,507.0,0,3.528
2026-05-04 19:25:00+08:00,27.95,71.4,498.0,0,3.303
2026-05-04 19:30:00+08:00,28.45,69.7,489.0,0,3.291
2026-05-04 19:35:00+08:00,29.25,72.7,481.0,0,3.301
2026-05-04 19:40:00+08:00,28.09,73.9,481.0,0,3.012
2026-05-04 19:45:00+08:00,28.25,72.6,472.0,0,3.131
2026-05-04 19:50:00+08:00,28.02,67.4,458.0,0,3.292
2026-05-04 19:55:00+08:00,27.77,74.7,454.0,0,2.861
2026-05-04 20:00:00+08:00,28.0,75.4,451.0,0,2.958
2026-05-04 20:05:00+08:00,28.15,73.5,445.0,0,3.067
2026-05-04 20:10:00+08:00,27.55,75.6,434.0,0,2.991
2026-05-04 20:15:00+08:00,27.88,74.2,429.0,0,2.882
2026-05-04 20:20:00+08:00,28.14,73.6,430.0,0,2.972
2026-05-04 20:25:00+08:00,28.33,73.6,432.0,0,3.258
2026-05-04 20:30:00+08:00,28.72,71.4,439.0,0,3.048
2026-05-04 20:35:00+08:00,28.17,75.4,444.0,0,3.183
2026-05-04 20:40:00+08:00,27.53,73.8,443.0,0,3.312
2026-05-04 20:45:00+08:00,26.77,73.4,432.0,0,2.853
2026-05-04 20:50:00+08:00,27.59,74.7,426.0,0,2.588
2026-05-04 20:55:00+08:00,27.59,70.3,425.0,0,2.795
2026-05-04 21:00:00+08:00,27.47,72.3,421.0,0,2.799
2026-05-04 21:05:00+08:00,27.13,75.7,423.0,0,2.927
2026-05-04 21:10:00+08:00,27.17,73.8,418.0,0,2.865
2026-05-04 21:15:00+08:00,26.83,72.8,423.0,0,2.987
2026-05-04 21:20:00+08:00,26.4,75.0,425.0,0,2.659
2026-05-04 21:25:00+08:00,26.91,71.9,433.0,0,2.499
2026-05-04 21:30:00+08:00,27.95,72.4,434.0,0,3.252
2026-05-04 21:35:00+08:00,27.17,74.1,434.0,0,2.722
2026-05-04 21:40:00+08:00,26.72,78.6,441.0,0,2.685
2026-05-04 21:45:00+08:00,26.4,72.5,441.0,0,2.307
2026-05-04 21:50:00+08:00,26.5,75.1,434.0,0,2.123
2026-05-04 21:55:00+08:00,26.56,76.4,431.0,0,2.668
2026-05-04 22:00:00+08:00,26.55,73.7,424.0,0,2.469
2026-05-04 22:05:00+08:00,27.08,75.5,424.0,0,2.592
2026-05-04 22:10:00+08:00,26.4,71.9,420.0,0,2.571
2026-05-04 22:15:00+08:00,26.76,79.3,419.0,0,2.745
2026-05-04 22:20:00+08:00,26.13,74.6,413.0,0,2.819
2026-05-04 22:25:00+08:00,25.76,81.9,408.0,0,2.579
2026-05-04 22:30:00+08:00,26.37,72.4,415.0,0,2.812
2026-05-04 22:35:00+08:00,26.16,80.0,414.0,0,2.749
2026-05-04 22:40:00+08:00,25.25,76.4,412.0,0,2.368
2026-05-04 22:45:00+08:00,26.47,77.1,409.0,0,2.51
2026-05-04 22:50:00+08:00,25.38,72.8,412.0,0,2.336
2026-05-04 22:55:00+08:00,25.44,73.6,422.0,0,2.57
2026-05-04 23:00:00+08:00,25.19,75.8,420.0,0,2.32
2026-05-04 23:05:00+08:00,25.37,74.4,428.0,0,2.266
2026-05-04 23:10:00+08:00,25.69,79.2,428.0,0,2.32
2026-05-04 23:15:00+08:00,24.83,76.1,431.0,0,1.949
2026-05-04 23:20:00+08:00,24.35,81.1,430.0,0,1.97
2026-05-04 23:25:00+08:00,25.46,80.0,429.0,0,2.18
2026-05-04 23:30:00+08:00,25.39,76.8,433.0,0,2.07
2026-05-04 23:35:00+08:00,25.75,76.2,433.0,0,2.288
2026-05-04 23:40:00+08:00,24.92,78.8,439.0,0,2.442
2026-05-04 23:45:00+08:00,24.65,83.1,439.0,0,2.322
2026-05-04 23:50:00+08:00,25.1,79.5,437.0,0,2.258
2026-05-04 23:55:00+08:00,25.03,81.7,442.0,0,2.235
2026-05-05 00:00:00+08:00,25.44,75.8,437.0,0,2.417
2026-05-05 00:05:00+08:00,25.03,78.9,435.0,0,2.427
2026-05-05 00:10:00+08:00,25.16,79.7,434.0,0,2.191
2026-05-05 00:15:00+08:00,24.74,78.3,436.0,0,2.049
2026-05-05 00:20:00+08:00,24.76,79.3,440.0,0,2.448
2026-05-05 00:25:00+08:00,24.09,79.8,437.0,0,1.556
2026-05-05 00:30:00+08:00,23.8,79.9,428.0,0,2.057
2026-05-05 00:35:00+08:00,24.46,74.6,419.0,0,1.845
2026-05-05 00:40:00+08:00,24.59,79.1,421.0,0,2.032
2026-05-05 00:45:00+08:00,24.61,78.2,421.0,0,1.798
2026-05-05 00:50:00+08:00,24.56,79.7,418.0,0,1.879
2026-05-05 00:55:00+08:00,24.5,80.2,417.0,0,1.905
2026-05-05 01:00:00+08:00,24.8,82.1,413.0,0,2.105
2026-05-05 01:05:00+08:00,24.05,78.5,418.0,0,1.583
2026-05-05 01:10:00+08:00,24.36,77.7,424.0,0,2.043
2026-05-05 01:15:00+08:00,25.69,73.3,424.0,0,2.24
2026-05-05 01:20:00+08:00,24.2,80.9,419.0,0,1.919
2026-05-05 01:25:00+08:00,24.13,80.9,425.0,0,2.096
2026-05-05 01:25:00+08:00,24.13,80.9,425.0,0,2.096
2026-05-05 01:30:00+08:00,25.0,80.7,430.0,0,2.387
2026-05-05 01:35:00+08:00,23.95,80.9,429.0,0,2.087
2026-05-05 01:40:00+08:00,23.78,80.8,430.0,0,1.704
2026-05-05 01:45:00+08:00,24.52,80.0,431.0,0,1.969
2026-05-05 01:50:00+08:00,23.68,81.2,428.0,0,1.758
2026-05-05 01:55:00+08:00,24.58,78.7,428.0,0,2.043
2026-05-05 02:00:00+08:00,23.91,80.4,429.0,0,1.947
2026-05-05 02:05:00+08:00,23.71,77.7,431.0,0,1.6
2026-05-05 02:10:00+08:00,23.92,77.8,428.0,0,1.834
2026-05-05 02:15:00+08:00,24.16,75.3,424.0,0,1.666
2026-05-05 02:20:00+08:00,23.57,84.0,421.0,0,1.356
2026-05-05 02:25:00+08:00,24.29,78.9,414.0,0,2.023
2026-05-05 02:30:00+08:00,23.9,77.6,416.0,0,1.619
2026-05-05 02:35:00+08:00,24.03,78.9,407.0,0,1.938
2026-05-05 02:40:00+08:00,23.76,80.5,405.0,0,1.593
2026-05-05 02:45:00+08:00,23.5,80.9,407.0,0,1.889
2026-05-05 02:50:00+08:00,24.2,81.9,410.0,0,1.808
2026-05-05 02:55:00+08:00,24.0,78.4,411.0,0,1.972
2026-05-05 03:00:00+08:00,24.06,83.2,405.0,0,2.03
2026-05-05 03:05:00+08:00,24.6,77.5,407.0,0,1.952
2026-05-05 03:10:00+08:00,24.16,80.2,406.0,0,1.789
2026-05-05 03:15:00+08:00,24.12,83.5,409.0,0,2.019
2026-05-05 03:20:00+08:00,23.69,78.5,416.0,0,2.047
2026-05-05 03:25:00+08:00,23.67,80.0,413.0,0,2.204
2026-05-05 03:30:00+08:00,23.19,84.4,416.0,0,1.69
2026-05-05 03:35:00+08:00,23.5,80.9,425.0,0,1.832
2026-05-05 03:40:00+08:00,23.55,77.4,426.0,0,1.67
2026-05-05 03:45:00+08:00,23.97,78.0,427.0,0,2.039
2026-05-05 03:50:00+08:00,24.14,84.8,433.0,0,2.079
2026-05-05 03:55:00+08:00,24.33,79.1,425.0,0,1.775
2026-05-05 04:00:00+08:00,24.02,77.5,420.0,0,1.921
2026-05-05 04:05:00+08:00,23.8,75.6,418.0,0,1.921
2026-05-05 04:10:00+08:00,24.95,76.2,414.0,0,1.943
2026-05-05 04:15:00+08:00,24.26,78.7,418.0,0,2.002
2026-05-05 04:20:00+08:00,23.67,78.8,416.0,0,1.634
2026-05-05 04:25:00+08:00,24.16,80.9,416.0,0,2.033
2026-05-05 04:30:00+08:00,25.07,74.5,416.0,0,1.982
2026-05-05 04:35:00+08:00,24.2,79.2,406.0,0,1.688
2026-05-05 04:40:00+08:00,23.43,79.8,404.0,0,1.926
2026-05-05 04:45:00+08:00,23.98,78.1,411.0,0,2.005
2026-05-05 04:50:00+08:00,24.01,77.9,402.0,0,1.722
2026-05-05 04:55:00+08:00,24.52,76.5,399.0,0,1.892
2026-05-05 05:00:00+08:00,24.74,79.5,398.0,0,2.255
2026-05-05 05:05:00+08:00,24.33,81.8,398.0,0,2.016
2026-05-05 05:10:00+08:00,24.85,81.0,401.0,0,2.246
2026-05-05 05:15:00+08:00,24.17,75.6,401.0,0,2.041
2026-05-05 05:20:00+08:00,24.27,80.5,407.0,0,2.01
2026-05-05 05:25:00+08:00,24.74,79.6,407.0,0,2.13
2026-05-05 05:30:00+08:00,24.83,79.9,410.0,0,2.218
2026-05-05 05:35:00+08:00,24.92,75.9,411.0,0,2.176
2026-05-05 05:40:00+08:00,24.82,81.1,418.0,0,2.272
2026-05-05 05:45:00+08:00,25.17,78.6,408.0,0,2.117
2026-05-05 05:50:00+08:00,24.98,81.8,420.0,0,2.196
2026-05-05 05:55:00+08:00,24.67,83.1,425.0,0,2.374
2026-05-05 06:00:00+08:00,24.63,80.9,425.0,0,2.206
2026-05-05 06:05:00+08:00,25.21,77.1,421.0,0,1.832
2026-05-05 06:10:00+08:00,24.56,80.6,424.0,0,1.972
2026-05-05 06:15:00+08:00,24.99,79.2,426.0,0,2.348
2026-05-05 06:20:00+08:00,25.01,80.0,439.0,0,2.391
2026-05-05 06:25:00+08:00,25.05,79.0,430.0,0,2.368
2026-05-05 06:30:00+08:00,25.0,81.0,429.0,0,1.988
2026-05-05 06:35:00+08:00,25.03,74.6,436.0,0,2.152
2026-05-05 06:40:00+08:00,25.24,82.2,438.0,0,2.365
2026-05-05 06:45:00+08:00,24.93,80.0,437.0,0,2.119
2026-05-05 06:50:00+08:00,25.43,75.9,433.0,0,2.222
2026-05-05 06:55:00+08:00,25.8,75.1,432.0,0,2.415
2026-05-05 07:00:00+08:00,25.48,79.3,425.0,0,2.519
2026-05-05 07:05:00+08:00,25.49,78.2,434.0,0,2.132
2026-05-05 07:10:00+08:00,25.95,74.6,437.0,0,2.159
2026-05-05 07:15:00+08:00,26.27,76.5,438.0,0,2.328
2026-05-05 07:20:00+08:00,25.8,80.9,436.0,0,2.379
2026-05-05 07:25:00+08:00,26.27,72.5,434.0,0,2.706
2026-05-05 07:30:00+08:00,25.31,79.7,434.0,0,2.102
2026-05-05 07:35:00+08:00,26.88,74.5,435.0,0,2.877
2026-05-05 07:40:00+08:00,26.12,77.9,432.0,0,2.478
2026-05-05 07:45:00+08:00,26.57,78.4,429.0,0,2.699
2026-05-05 07:50:00+08:00,26.21,76.3,425.0,0,2.589
2026-05-05 07:55:00+08:00,25.61,75.9,425.0,0,2.531
2026-05-05 08:00:00+08:00,23.52,76.3,502.0,36,7.911
2026-05-05 08:05:00+08:00,23.43,80.8,554.0,32,7.626
2026-05-05 08:10:00+08:00,23.34,79.5,586.0,22,7.341
2026-05-05 08:15:00+08:00,22.59,84.4,633.0,28,7.475
2026-05-05 08:20:00+08:00,22.64,80.6,662.0,19,7.027
2026-05-05 08:25:00+08:00,22.69,79.7,694.0,30,7.356
2026-05-05 08:30:00+08:00,22.9,84.6,731.0,29,7.839
2026-05-05 08:35:00+08:00,23.2,82.9,763.0,31,7.565
2026-05-05 08:40:00+08:00,22.84,83.4,822.0,44,8.021
2026-05-05 08:45:00+08:00,24.19,78.0,810.0,16,6.912
2026-05-05 08:50:00+08:00,24.05,84.3,839.0,31,7.81
2026-05-05 08:55:00+08:00,23.46,81.3,866.0,31,7.467
2026-05-05 09:00:00+08:00,23.66,86.3,872.0,24,7.446
2026-05-05 09:05:00+08:00,23.45,79.8,890.0,31,7.411
2026-05-05 09:10:00+08:00,23.37,85.1,921.0,35,8.23
2026-05-05 09:15:00+08:00,24.06,80.8,926.0,24,7.646
2026-05-05 09:20:00+08:00,23.61,80.2,930.0,27,7.629
2026-05-05 09:25:00+08:00,23.67,79.6,945.0,27,7.536
2026-05-05 09:30:00+08:00,23.3,82.8,957.0,30,7.448
2026-05-05 09:35:00+08:00,23.82,78.1,980.0,42,8.141
2026-05-05 09:40:00+08:00,23.53,88.4,971.0,21,7.231
2026-05-05 09:45:00+08:00,24.64,81.2,985.0,35,8.43
2026-05-05 09:50:00+08:00,24.06,80.8,982.0,23,7.426
2026-05-05 09:55:00+08:00,24.53,81.7,970.0,20,7.761
2026-05-05 10:00:00+08:00,23.52,79.1,993.0,37,8.073
2026-05-05 10:05:00+08:00,24.6,79.5,1009.0,34,8.008
2026-05-05 10:10:00+08:00,25.47,78.3,1002.0,23,7.672
2026-05-05 10:15:00+08:00,23.88,80.9,1003.0,29,7.802
2026-05-05 10:20:00+08:00,24.91,77.1,971.0,13,7.556
2026-05-05 10:25:00+08:00,24.37,80.0,995.0,36,8.344
2026-05-05 10:30:00+08:00,24.94,77.0,996.0,30,7.971
2026-05-05 10:35:00+08:00,24.98,83.2,993.0,28,7.661
2026-05-05 10:40:00+08:00,25.2,77.8,982.0,28,7.9
2026-05-05 10:45:00+08:00,25.08,77.7,992.0,32,8.444
2026-05-05 10:50:00+08:00,25.26,74.8,1005.0,34,8.444
2026-05-05 10:55:00+08:00,25.09,80.1,1004.0,26,7.98
2026-05-05 11:00:00+08:00,25.13,74.7,990.0,18,7.314
2026-05-05 11:00:00+08:00,25.13,74.7,990.0,18,7.314
2026-05-05 11:05:00+08:00,25.57,74.1,977.0,21,7.827
2026-05-05 11:10:00+08:00,26.26,73.9,995.0,33,8.42
2026-05-05 11:15:00+08:00,25.62,76.0,996.0,26,8.396
2026-05-05 11:20:00+08:00,25.7,74.9,1006.0,34,8.344
2026-05-05 11:25:00+08:00,25.89,78.6,1022.0,34,8.668
2026-05-05 11:25:00+08:00,25.89,78.6,1022.0,34,8.668
2026-05-05 11:30:00+08:00,24.85,80.1,1025.0,28,7.98
2026-05-05 11:35:00+08:00,25.69,79.3,1046.0,34,8.708
2026-05-05 11:40:00+08:00,25.49,74.5,1026.0,19,7.824
2026-05-05 11:45:00+08:00,25.81,75.9,996.0,16,7.883
2026-05-05 11:50:00+08:00,25.93,79.0,995.0,25,8.39
2026-05-05 11:55:00+08:00,25.44,82.1,1000.0,28,8.024
2026-05-05 11:55:00+08:00,25.44,82.1,1000.0,28,8.024
2026-05-05 12:00:00+08:00,26.83,74.8,959.0,10,8.18
2026-05-05 12:05:00+08:00,25.65,75.4,934.0,12,7.553
2026-05-05 12:10:00+08:00,26.56,70.0,902.0,10,8.167
2026-05-05 12:15:00+08:00,25.98,76.0,865.0,4,7.516
2026-05-05 12:20:00+08:00,26.56,74.5,857.0,14,7.783
2026-05-05 12:25:00+08:00,26.18,79.3,830.0,7,7.855
2026-05-05 12:30:00+08:00,26.48,75.9,813.0,8,7.864
2026-05-05 12:35:00+08:00,26.44,74.6,793.0,9,7.531
2026-05-05 12:40:00+08:00,26.83,76.6,776.0,10,8.445
2026-05-05 12:45:00+08:00,27.08,69.0,752.0,10,8.163
2026-05-05 12:50:00+08:00,26.76,76.8,744.0,12,8.287
2026-05-05 12:55:00+08:00,26.24,73.9,734.0,12,8.155
2026-05-05 13:00:00+08:00,27.14,76.9,762.0,26,8.303
2026-05-05 13:05:00+08:00,26.59,67.6,778.0,25,8.439
2026-05-05 13:10:00+08:00,25.75,76.6,807.0,33,8.49
2026-05-05 13:15:00+08:00,25.85,76.3,825.0,28,8.465
2026-05-05 13:20:00+08:00,26.67,72.9,826.0,23,8.443
2026-05-05 13:25:00+08:00,26.8,72.8,844.0,29,8.859
2026-05-05 13:30:00+08:00,26.68,73.6,859.0,27,8.217
2026-05-05 13:35:00+08:00,26.28,75.5,881.0,31,8.661
2026-05-05 13:40:00+08:00,26.51,78.8,873.0,21,8.115
2026-05-05 13:45:00+08:00,26.59,74.8,893.0,29,8.509
2026-05-05 13:50:00+08:00,26.83,73.9,913.0,31,8.666
2026-05-05 13:55:00+08:00,26.88,71.6,933.0,31,8.535
2026-05-05 14:00:00+08:00,26.91,76.3,933.0,22,8.433
2026-05-05 14:05:00+08:00,26.75,79.6,942.0,29,8.67
2026-05-05 14:10:00+08:00,26.58,77.0,949.0,25,8.162
2026-05-05 14:15:00+08:00,26.78,73.6,929.0,15,8.249
2026-05-05 14:20:00+08:00,27.57,73.8,954.0,31,9.173
2026-05-05 14:25:00+08:00,26.79,73.3,963.0,31,8.562
2026-05-05 14:30:00+08:00,27.12,76.6,976.0,36,9.28
2026-05-05 14:35:00+08:00,26.6,78.1,969.0,18,7.998
2026-05-05 14:40:00+08:00,27.4,71.5,962.0,25,8.567
2026-05-05 14:45:00+08:00,26.83,72.7,982.0,36,9.079
2026-05-05 14:50:00+08:00,26.86,72.9,977.0,25,8.105
2026-05-05 14:55:00+08:00,26.99,74.5,1001.0,40,8.938
2026-05-05 15:00:00+08:00,27.18,73.1,996.0,26,8.819
2026-05-05 15:05:00+08:00,26.44,75.4,998.0,28,8.619
2026-05-05 15:10:00+08:00,26.59,73.8,1000.0,29,8.571
2026-05-05 15:15:00+08:00,26.52,75.2,1016.0,37,8.967
2026-05-05 15:20:00+08:00,26.91,73.0,1005.0,23,8.597
2026-05-05 15:25:00+08:00,26.59,75.3,1003.0,29,8.907
2026-05-05 15:30:00+08:00,27.08,74.9,1005.0,29,8.674
2026-05-05 15:35:00+08:00,26.28,73.6,1003.0,27,8.706
2026-05-05 15:40:00+08:00,27.1,73.5,1019.0,36,8.945
2026-05-05 15:45:00+08:00,26.53,75.5,1003.0,21,8.381
2026-05-05 15:50:00+08:00,26.56,72.2,1030.0,39,8.527
2026-05-05 15:55:00+08:00,27.14,77.0,1025.0,26,8.563
2026-05-05 16:00:00+08:00,26.87,68.9,1015.0,24,8.54
2026-05-05 16:00:00+08:00,26.87,68.9,1015.0,24,8.54
2026-05-05 16:05:00+08:00,26.8,69.9,1021.0,28,8.647
2026-05-05 16:10:00+08:00,26.89,81.6,1007.0,22,8.731
2026-05-05 16:15:00+08:00,27.17,69.2,1026.0,33,9.012
2026-05-05 16:20:00+08:00,27.49,78.2,1045.0,36,9.123
2026-05-05 16:25:00+08:00,26.84,79.6,1027.0,25,9.078
2026-05-05 16:30:00+08:00,26.27,77.4,1019.0,25,8.425
2026-05-05 16:35:00+08:00,27.58,72.8,1005.0,22,8.373
2026-05-05 16:40:00+08:00,26.79,74.1,1006.0,25,8.755
2026-05-05 16:45:00+08:00,25.95,74.9,1003.0,24,8.224
2026-05-05 16:50:00+08:00,27.05,76.8,1010.0,32,9.125
2026-05-05 16:55:00+08:00,26.85,68.4,988.0,18,8.271
2026-05-05 17:00:00+08:00,26.54,74.2,996.0,29,8.881
2026-05-05 17:05:00+08:00,25.8,74.3,1003.0,31,8.568
2026-05-05 17:10:00+08:00,25.94,76.4,1011.0,31,8.538
2026-05-05 17:15:00+08:00,26.03,73.6,1013.0,30,8.608
2026-05-05 17:20:00+08:00,25.48,78.6,1010.0,24,8.58
2026-05-05 17:25:00+08:00,26.35,77.1,1010.0,30,8.69
2026-05-05 17:30:00+08:00,25.06,78.0,1009.0,27,7.947
2026-05-05 17:35:00+08:00,25.92,80.0,1001.0,21,7.989
2026-05-05 17:40:00+08:00,27.14,77.2,994.0,28,8.593
2026-05-05 17:45:00+08:00,26.5,76.0,991.0,28,8.585
2026-05-05 17:50:00+08:00,25.64,77.2,996.0,27,8.205
2026-05-05 17:55:00+08:00,25.41,75.4,1002.0,31,8.326
2026-05-05 18:00:00+08:00,29.23,64.7,952.0,0,3.627
2026-05-05 18:05:00+08:00,29.21,74.8,896.0,0,3.635
2026-05-05 18:10:00+08:00,29.46,67.4,846.0,0,3.831
2026-05-05 18:15:00+08:00,29.6,71.6,801.0,0,3.091
2026-05-05 18:20:00+08:00,29.15,70.1,764.0,0,3.699
2026-05-05 18:25:00+08:00,29.4,69.4,734.0,0,3.747
2026-05-05 18:30:00+08:00,29.42,63.5,706.0,0,3.16
2026-05-05 18:35:00+08:00,29.13,69.1,678.0,0,3.501
2026-05-05 18:40:00+08:00,28.65,70.9,649.0,0,3.057
2026-05-05 18:45:00+08:00,29.68,74.5,625.0,0,3.593
2026-05-05 18:50:00+08:00,29.48,69.2,605.0,0,3.548
2026-05-05 18:55:00+08:00,28.83,71.0,579.0,0,3.531
2026-05-05 19:00:00+08:00,29.16,65.9,562.0,0,3.285
2026-05-05 19:05:00+08:00,28.35,67.4,547.0,0,3.489
2026-05-05 19:10:00+08:00,29.15,70.4,533.0,0,3.589
2026-05-05 19:15:00+08:00,29.45,65.1,525.0,0,3.408
2026-05-05 19:20:00+08:00,29.16,71.8,515.0,0,3.795
2026-05-05 19:25:00+08:00,29.75,72.5,512.0,0,3.781
2026-05-05 19:30:00+08:00,29.52,72.7,491.0,0,3.354
2026-05-05 19:35:00+08:00,28.44,70.4,484.0,0,3.191
2026-05-05 19:40:00+08:00,28.69,73.6,481.0,0,3.633
2026-05-05 19:45:00+08:00,28.77,75.6,465.0,0,3.152
2026-05-05 19:50:00+08:00,28.33,70.5,454.0,0,3.254
2026-05-05 19:55:00+08:00,28.45,70.2,437.0,0,3.578
2026-05-05 20:00:00+08:00,27.28,75.4,430.0,0,2.885
2026-05-05 20:05:00+08:00,28.24,69.4,432.0,0,3.09
2026-05-05 20:10:00+08:00,27.67,76.7,435.0,0,3.478
2026-05-05 20:15:00+08:00,27.94,76.7,443.0,0,3.097
2026-05-05 20:20:00+08:00,28.34,74.0,438.0,0,3.265
2026-05-05 20:25:00+08:00,27.39,74.2,440.0,0,2.6
2026-05-05 20:30:00+08:00,27.84,74.7,449.0,0,3.219
2026-05-05 20:35:00+08:00,27.55,73.1,447.0,0,2.87
2026-05-05 20:40:00+08:00,28.48,73.4,447.0,0,3.387
2026-05-05 20:45:00+08:00,27.77,73.0,442.0,0,3.219
2026-05-05 20:50:00+08:00,27.89,77.3,435.0,0,3.161
2026-05-05 20:55:00+08:00,27.37,74.0,437.0,0,3.137
2026-05-05 21:00:00+08:00,27.68,76.9,444.0,0,2.981
2026-05-05 21:05:00+08:00,26.82,74.8,444.0,0,2.653
2026-05-05 21:10:00+08:00,27.25,79.0,443.0,0,2.671
2026-05-05 21:15:00+08:00,27.0,72.4,436.0,0,2.472
2026-05-05 21:20:00+08:00,26.87,72.5,435.0,0,2.848
2026-05-05 21:25:00+08:00,26.69,71.6,432.0,0,2.451
2026-05-05 21:30:00+08:00,26.65,77.7,424.0,0,2.764
2026-05-05 21:35:00+08:00,27.51,73.5,429.0,0,3.213
2026-05-05 21:40:00+08:00,26.68,78.5,428.0,0,2.469
2026-05-05 21:45:00+08:00,26.33,74.1,432.0,0,2.676
2026-05-05 21:50:00+08:00,26.19,76.8,435.0,0,2.698
2026-05-05 21:55:00+08:00,26.63,72.6,434.0,0,2.963
2026-05-05 22:00:00+08:00,26.59,74.4,427.0,0,2.424
2026-05-05 22:05:00+08:00,25.51,78.6,426.0,0,2.622
2026-05-05 22:10:00+08:00,25.88,73.5,423.0,0,2.4
2026-05-05 22:15:00+08:00,25.55,77.2,419.0,0,2.681
2026-05-05 22:20:00+08:00,25.83,78.2,412.0,0,2.632
2026-05-05 22:25:00+08:00,25.53,77.6,408.0,0,2.219
2026-05-05 22:30:00+08:00,25.97,75.2,406.0,0,2.758
2026-05-05 22:35:00+08:00,25.53,78.5,409.0,0,2.354
2026-05-05 22:40:00+08:00,26.28,71.5,408.0,0,2.633
2026-05-05 22:45:00+08:00,25.7,73.9,409.0,0,2.462
2026-05-05 22:50:00+08:00,25.92,78.0,417.0,0,2.651
2026-05-05 22:55:00+08:00,25.74,79.8,415.0,0,2.385
2026-05-05 23:00:00+08:00,24.85,80.0,409.0,0,2.117
2026-05-05 23:05:00+08:00,25.35,75.9,417.0,0,2.381
2026-05-05 23:10:00+08:00,25.25,77.1,427.0,0,2.335
2026-05-05 23:15:00+08:00,25.17,79.3,433.0,0,2.304
2026-05-05 23:20:00+08:00,25.11,76.4,428.0,0,1.938
2026-05-05 23:25:00+08:00,25.45,79.0,418.0,0,2.265
2026-05-05 23:30:00+08:00,24.8,78.1,419.0,0,2.028
2026-05-05 23:35:00+08:00,24.66,79.9,421.0,0,2.144
2026-05-05 23:40:00+08:00,25.47,79.3,423.0,0,2.271
2026-05-05 23:45:00+08:00,25.46,78.3,426.0,0,2.179
2026-05-05 23:50:00+08:00,25.19,80.5,427.0,0,1.789
2026-05-05 23:55:00+08:00,24.89,75.6,428.0,0,1.944
2026-05-06 00:00:00+08:00,24.63,76.0,425.0,0,2.048
2026-05-06 00:05:00+08:00,25.08,72.1,427.0,0,2.153
2026-05-06 00:10:00+08:00,24.64,79.2,432.0,0,2.279
2026-05-06 00:15:00+08:00,24.12,78.0,421.0,0,2.189
2026-05-06 00:20:00+08:00,24.59,74.3,427.0,0,1.785
2026-05-06 00:25:00+08:00,24.79,79.1,425.0,0,2.075
2026-05-06 00:30:00+08:00,24.5,77.8,419.0,0,2.127
2026-05-06 00:35:00+08:00,24.76,78.7,420.0,0,2.046
2026-05-06 00:40:00+08:00,24.75,77.8,417.0,0,2.118
2026-05-06 00:45:00+08:00,23.93,83.1,418.0,0,1.781
2026-05-06 00:50:00+08:00,24.68,79.5,413.0,0,1.67
2026-05-06 00:55:00+08:00,24.18,81.6,415.0,0,2.192
2026-05-06 01:00:00+08:00,24.6,77.7,421.0,0,2.022
2026-05-06 01:05:00+08:00,24.57,80.3,424.0,0,2.146
2026-05-06 01:10:00+08:00,24.12,78.0,432.0,0,1.787
2026-05-06 01:15:00+08:00,24.79,76.8,435.0,0,2.211
2026-05-06 01:20:00+08:00,23.92,79.2,430.0,0,1.827
2026-05-06 01:25:00+08:00,24.09,79.8,425.0,0,2.096
2026-05-06 01:30:00+08:00,24.16,80.4,424.0,0,1.757
2026-05-06 01:35:00+08:00,24.24,80.7,426.0,0,2.117
2026-05-06 01:40:00+08:00,23.98,84.0,427.0,0,1.527
2026-05-06 01:45:00+08:00,24.36,78.6,419.0,0,1.895
2026-05-06 01:50:00+08:00,24.28,76.4,421.0,0,1.68
2026-05-06 01:55:00+08:00,23.49,84.5,421.0,0,1.937
2026-05-06 02:00:00+08:00,24.27,76.4,414.0,0,2.167
2026-05-06 02:05:00+08:00,23.51,81.0,407.0,0,1.418
2026-05-06 02:10:00+08:00,24.14,78.9,414.0,0,1.738
2026-05-06 02:15:00+08:00,23.64,80.7,418.0,0,1.634
2026-05-06 02:20:00+08:00,24.34,78.2,418.0,0,1.969
2026-05-06 02:25:00+08:00,23.92,80.4,416.0,0,2.145
2026-05-06 02:30:00+08:00,23.2,80.5,403.0,0,1.759
2026-05-06 02:35:00+08:00,23.79,81.2,401.0,0,1.862
2026-05-06 02:40:00+08:00,23.96,73.7,401.0,0,1.411
2026-05-06 02:45:00+08:00,23.69,77.4,406.0,0,1.807
2026-05-06 02:50:00+08:00,23.76,80.9,411.0,0,1.758
2026-05-06 02:55:00+08:00,23.86,78.3,408.0,0,1.968
2026-05-06 03:00:00+08:00,23.58,79.7,412.0,0,1.81
2026-05-06 03:05:00+08:00,23.45,83.5,414.0,0,1.775
2026-05-06 03:10:00+08:00,23.51,79.6,411.0,0,1.601
2026-05-06 03:15:00+08:00,24.28,76.0,403.0,0,1.697
2026-05-06 03:20:00+08:00,23.72,79.9,414.0,0,1.79
2026-05-06 03:25:00+08:00,24.18,84.2,416.0,0,2.035
2026-05-06 03:30:00+08:00,23.96,80.6,411.0,0,1.797
2026-05-06 03:35:00+08:00,23.56,81.8,408.0,0,1.763
2026-05-06 03:40:00+08:00,24.57,80.3,407.0,0,2.027
2026-05-06 03:45:00+08:00,23.79,81.8,414.0,0,1.964
2026-05-06 03:50:00+08:00,24.2,82.1,413.0,0,1.944
2026-05-06 03:55:00+08:00,23.51,85.5,415.0,0,1.648
2026-05-06 04:00:00+08:00,23.89,78.1,418.0,0,1.981
2026-05-06 04:05:00+08:00,23.56,78.1,424.0,0,1.367
2026-05-06 04:10:00+08:00,24.62,81.0,427.0,0,2.197
2026-05-06 04:15:00+08:00,24.25,76.7,423.0,0,1.811
2026-05-06 04:20:00+08:00,23.67,80.2,423.0,0,1.55
2026-05-06 04:25:00+08:00,23.53,74.3,422.0,0,1.735
2026-05-06 04:30:00+08:00,24.44,80.3,415.0,0,2.029
2026-05-06 04:35:00+08:00,24.59,80.4,416.0,0,2.127
2026-05-06 04:40:00+08:00,23.92,84.3,419.0,0,1.782
2026-05-06 04:45:00+08:00,23.74,82.6,421.0,0,1.52
2026-05-06 04:50:00+08:00,24.87,76.0,422.0,0,2.282
2026-05-06 04:55:00+08:00,25.09,76.2,423.0,0,2.032
2026-05-06 05:00:00+08:00,23.99,78.5,418.0,0,1.817
2026-05-06 05:05:00+08:00,23.81,79.9,411.0,0,1.805
2026-05-06 05:10:00+08:00,24.68,77.4,413.0,0,1.839
2026-05-06 05:15:00+08:00,24.43,82.4,418.0,0,2.103
2026-05-06 05:20:00+08:00,24.27,81.0,420.0,0,2.115
2026-05-06 05:25:00+08:00,25.22,79.9,420.0,0,2.239
2026-05-06 05:30:00+08:00,24.47,79.1,414.0,0,2.324
2026-05-06 05:35:00+08:00,25.65,77.9,423.0,0,2.655
2026-05-06 05:40:00+08:00,25.18,76.1,420.0,0,2.17
2026-05-06 05:45:00+08:00,23.99,78.4,420.0,0,2.053
2026-05-06 05:50:00+08:00,25.26,76.0,420.0,0,2.117
2026-05-06 05:55:00+08:00,24.64,84.1,419.0,0,2.055
2026-05-06 06:00:00+08:00,25.12,79.9,415.0,0,2.338
2026-05-06 06:05:00+08:00,24.78,75.4,412.0,0,1.963
2026-05-06 06:10:00+08:00,24.6,74.9,410.0,0,2.065
2026-05-06 06:15:00+08:00,24.98,77.3,406.0,0,2.11
2026-05-06 06:20:00+08:00,24.71,80.4,401.0,0,2.006
2026-05-06 06:25:00+08:00,25.33,76.9,396.0,0,2.374
2026-05-06 06:30:00+08:00,24.91,79.4,399.0,0,2.156
2026-05-06 06:35:00+08:00,25.2,78.9,403.0,0,2.345
2026-05-06 06:40:00+08:00,25.05,76.0,403.0,0,2.16
2026-05-06 06:45:00+08:00,25.26,78.8,406.0,0,2.31
2026-05-06 06:50:00+08:00,25.42,76.0,412.0,0,2.284
2026-05-06 06:55:00+08:00,24.98,76.8,414.0,0,2.109
2026-05-06 07:00:00+08:00,25.52,71.8,421.0,0,2.352
2026-05-06 07:05:00+08:00,26.1,77.2,427.0,0,2.778
2026-05-06 07:10:00+08:00,26.03,76.3,431.0,0,2.46
2026-05-06 07:15:00+08:00,26.27,74.8,432.0,0,2.494
2026-05-06 07:20:00+08:00,25.86,76.3,429.0,0,2.503
2026-05-06 07:25:00+08:00,26.3,74.6,431.0,0,2.498
2026-05-06 07:30:00+08:00,26.4,74.8,433.0,0,2.536
2026-05-06 07:35:00+08:00,26.23,74.6,431.0,0,2.327
2026-05-06 07:40:00+08:00,26.0,70.6,431.0,0,2.786
2026-05-06 07:45:00+08:00,26.14,77.6,425.0,0,2.064
2026-05-06 07:50:00+08:00,25.32,78.5,425.0,0,2.445
2026-05-06 07:55:00+08:00,26.31,75.8,422.0,0,2.484
2026-05-06 08:00:00+08:00,22.72,82.0,471.0,21,6.791
2026-05-06 08:05:00+08:00,22.27,88.2,492.0,14,6.437
2026-05-06 08:10:00+08:00,22.4,84.4,528.0,20,7.152
2026-05-06 08:15:00+08:00,23.85,80.4,587.0,33,7.675
2026-05-06 08:20:00+08:00,23.31,82.9,637.0,32,7.615
2026-05-06 08:25:00+08:00,23.82,80.4,678.0,30,7.786
2026-05-06 08:30:00+08:00,23.12,81.7,704.0,26,7.214
2026-05-06 08:35:00+08:00,23.33,81.1,743.0,34,7.563
2026-05-06 08:40:00+08:00,22.73,84.3,770.0,29,7.283
2026-05-06 08:45:00+08:00,23.35,84.5,785.0,26,7.292
2026-05-06 08:50:00+08:00,22.88,81.0,824.0,34,7.563
2026-05-06 08:55:00+08:00,23.92,80.0,847.0,24,7.508
2026-05-06 09:00:00+08:00,23.4,76.3,851.0,24,7.378
2026-05-06 09:05:00+08:00,23.83,79.3,891.0,35,7.984
2026-05-06 09:10:00+08:00,23.4,80.3,920.0,34,7.521
2026-05-06 09:15:00+08:00,23.05,82.3,925.0,27,7.274
2026-05-06 09:20:00+08:00,23.64,83.4,968.0,43,7.866
2026-05-06 09:25:00+08:00,24.1,81.1,985.0,37,8.27
2026-05-06 09:30:00+08:00,24.16,78.8,980.0,26,7.771
2026-05-06 09:35:00+08:00,24.52,78.0,968.0,22,7.73
2026-05-06 09:40:00+08:00,23.84,80.1,967.0,26,7.741
2026-05-06 09:45:00+08:00,25.01,82.7,977.0,32,8.236
2026-05-06 09:50:00+08:00,24.63,78.8,974.0,26,8.04
2026-05-06 09:55:00+08:00,23.57,81.5,982.0,32,7.577
2026-05-06 10:00:00+08:00,24.77,80.4,969.0,21,7.503
2026-05-06 10:05:00+08:00,24.7,79.2,955.0,19,7.447
2026-05-06 10:10:00+08:00,23.71,78.6,959.0,24,7.576
2026-05-06 10:15:00+08:00,24.82,79.8,973.0,30,8.277
2026-05-06 10:20:00+08:00,24.74,77.2,979.0,30,7.952
2026-05-06 10:25:00+08:00,24.41,80.5,990.0,30,7.997
2026-05-06 10:30:00+08:00,24.75,77.1,992.0,29,7.857
2026-05-06 10:35:00+08:00,24.4,77.1,997.0,29,7.825
2026-05-06 10:40:00+08:00,25.65,77.0,996.0,23,8.2
2026-05-06 10:45:00+08:00,24.29,76.3,988.0,25,7.833
2026-05-06 10:50:00+08:00,25.54,77.9,992.0,29,8.137
2026-05-06 10:55:00+08:00,25.26,77.9,979.0,23,7.844
2026-05-06 11:00:00+08:00,25.43,77.2,975.0,27,8.291
2026-05-06 11:05:00+08:00,25.76,78.1,985.0,35,8.555
2026-05-06 11:10:00+08:00,25.74,75.1,990.0,31,8.585
2026-05-06 11:15:00+08:00,24.61,76.2,991.0,30,8.199
2026-05-06 11:20:00+08:00,25.3,76.8,997.0,30,8.4
2026-05-06 11:25:00+08:00,25.46,78.0,1001.0,28,8.165
2026-05-06 11:30:00+08:00,25.65,78.1,992.0,22,8.28
2026-05-06 11:35:00+08:00,25.35,79.5,990.0,28,8.262
2026-05-06 11:40:00+08:00,24.86,80.5,977.0,21,7.744
2026-05-06 11:45:00+08:00,25.38,76.7,982.0,31,8.278
2026-05-06 11:50:00+08:00,24.87,77.2,991.0,30,8.427
2026-05-06 11:55:00+08:00,26.43,77.0,998.0,29,8.514
2026-05-06 12:00:00+08:00,25.75,78.0,961.0,8,7.959
2026-05-06 12:05:00+08:00,26.03,77.1,932.0,11,8.096
2026-05-06 12:10:00+08:00,25.64,75.4,897.0,6,7.431
2026-05-06 12:15:00+08:00,26.24,77.4,863.0,7,7.956
2026-05-06 12:20:00+08:00,25.71,79.4,840.0,10,7.701
2026-05-06 12:25:00+08:00,26.9,74.3,814.0,8,7.895
2026-05-06 12:30:00+08:00,26.31,78.0,808.0,12,7.747
2026-05-06 12:35:00+08:00,26.17,73.2,794.0,8,7.654
2026-05-06 12:40:00+08:00,26.18,75.5,780.0,6,7.927
2026-05-06 12:45:00+08:00,26.76,71.6,774.0,14,7.906
2026-05-06 12:50:00+08:00,25.94,75.7,757.0,8,7.751
2026-05-06 12:55:00+08:00,26.0,72.5,752.0,11,7.585
2026-05-06 13:00:00+08:00,26.09,74.0,760.0,22,8.417
2026-05-06 13:05:00+08:00,26.47,78.2,774.0,24,8.679
2026-05-06 13:10:00+08:00,26.41,76.2,811.0,31,8.483
2026-05-06 13:15:00+08:00,27.07,70.1,855.0,35,8.929
2026-05-06 13:20:00+08:00,27.36,71.7,863.0,25,8.573
2026-05-06 13:25:00+08:00,26.46,68.8,886.0,31,8.111
2026-05-06 13:30:00+08:00,27.51,74.4,907.0,30,8.665
2026-05-06 13:35:00+08:00,27.0,69.6,935.0,38,9.189
2026-05-06 13:40:00+08:00,26.3,79.4,964.0,38,8.88
2026-05-06 13:45:00+08:00,27.17,77.6,962.0,24,8.495
2026-05-06 13:50:00+08:00,26.22,74.5,976.0,31,8.516
2026-05-06 13:55:00+08:00,26.21,75.9,978.0,26,8.56
2026-05-06 14:00:00+08:00,26.84,78.4,984.0,30,8.498
2026-05-06 14:05:00+08:00,27.03,70.5,985.0,28,8.457
2026-05-06 14:10:00+08:00,26.87,-999.0,1016.0,39,8.926
2026-05-06 14:15:00+08:00,26.44,73.6,1020.0,29,8.845
2026-05-06 14:20:00+08:00,26.51,79.1,1018.0,26,8.635
2026-05-06 14:25:00+08:00,26.15,80.9,1025.0,32,8.64
2026-05-06 14:30:00+08:00,27.32,71.1,1016.0,26,8.55
2026-05-06 14:35:00+08:00,26.78,72.3,997.0,19,8.021
2026-05-06 14:40:00+08:00,26.36,76.6,1001.0,30,8.615
2026-05-06 14:45:00+08:00,26.87,72.5,992.0,21,8.174
2026-05-06 14:50:00+08:00,27.17,71.7,1013.0,35,8.93
2026-05-06 14:55:00+08:00,27.42,73.1,1024.0,34,8.762
2026-05-06 15:00:00+08:00,26.88,75.7,1024.0,32,8.499
2026-05-06 15:05:00+08:00,27.7,75.4,1006.0,20,8.818
2026-05-06 15:10:00+08:00,27.5,74.2,1001.0,28,8.871
2026-05-06 15:15:00+08:00,26.43,77.5,987.0,22,8.212
2026-05-06 15:20:00+08:00,26.28,74.5,980.0,26,8.344
2026-05-06 15:25:00+08:00,26.84,75.6,1001.0,37,8.705
2026-05-06 15:30:00+08:00,26.14,76.7,990.0,20,8.112
2026-05-06 15:35:00+08:00,26.43,76.0,991.0,29,8.385
2026-05-06 15:40:00+08:00,26.53,78.6,992.0,31,8.548
2026-05-06 15:45:00+08:00,26.88,76.9,985.0,24,8.209
2026-05-06 15:50:00+08:00,27.29,72.9,983.0,26,8.726
2026-05-06 15:55:00+08:00,26.6,76.6,979.0,26,8.14
2026-05-06 16:00:00+08:00,26.76,78.5,965.0,20,8.26
2026-05-06 16:05:00+08:00,27.43,76.3,965.0,27,8.382
2026-05-06 16:10:00+08:00,26.69,78.5,989.0,35,8.912
2026-05-06 16:15:00+08:00,26.89,69.7,1010.0,36,9.011
2026-05-06 16:20:00+08:00,26.61,77.2,1028.0,37,8.988
2026-05-06 16:25:00+08:00,27.12,73.4,1020.0,26,8.475
2026-05-06 16:30:00+08:00,26.68,-999.0,1027.0,34,8.693
2026-05-06 16:35:00+08:00,25.85,79.0,1029.0,33,8.33
2026-05-06 16:40:00+08:00,26.85,73.3,1006.0,20,7.91
2026-05-06 16:45:00+08:00,26.48,77.2,1018.0,35,8.631
2026-05-06 16:50:00+08:00,26.69,73.3,1025.0,34,8.68
2026-05-06 16:55:00+08:00,26.8,76.3,1015.0,27,8.432
2026-05-06 17:00:00+08:00,26.21,70.3,1030.0,37,8.993
2026-05-06 17:05:00+08:00,25.63,76.1,1032.0,28,8.477
2026-05-06 17:10:00+08:00,26.47,73.5,1022.0,26,8.298
2026-05-06 17:15:00+08:00,26.36,77.0,1033.0,30,8.488
2026-05-06 17:20:00+08:00,25.54,79.5,1038.0,31,8.225
2026-05-06 17:25:00+08:00,26.27,76.3,1027.0,26,8.323
2026-05-06 17:30:00+08:00,26.96,72.1,1027.0,27,8.494
2026-05-06 17:35:00+08:00,26.41,77.2,1032.0,30,8.336
2026-05-06 17:40:00+08:00,26.21,79.3,1037.0,29,8.426
2026-05-06 17:45:00+08:00,25.59,77.5,1020.0,20,7.935
2026-05-06 17:50:00+08:00,26.02,77.1,1009.0,24,8.291
2026-05-06 17:55:00+08:00,25.73,76.5,1005.0,30,8.264
2026-05-06 18:00:00+08:00,29.53,70.8,938.0,0,3.109
2026-05-06 18:05:00+08:00,29.34,69.2,886.0,0,3.54
2026-05-06 18:10:00+08:00,29.45,65.9,838.0,0,3.576
2026-05-06 18:15:00+08:00,29.37,67.1,794.0,0,3.45
2026-05-06 18:20:00+08:00,29.51,68.1,757.0,0,3.284
2026-05-06 18:25:00+08:00,28.79,74.6,727.0,0,3.249
2026-05-06 18:30:00+08:00,29.47,64.9,700.0,0,3.707
2026-05-06 18:35:00+08:00,29.4,70.7,675.0,0,3.709
2026-05-06 18:40:00+08:00,29.47,71.7,647.0,0,3.612
2026-05-06 18:45:00+08:00,29.32,68.0,625.0,0,3.747
2026-05-06 18:50:00+08:00,28.14,72.0,595.0,0,3.403
2026-05-06 18:55:00+08:00,29.4,72.1,578.0,0,3.604
2026-05-06 19:00:00+08:00,28.11,67.8,556.0,0,3.126
2026-05-06 19:05:00+08:00,28.52,75.1,547.0,0,3.436
2026-05-06 19:10:00+08:00,28.2,70.4,540.0,0,3.083
2026-05-06 19:15:00+08:00,28.33,73.0,526.0,0,3.434
2026-05-06 19:20:00+08:00,28.39,75.1,517.0,0,3.385
2026-05-06 19:25:00+08:00,28.96,72.4,517.0,0,3.889
2026-05-06 19:30:00+08:00,28.83,71.3,498.0,0,3.271
2026-05-06 19:35:00+08:00,28.94,71.5,497.0,0,3.496
2026-05-06 19:40:00+08:00,28.13,70.4,488.0,0,3.332
2026-05-06 19:45:00+08:00,28.41,72.9,477.0,0,3.311
2026-05-06 19:50:00+08:00,27.98,73.1,475.0,0,2.871
2026-05-06 19:55:00+08:00,28.44,70.9,482.0,0,3.172
2026-05-06 20:00:00+08:00,27.57,69.3,481.0,0,2.859
2026-05-06 20:05:00+08:00,28.0,68.7,473.0,0,3.159
2026-05-06 20:10:00+08:00,28.48,70.0,468.0,0,3.045
2026-05-06 20:15:00+08:00,27.22,71.4,468.0,0,2.759
2026-05-06 20:20:00+08:00,27.62,76.9,464.0,0,2.862
2026-05-06 20:25:00+08:00,28.1,71.6,457.0,0,3.115
2026-05-06 20:30:00+08:00,27.67,74.8,457.0,0,3.133
2026-05-06 20:35:00+08:00,28.17,71.5,450.0,0,3.058
2026-05-06 20:40:00+08:00,27.27,69.7,446.0,0,3.412
2026-05-06 20:45:00+08:00,27.55,75.5,447.0,0,3.05
2026-05-06 20:50:00+08:00,27.62,68.4,437.0,0,2.991
2026-05-06 20:55:00+08:00,26.93,75.0,436.0,0,3.213
2026-05-06 21:00:00+08:00,26.89,77.4,432.0,0,3.151
2026-05-06 21:05:00+08:00,26.26,79.0,430.0,0,2.557
2026-05-06 21:10:00+08:00,26.86,80.6,428.0,0,2.86
2026-05-06 21:15:00+08:00,26.54,78.1,434.0,0,3.013
2026-05-06 21:20:00+08:00,26.92,71.3,429.0,0,2.86
2026-05-06 21:25:00+08:00,26.44,77.2,432.0,0,2.91
2026-05-06 21:30:00+08:00,26.2,77.5,429.0,0,2.65
2026-05-06 21:35:00+08:00,27.11,71.4,424.0,0,2.998
2026-05-06 21:40:00+08:00,27.09,72.9,420.0,0,3.096
2026-05-06 21:45:00+08:00,26.12,75.1,417.0,0,2.565
2026-05-06 21:50:00+08:00,26.21,77.0,413.0,0,2.828
2026-05-06 21:55:00+08:00,26.44,76.7,417.0,0,2.531
2026-05-06 22:00:00+08:00,26.49,73.5,417.0,0,2.463
2026-05-06 22:05:00+08:00,26.16,75.8,426.0,0,2.503
2026-05-06 22:10:00+08:00,26.12,76.2,420.0,0,2.675
2026-05-06 22:15:00+08:00,26.11,73.5,428.0,0,2.413
2026-05-06 22:20:00+08:00,26.36,73.3,428.0,0,2.134
2026-05-06 22:25:00+08:00,25.52,78.5,425.0,0,2.54
2026-05-06 22:30:00+08:00,27.76,76.7,435.0,0,3.06
2026-05-06 22:35:00+08:00,25.66,74.5,437.0,0,2.711
2026-05-06 22:40:00+08:00,26.19,71.5,437.0,0,2.712
2026-05-06 22:45:00+08:00,25.88,76.5,434.0,0,2.375
2026-05-06 22:50:00+08:00,25.72,73.4,432.0,0,2.175
2026-05-06 22:55:00+08:00,25.78,76.6,429.0,0,2.546
2026-05-06 23:00:00+08:00,26.36,74.9,419.0,0,2.67
2026-05-06 23:05:00+08:00,25.82,80.9,421.0,0,2.702
2026-05-06 23:10:00+08:00,25.76,76.7,424.0,0,2.324
2026-05-06 23:15:00+08:00,25.63,80.6,422.0,0,2.245
2026-05-06 23:20:00+08:00,24.62,80.1,422.0,0,2.374
2026-05-06 23:25:00+08:00,24.34,81.0,418.0,0,1.866
2026-05-06 23:30:00+08:00,25.49,81.7,425.0,0,2.287
2026-05-06 23:35:00+08:00,25.87,74.4,420.0,0,2.521
2026-05-06 23:40:00+08:00,24.96,81.4,418.0,0,2.51
2026-05-06 23:45:00+08:00,24.84,81.3,414.0,0,2.328
2026-05-06 23:50:00+08:00,24.96,79.0,414.0,0,2.331
2026-05-06 23:55:00+08:00,24.84,80.3,423.0,0,2.16
2026-05-07 00:00:00+08:00,25.17,75.6,424.0,0,2.346
2026-05-07 00:05:00+08:00,25.2,72.6,433.0,0,2.21
2026-05-07 00:10:00+08:00,24.24,80.2,437.0,0,2.255
2026-05-07 00:15:00+08:00,24.43,76.3,448.0,0,1.954
2026-05-07 00:20:00+08:00,24.87,78.3,457.0,0,2.297
2026-05-07 00:25:00+08:00,24.6,80.5,453.0,0,1.788
2026-05-07 00:30:00+08:00,25.31,76.6,449.0,0,2.295
2026-05-07 00:35:00+08:00,24.64,83.1,440.0,0,2.307
2026-05-07 00:40:00+08:00,24.13,83.0,441.0,0,2.013
2026-05-07 00:45:00+08:00,24.62,76.6,435.0,0,2.098
2026-05-07 00:50:00+08:00,24.81,78.5,431.0,0,1.727
2026-05-07 00:55:00+08:00,25.19,78.0,430.0,0,1.946
2026-05-07 01:00:00+08:00,24.77,76.1,433.0,0,1.807
2026-05-07 01:05:00+08:00,24.23,79.2,425.0,0,2.002
2026-05-07 01:10:00+08:00,24.04,80.2,424.0,0,2.003
2026-05-07 01:15:00+08:00,24.5,80.2,426.0,0,2.11
2026-05-07 01:20:00+08:00,23.39,83.6,426.0,0,1.828
2026-05-07 01:25:00+08:00,23.77,77.9,427.0,0,1.51
2026-05-07 01:30:00+08:00,24.73,77.4,426.0,0,2.034
2026-05-07 01:35:00+08:00,24.47,79.1,419.0,0,2.196
2026-05-07 01:40:00+08:00,23.69,81.8,419.0,0,1.677
2026-05-07 01:45:00+08:00,24.5,78.0,414.0,0,1.731
2026-05-07 01:50:00+08:00,24.05,79.1,418.0,0,1.355
2026-05-07 01:55:00+08:00,23.51,79.0,423.0,0,1.636
2026-05-07 02:00:00+08:00,24.51,81.1,418.0,0,2.047
2026-05-07 02:05:00+08:00,23.57,82.9,417.0,0,1.933
2026-05-07 02:10:00+08:00,23.81,83.6,413.0,0,2.02
2026-05-07 02:15:00+08:00,24.19,77.4,413.0,0,1.845
2026-05-07 02:20:00+08:00,23.5,76.5,416.0,0,1.371
2026-05-07 02:25:00+08:00,23.53,78.4,418.0,0,1.562
2026-05-07 02:30:00+08:00,24.14,76.4,416.0,0,2.127
2026-05-07 02:35:00+08:00,23.31,81.7,419.0,0,1.796
2026-05-07 02:40:00+08:00,23.51,79.8,423.0,0,1.404
2026-05-07 02:45:00+08:00,23.48,83.6,428.0,0,1.613
2026-05-07 02:50:00+08:00,23.88,80.0,430.0,0,1.755
2026-05-07 02:55:00+08:00,23.56,79.3,426.0,0,2.098
2026-05-07 03:00:00+08:00,24.01,79.9,432.0,0,1.53
2026-05-07 03:05:00+08:00,23.4,83.5,440.0,0,1.509
2026-05-07 03:10:00+08:00,23.64,76.1,437.0,0,1.71
2026-05-07 03:15:00+08:00,24.6,79.7,437.0,0,1.9
2026-05-07 03:20:00+08:00,23.22,75.8,425.0,0,1.632
2026-05-07 03:25:00+08:00,23.92,80.0,421.0,0,1.802
2026-05-07 03:30:00+08:00,23.97,79.0,421.0,0,1.751
2026-05-07 03:35:00+08:00,24.19,82.5,419.0,0,1.758
2026-05-07 03:40:00+08:00,23.88,79.1,422.0,0,2.017
2026-05-07 03:45:00+08:00,23.58,79.3,430.0,0,1.687
2026-05-07 03:50:00+08:00,23.56,82.8,426.0,0,2.018
2026-05-07 03:55:00+08:00,23.8,78.3,419.0,0,1.738
2026-05-07 04:00:00+08:00,24.09,78.7,423.0,0,1.908
2026-05-07 04:05:00+08:00,23.76,79.1,429.0,0,2.055
2026-05-07 04:10:00+08:00,24.07,77.8,424.0,0,1.808
2026-05-07 04:15:00+08:00,23.97,78.3,421.0,0,1.469
2026-05-07 04:20:00+08:00,24.23,78.5,419.0,0,1.619
2026-05-07 04:25:00+08:00,23.58,78.1,417.0,0,1.99
2026-05-07 04:30:00+08:00,23.73,82.0,413.0,0,1.867
2026-05-07 04:35:00+08:00,24.26,80.0,416.0,0,1.996
2026-05-07 04:40:00+08:00,24.19,78.3,418.0,0,1.793
2026-05-07 04:45:00+08:00,23.41,83.6,417.0,0,1.975
2026-05-07 04:50:00+08:00,24.38,77.3,419.0,0,1.955
2026-05-07 04:55:00+08:00,24.28,79.8,418.0,0,1.782
2026-05-07 05:00:00+08:00,23.97,81.5,418.0,0,2.169
2026-05-07 05:05:00+08:00,24.65,85.2,409.0,0,2.089
2026-05-07 05:10:00+08:00,24.16,80.7,405.0,0,1.843
2026-05-07 05:15:00+08:00,24.47,78.3,406.0,0,2.223
2026-05-07 05:20:00+08:00,24.11,77.7,405.0,0,1.882
2026-05-07 05:25:00+08:00,24.5,84.4,405.0,0,1.909
2026-05-07 05:30:00+08:00,24.84,71.3,412.0,0,2.17
2026-05-07 05:35:00+08:00,23.85,81.5,411.0,0,2.057
2026-05-07 05:40:00+08:00,25.5,79.6,409.0,0,2.157
2026-05-07 05:45:00+08:00,24.41,79.4,404.0,0,1.94
2026-05-07 05:50:00+08:00,24.7,77.2,403.0,0,1.955
2026-05-07 05:55:00+08:00,24.97,72.4,409.0,0,2.264
2026-05-07 06:00:00+08:00,24.92,83.4,402.0,0,2.196
2026-05-07 06:05:00+08:00,24.16,81.5,404.0,0,1.765
2026-05-07 06:10:00+08:00,25.36,76.4,394.0,0,2.5
2026-05-07 06:15:00+08:00,25.32,75.9,399.0,0,2.639
2026-05-07 06:20:00+08:00,25.36,80.1,403.0,0,2.131
2026-05-07 06:25:00+08:00,24.73,80.8,399.0,0,2.381
2026-05-07 06:30:00+08:00,24.79,80.3,408.0,0,2.083
2026-05-07 06:35:00+08:00,25.46,75.9,410.0,0,2.324
2026-05-07 06:40:00+08:00,25.24,77.4,409.0,0,2.255
2026-05-07 06:45:00+08:00,24.78,78.4,403.0,0,2.067
2026-05-07 06:50:00+08:00,25.65,82.3,414.0,0,2.232
2026-05-07 06:55:00+08:00,25.97,80.6,415.0,0,2.509
2026-05-07 07:00:00+08:00,25.97,79.6,420.0,0,2.429
2026-05-07 07:05:00+08:00,25.85,77.2,418.0,0,2.24
2026-05-07 07:10:00+08:00,25.3,77.4,413.0,0,2.215
2026-05-07 07:15:00+08:00,25.81,75.5,424.0,0,2.562
2026-05-07 07:20:00+08:00,25.84,76.1,424.0,0,2.404
2026-05-07 07:25:00+08:00,26.16,74.8,420.0,0,2.789
2026-05-07 07:30:00+08:00,25.61,76.3,419.0,0,2.253
2026-05-07 07:35:00+08:00,25.32,82.5,417.0,0,2.426
2026-05-07 07:40:00+08:00,26.28,76.9,415.0,0,2.468
2026-05-07 07:45:00+08:00,25.93,72.6,417.0,0,2.788
2026-05-07 07:50:00+08:00,25.98,77.1,414.0,0,2.318
2026-05-07 07:55:00+08:00,26.12,73.8,416.0,0,2.421
2026-05-07 08:00:00+08:00,22.52,83.1,477.0,31,7.282
2026-05-07 08:05:00+08:00,21.71,80.9,542.0,32,7.076
2026-05-07 08:10:00+08:00,23.54,80.3,611.0,39,8.436
2026-05-07 08:15:00+08:00,23.18,82.3,665.0,34,7.469
2026-05-07 08:20:00+08:00,23.36,79.1,708.0,31,7.645
2026-05-07 08:25:00+08:00,23.25,79.4,755.0,31,7.484
2026-05-07 08:30:00+08:00,22.79,83.5,794.0,32,8.114
2026-05-07 08:35:00+08:00,22.69,79.1,830.0,30,7.342
2026-05-07 08:40:00+08:00,22.99,76.2,827.0,19,7.001
2026-05-07 08:45:00+08:00,22.75,80.6,858.0,33,7.18
2026-05-07 08:50:00+08:00,23.58,82.8,865.0,26,7.452
2026-05-07 08:55:00+08:00,23.39,83.1,890.0,35,7.363
2026-05-07 09:00:00+08:00,23.37,79.4,921.0,35,7.798
2026-05-07 09:05:00+08:00,23.3,79.4,907.0,17,6.929
2026-05-07 09:10:00+08:00,24.16,77.9,913.0,26,7.729
2026-05-07 09:15:00+08:00,23.01,80.9,913.0,27,7.842
2026-05-07 09:20:00+08:00,23.86,82.5,927.0,30,7.938
2026-05-07 09:25:00+08:00,24.2,78.8,935.0,30,7.7
2026-05-07 09:30:00+08:00,22.84,79.2,930.0,22,7.272
2026-05-07 09:35:00+08:00,24.34,78.5,911.0,18,7.745
2026-05-07 09:40:00+08:00,24.25,81.0,912.0,22,7.627
2026-05-07 09:45:00+08:00,24.52,84.4,923.0,32,8.187
2026-05-07 09:50:00+08:00,24.52,79.9,943.0,31,8.054
2026-05-07 09:55:00+08:00,24.46,78.6,945.0,22,7.516
2026-05-07 10:00:00+08:00,23.59,77.6,922.0,19,7.453
2026-05-07 10:05:00+08:00,24.28,80.2,919.0,24,7.672
2026-05-07 10:10:00+08:00,24.35,80.8,913.0,21,7.849
2026-05-07 10:15:00+08:00,24.99,77.1,928.0,32,7.954
2026-05-07 10:20:00+08:00,24.62,83.0,932.0,27,7.559
2026-05-07 10:25:00+08:00,25.01,81.0,916.0,19,7.744
2026-05-07 10:30:00+08:00,24.49,78.0,923.0,21,7.437
2026-05-07 10:35:00+08:00,24.96,75.8,924.0,22,8.142
2026-05-07 10:40:00+08:00,24.21,81.6,947.0,37,8.066
2026-05-07 10:45:00+08:00,25.52,75.3,969.0,39,8.538
2026-05-07 10:50:00+08:00,25.47,80.6,966.0,24,8.369
2026-05-07 10:55:00+08:00,25.07,74.4,957.0,23,7.662
2026-05-07 11:00:00+08:00,25.43,77.6,950.0,24,7.927
2026-05-07 11:05:00+08:00,25.05,79.7,953.0,31,8.306
2026-05-07 11:10:00+08:00,25.39,74.9,983.0,44,8.826
2026-05-07 11:15:00+08:00,26.5,78.9,977.0,21,8.318
2026-05-07 11:20:00+08:00,25.83,75.8,966.0,23,8.244
2026-05-07 11:25:00+08:00,24.99,78.2,978.0,31,7.886
2026-05-07 11:30:00+08:00,25.74,78.5,958.0,24,8.139
2026-05-07 11:35:00+08:00,25.48,78.9,953.0,22,8.451
2026-05-07 11:40:00+08:00,26.19,76.7,984.0,37,8.72
2026-05-07 11:45:00+08:00,25.96,76.6,994.0,31,8.47
2026-05-07 11:50:00+08:00,25.81,76.0,1013.0,34,8.746
2026-05-07 11:55:00+08:00,26.45,76.1,1007.0,22,8.509
2026-05-07 12:00:00+08:00,26.25,78.0,966.0,10,7.538
2026-05-07 12:05:00+08:00,25.4,76.8,940.0,13,7.794
2026-05-07 12:10:00+08:00,26.51,73.5,918.0,12,7.809
2026-05-07 12:15:00+08:00,25.24,75.4,897.0,12,7.58
2026-05-07 12:20:00+08:00,26.17,75.2,870.0,7,7.453
2026-05-07 12:25:00+08:00,25.79,82.6,839.0,9,7.822
2026-05-07 12:30:00+08:00,26.0,76.3,822.0,9,7.953
2026-05-07 12:35:00+08:00,26.59,75.9,798.0,9,7.819
2026-05-07 12:40:00+08:00,26.38,72.0,774.0,6,7.99
2026-05-07 12:45:00+08:00,26.02,77.6,748.0,6,7.498
2026-05-07 12:50:00+08:00,26.89,76.4,738.0,9,7.96
2026-05-07 12:55:00+08:00,26.24,80.3,727.0,12,7.933
2026-05-07 13:00:00+08:00,26.45,76.9,743.0,23,8.42
2026-05-07 13:05:00+08:00,25.6,71.5,766.0,27,8.746
2026-05-07 13:10:00+08:00,27.02,71.4,763.0,19,8.511
2026-05-07 13:15:00+08:00,26.28,75.4,804.0,35,8.771
2026-05-07 13:20:00+08:00,26.28,76.0,820.0,27,8.219
2026-05-07 13:25:00+08:00,26.64,72.5,825.0,23,8.546
2026-05-07 13:30:00+08:00,25.72,75.3,813.0,14,7.856
2026-05-07 13:35:00+08:00,25.68,74.5,840.0,33,8.448
2026-05-07 13:40:00+08:00,26.67,69.3,844.0,22,8.326
2026-05-07 13:45:00+08:00,26.41,73.7,827.0,14,8.45
2026-05-07 13:50:00+08:00,27.0,75.1,868.0,38,9.047
2026-05-07 13:55:00+08:00,26.64,73.1,859.0,15,8.096
2026-05-07 14:00:00+08:00,26.76,77.8,854.0,22,8.305
2026-05-07 14:05:00+08:00,27.26,74.6,872.0,32,8.726
2026-05-07 14:10:00+08:00,27.18,70.6,880.0,26,8.667
2026-05-07 14:15:00+08:00,26.43,78.8,884.0,26,8.417
2026-05-07 14:20:00+08:00,27.57,70.5,911.0,33,9.239
2026-05-07 14:25:00+08:00,27.35,75.8,906.0,23,8.325
2026-05-07 14:30:00+08:00,26.93,76.4,903.0,24,8.428
2026-05-07 14:35:00+08:00,26.6,75.4,924.0,34,8.772
2026-05-07 14:40:00+08:00,26.24,76.5,924.0,31,8.623
2026-05-07 14:45:00+08:00,27.29,73.5,945.0,31,9.084
2026-05-07 14:50:00+08:00,26.82,74.7,945.0,25,8.249
2026-05-07 14:55:00+08:00,26.12,78.1,943.0,26,8.377
2026-05-07 15:00:00+08:00,27.14,75.2,972.0,37,8.868
2026-05-07 15:05:00+08:00,27.29,75.4,967.0,22,8.346
2026-05-07 15:05:00+08:00,27.29,75.4,967.0,22,8.346
2026-05-07 15:10:00+08:00,27.65,74.5,957.0,23,8.504
2026-05-07 15:15:00+08:00,26.9,76.8,944.0,20,8.692
2026-05-07 15:20:00+08:00,26.92,76.9,943.0,23,8.421
2026-05-07 15:25:00+08:00,26.92,73.1,922.0,19,8.516
2026-05-07 15:30:00+08:00,26.08,77.7,940.0,31,8.569
2026-05-07 15:35:00+08:00,27.37,70.1,959.0,28,8.322
2026-05-07 15:40:00+08:00,26.67,75.5,978.0,32,8.812
2026-05-07 15:45:00+08:00,26.75,76.3,973.0,26,8.726
2026-05-07 15:50:00+08:00,27.34,68.8,952.0,16,8.672
2026-05-07 15:55:00+08:00,27.36,70.1,948.0,25,8.312
2026-05-07 16:00:00+08:00,26.93,75.1,956.0,29,8.763
2026-05-07 16:05:00+08:00,27.05,75.5,961.0,28,8.771
2026-05-07 16:10:00+08:00,25.84,83.5,942.0,19,7.942
2026-05-07 16:15:00+08:00,26.76,75.6,930.0,18,8.313
2026-05-07 16:20:00+08:00,26.31,76.4,967.0,41,8.874
2026-05-07 16:25:00+08:00,27.55,73.3,967.0,25,8.725
2026-05-07 16:30:00+08:00,26.83,72.9,969.0,26,8.945
2026-05-07 16:35:00+08:00,25.68,76.2,974.0,33,8.425
2026-05-07 16:40:00+08:00,26.46,74.0,968.0,27,8.616
2026-05-07 16:45:00+08:00,26.2,76.1,989.0,39,8.555
2026-05-07 16:50:00+08:00,26.47,71.7,974.0,18,8.21
2026-05-07 16:55:00+08:00,25.79,72.8,996.0,38,8.674
2026-05-07 17:00:00+08:00,26.58,75.4,1009.0,33,8.918
2026-05-07 17:05:00+08:00,26.73,75.2,998.0,24,8.626
2026-05-07 17:10:00+08:00,26.39,75.8,1011.0,34,8.771
2026-05-07 17:15:00+08:00,25.77,75.2,985.0,17,7.846
2026-05-07 17:20:00+08:00,26.28,75.7,990.0,27,8.512
2026-05-07 17:25:00+08:00,25.6,73.0,1002.0,34,8.581
2026-05-07 17:30:00+08:00,26.23,75.7,1004.0,29,8.744
2026-05-07 17:35:00+08:00,25.35,75.9,1008.0,30,8.117
2026-05-07 17:40:00+08:00,26.32,75.5,1006.0,24,8.283
2026-05-07 17:45:00+08:00,26.58,74.1,994.0,24,8.55
2026-05-07 17:50:00+08:00,25.5,73.1,1009.0,34,8.637
2026-05-07 17:55:00+08:00,26.07,76.1,1007.0,27,8.153
2026-05-07 18:00:00+08:00,29.92,65.9,951.0,0,4.045
2026-05-07 18:05:00+08:00,29.8,68.5,908.0,0,3.87
2026-05-07 18:10:00+08:00,29.76,74.5,866.0,0,3.394
2026-05-07 18:15:00+08:00,30.04,68.2,822.0,0,3.808
2026-05-07 18:20:00+08:00,29.41,71.8,779.0,0,3.711
2026-05-07 18:25:00+08:00,28.98,73.7,750.0,0,3.198
2026-05-07 18:30:00+08:00,29.41,71.5,730.0,0,3.516
2026-05-07 18:35:00+08:00,28.36,70.8,693.0,0,3.289
2026-05-07 18:40:00+08:00,28.77,68.0,674.0,0,3.823
2026-05-07 18:45:00+08:00,28.93,72.3,647.0,0,3.47
2026-05-07 18:50:00+08:00,29.65,69.2,626.0,0,3.808
2026-05-07 18:55:00+08:00,29.29,68.6,608.0,0,3.466
2026-05-07 19:00:00+08:00,29.14,72.7,597.0,0,3.729
2026-05-07 19:05:00+08:00,29.01,70.7,583.0,0,3.091
2026-05-07 19:10:00+08:00,28.95,72.7,574.0,0,3.533
2026-05-07 19:15:00+08:00,29.1,73.2,560.0,0,3.848
2026-05-07 19:20:00+08:00,29.14,70.1,544.0,0,3.422
2026-05-07 19:25:00+08:00,29.4,74.1,536.0,0,3.437
2026-05-07 19:30:00+08:00,28.69,73.8,523.0,0,3.267
2026-05-07 19:35:00+08:00,28.39,71.6,509.0,0,3.217
2026-05-07 19:40:00+08:00,28.43,74.2,503.0,0,3.306
2026-05-07 19:45:00+08:00,28.18,73.6,500.0,0,3.128
2026-05-07 19:50:00+08:00,27.52,74.4,493.0,0,2.985
2026-05-07 19:55:00+08:00,28.78,73.4,488.0,0,3.235
2026-05-07 20:00:00+08:00,28.33,72.1,476.0,0,3.472
2026-05-07 20:05:00+08:00,28.01,74.5,471.0,0,3.364
2026-05-07 20:10:00+08:00,27.1,73.9,467.0,0,3.086
2026-05-07 20:15:00+08:00,27.85,70.2,463.0,0,3.218
2026-05-07 20:20:00+08:00,28.08,71.6,455.0,0,2.892
2026-05-07 20:25:00+08:00,27.68,72.2,441.0,0,2.923
2026-05-07 20:30:00+08:00,27.24,76.3,438.0,0,2.675
2026-05-07 20:35:00+08:00,28.28,74.6,438.0,0,3.389
2026-05-07 20:35:00+08:00,28.28,74.6,438.0,0,3.389
2026-05-07 20:40:00+08:00,28.07,71.1,434.0,0,3.191
2026-05-07 20:45:00+08:00,27.4,72.7,431.0,0,2.55
2026-05-07 20:50:00+08:00,27.03,73.9,428.0,0,2.958
2026-05-07 20:55:00+08:00,27.38,74.6,424.0,0,3.018
2026-05-07 21:00:00+08:00,27.77,71.1,426.0,0,2.98
2026-05-07 21:05:00+08:00,27.47,75.0,432.0,0,2.781
2026-05-07 21:10:00+08:00,27.0,76.7,427.0,0,2.904
2026-05-07 21:15:00+08:00,27.27,72.3,432.0,0,2.657
2026-05-07 21:20:00+08:00,27.0,76.2,441.0,0,2.823
2026-05-07 21:25:00+08:00,26.52,76.8,441.0,0,2.65
2026-05-07 21:30:00+08:00,25.96,78.9,443.0,0,2.468
2026-05-07 21:35:00+08:00,26.55,76.3,444.0,0,2.586
2026-05-07 21:40:00+08:00,26.47,73.2,433.0,0,2.789
2026-05-07 21:45:00+08:00,26.21,78.6,444.0,0,2.534
2026-05-07 21:50:00+08:00,27.01,76.8,442.0,0,2.52
2026-05-07 21:55:00+08:00,26.3,74.8,445.0,0,2.652
2026-05-07 22:00:00+08:00,26.26,71.2,446.0,0,2.811
2026-05-07 22:05:00+08:00,26.55,75.1,445.0,0,2.602
2026-05-07 22:10:00+08:00,26.8,-999.0,449.0,0,2.555
2026-05-07 22:15:00+08:00,26.66,74.2,443.0,0,2.476
2026-05-07 22:20:00+08:00,25.81,76.4,441.0,0,2.653
2026-05-07 22:25:00+08:00,25.58,78.5,444.0,0,2.405
2026-05-07 22:30:00+08:00,26.28,76.7,443.0,0,2.254
2026-05-07 22:35:00+08:00,26.5,76.0,431.0,0,2.535
2026-05-07 22:40:00+08:00,26.3,74.9,437.0,0,2.437
2026-05-07 22:45:00+08:00,26.31,80.8,433.0,0,2.557
2026-05-07 22:50:00+08:00,26.37,76.7,427.0,0,2.679
2026-05-07 22:55:00+08:00,26.17,77.1,420.0,0,2.351
2026-05-07 23:00:00+08:00,25.38,83.0,417.0,0,2.585
2026-05-07 23:05:00+08:00,26.0,79.1,423.0,0,2.648
2026-05-07 23:10:00+08:00,25.61,77.8,423.0,0,2.409
2026-05-07 23:15:00+08:00,25.15,73.5,415.0,0,2.204
2026-05-07 23:20:00+08:00,25.23,80.1,417.0,0,2.159
2026-05-07 23:25:00+08:00,25.39,77.5,419.0,0,2.156
2026-05-07 23:30:00+08:00,25.26,78.1,425.0,0,1.952
2026-05-07 23:35:00+08:00,24.9,80.2,424.0,0,2.021
2026-05-07 23:40:00+08:00,25.67,75.8,423.0,0,2.409
2026-05-07 23:45:00+08:00,24.86,79.2,422.0,0,2.315
2026-05-07 23:50:00+08:00,24.94,78.0,433.0,0,1.94
2026-05-07 23:55:00+08:00,24.74,74.5,435.0,0,1.77
2026-05-08 00:00:00+08:00,24.32,78.8,424.0,0,1.758
2026-05-08 00:05:00+08:00,24.62,81.1,411.0,0,1.76
2026-05-08 00:10:00+08:00,24.82,77.8,405.0,0,2.102
2026-05-08 00:15:00+08:00,24.92,78.0,411.0,0,1.773
2026-05-08 00:20:00+08:00,24.73,78.2,412.0,0,1.977
2026-05-08 00:25:00+08:00,25.2,77.8,413.0,0,2.179
2026-05-08 00:30:00+08:00,25.0,76.2,414.0,0,2.249
2026-05-08 00:35:00+08:00,24.9,81.4,416.0,0,2.126
2026-05-08 00:40:00+08:00,23.99,79.1,408.0,0,1.932
2026-05-08 00:45:00+08:00,24.24,80.9,416.0,0,1.756
2026-05-08 00:50:00+08:00,24.28,76.4,419.0,0,1.918
2026-05-08 00:55:00+08:00,23.79,78.2,427.0,0,1.781
2026-05-08 01:00:00+08:00,24.56,76.1,429.0,0,2.306
2026-05-08 01:05:00+08:00,24.0,77.4,427.0,0,1.948
2026-05-08 01:10:00+08:00,24.51,78.8,429.0,0,1.765
2026-05-08 01:15:00+08:00,24.43,74.6,432.0,0,1.972
2026-05-08 01:20:00+08:00,23.79,79.6,429.0,0,1.779
2026-05-08 01:25:00+08:00,24.63,78.1,432.0,0,2.066
2026-05-08 01:30:00+08:00,24.46,80.3,437.0,0,2.25
2026-05-08 01:35:00+08:00,24.62,82.2,433.0,0,1.855
2026-05-08 01:40:00+08:00,24.36,76.7,440.0,0,1.995
2026-05-08 01:45:00+08:00,24.06,83.9,440.0,0,1.594
2026-05-08 01:50:00+08:00,24.61,77.9,435.0,0,2.179
2026-05-08 01:55:00+08:00,23.56,78.7,431.0,0,1.645
2026-05-08 02:00:00+08:00,23.88,79.5,421.0,0,1.649
2026-05-08 02:05:00+08:00,23.06,79.1,416.0,0,1.848
2026-05-08 02:10:00+08:00,23.98,79.5,426.0,0,2.114
2026-05-08 02:15:00+08:00,24.49,83.7,429.0,0,1.925
2026-05-08 02:20:00+08:00,24.31,76.9,429.0,0,1.762
2026-05-08 02:25:00+08:00,23.8,81.4,429.0,0,1.697
2026-05-08 02:30:00+08:00,24.0,82.9,431.0,0,1.76
2026-05-08 02:35:00+08:00,23.83,80.0,434.0,0,1.145
2026-05-08 02:40:00+08:00,24.19,81.2,428.0,0,1.737
2026-05-08 02:45:00+08:00,24.06,82.2,424.0,0,1.61
2026-05-08 02:50:00+08:00,24.33,78.9,418.0,0,1.945
2026-05-08 02:55:00+08:00,24.66,79.3,415.0,0,2.203
2026-05-08 03:00:00+08:00,24.41,74.4,409.0,0,2.236
2026-05-08 03:05:00+08:00,24.22,80.2,410.0,0,1.529
2026-05-08 03:10:00+08:00,24.29,81.0,413.0,0,2.023
2026-05-08 03:15:00+08:00,23.52,80.5,421.0,0,1.803
2026-05-08 03:20:00+08:00,23.76,80.7,427.0,0,1.614
2026-05-08 03:25:00+08:00,24.34,80.2,421.0,0,1.947
2026-05-08 03:30:00+08:00,23.53,80.6,419.0,0,1.531
2026-05-08 03:35:00+08:00,23.77,79.9,424.0,0,1.309
2026-05-08 03:40:00+08:00,24.77,78.0,423.0,0,2.046
2026-05-08 03:45:00+08:00,23.54,80.9,413.0,0,1.775
2026-05-08 03:50:00+08:00,23.99,80.8,405.0,0,1.873
2026-05-08 03:55:00+08:00,23.53,77.3,403.0,0,1.589
2026-05-08 04:00:00+08:00,24.49,76.9,395.0,0,1.583
2026-05-08 04:05:00+08:00,23.48,77.3,402.0,0,1.833
2026-05-08 04:10:00+08:00,24.57,81.1,414.0,0,1.797
2026-05-08 04:15:00+08:00,24.08,81.6,411.0,0,1.851
2026-05-08 04:20:00+08:00,23.47,77.5,415.0,0,1.548
2026-05-08 04:25:00+08:00,23.69,76.6,414.0,0,1.692
2026-05-08 04:30:00+08:00,24.36,80.0,415.0,0,2.002
2026-05-08 04:35:00+08:00,23.5,83.6,424.0,0,1.687
2026-05-08 04:40:00+08:00,24.55,77.9,421.0,0,1.827
2026-05-08 04:45:00+08:00,24.2,75.3,422.0,0,2.125
2026-05-08 04:50:00+08:00,24.54,75.8,421.0,0,1.635
2026-05-08 04:55:00+08:00,23.85,77.0,417.0,0,1.722
2026-05-08 05:00:00+08:00,24.86,75.4,415.0,0,2.432
2026-05-08 05:05:00+08:00,23.78,81.2,416.0,0,1.995
2026-05-08 05:10:00+08:00,24.11,81.6,401.0,0,1.906
2026-05-08 05:15:00+08:00,24.63,81.0,407.0,0,1.997
2026-05-08 05:20:00+08:00,23.91,83.2,411.0,0,2.04
2026-05-08 05:25:00+08:00,24.3,82.5,416.0,0,2.194
2026-05-08 05:30:00+08:00,24.29,79.2,420.0,0,1.985
2026-05-08 05:35:00+08:00,24.37,81.4,422.0,0,1.894
2026-05-08 05:40:00+08:00,24.11,79.7,425.0,0,1.71
2026-05-08 05:45:00+08:00,24.5,79.2,429.0,0,2.064
2026-05-08 05:50:00+08:00,24.99,79.9,436.0,0,2.27
2026-05-08 05:55:00+08:00,25.01,75.6,432.0,0,2.203
2026-05-08 06:00:00+08:00,25.12,74.3,430.0,0,2.541
2026-05-08 06:05:00+08:00,24.43,79.0,429.0,0,1.859
2026-05-08 06:10:00+08:00,25.37,81.0,428.0,0,2.405
2026-05-08 06:15:00+08:00,25.43,75.9,419.0,0,2.56
2026-05-08 06:20:00+08:00,25.76,78.0,421.0,0,2.312
2026-05-08 06:25:00+08:00,24.84,81.6,417.0,0,2.055
2026-05-08 06:30:00+08:00,25.14,75.9,416.0,0,2.124
2026-05-08 06:35:00+08:00,25.19,77.3,414.0,0,2.199
2026-05-08 06:40:00+08:00,25.52,76.7,413.0,0,1.858
2026-05-08 06:45:00+08:00,25.68,76.6,413.0,0,2.056
2026-05-08 06:50:00+08:00,25.41,77.3,410.0,0,2.105
2026-05-08 06:55:00+08:00,26.33,77.8,418.0,0,2.552
2026-05-08 07:00:00+08:00,25.84,73.7,416.0,0,2.251
2026-05-08 07:05:00+08:00,25.8,74.2,415.0,0,2.421
2026-05-08 07:10:00+08:00,25.4,81.3,418.0,0,2.14
2026-05-08 07:15:00+08:00,25.6,76.6,417.0,0,2.377
2026-05-08 07:20:00+08:00,25.39,76.3,427.0,0,2.271
2026-05-08 07:25:00+08:00,25.61,78.5,427.0,0,2.416
2026-05-08 07:30:00+08:00,26.21,73.5,424.0,0,2.479
2026-05-08 07:35:00+08:00,25.57,81.0,411.0,0,2.082
2026-05-08 07:40:00+08:00,26.15,77.8,409.0,0,2.487
2026-05-08 07:45:00+08:00,26.11,81.1,408.0,0,2.572
2026-05-08 07:50:00+08:00,26.25,72.3,414.0,0,2.625
2026-05-08 07:55:00+08:00,25.49,73.7,406.0,0,2.488
2026-05-08 08:00:00+08:00,22.83,80.3,464.0,29,7.519
2026-05-08 08:05:00+08:00,22.69,79.0,537.0,35,7.299
2026-05-08 08:10:00+08:00,22.93,80.4,591.0,35,7.335
2026-05-08 08:15:00+08:00,22.73,80.9,628.0,29,7.483
2026-05-08 08:20:00+08:00,23.16,78.0,652.0,21,6.841
2026-05-08 08:25:00+08:00,23.83,81.2,694.0,30,7.569
2026-05-08 08:30:00+08:00,22.44,78.0,764.0,44,7.428
2026-05-08 08:35:00+08:00,22.7,82.8,802.0,34,7.367
2026-05-08 08:40:00+08:00,23.45,74.6,822.0,27,7.355
2026-05-08 08:45:00+08:00,22.1,82.0,822.0,19,7.055
2026-05-08 08:50:00+08:00,22.9,77.9,841.0,28,7.473
2026-05-08 08:55:00+08:00,22.89,83.1,864.0,36,7.687
2026-05-08 09:00:00+08:00,23.96,83.1,873.0,24,7.619
2026-05-08 09:05:00+08:00,23.92,80.1,869.0,23,7.56
2026-05-08 09:10:00+08:00,23.55,75.3,864.0,22,7.656
2026-05-08 09:15:00+08:00,23.41,82.5,891.0,33,7.8
2026-05-08 09:20:00+08:00,24.01,80.9,911.0,31,7.741
2026-05-08 09:25:00+08:00,23.41,82.5,913.0,26,7.692
2026-05-08 09:30:00+08:00,24.69,79.3,922.0,25,7.909
2026-05-08 09:35:00+08:00,23.32,79.6,926.0,24,7.39
2026-05-08 09:40:00+08:00,23.15,84.2,962.0,38,7.728
2026-05-08 09:45:00+08:00,24.21,82.2,949.0,25,7.849
2026-05-08 09:50:00+08:00,24.05,83.5,940.0,22,7.766
2026-05-08 09:55:00+08:00,24.42,78.5,973.0,42,8.305
2026-05-08 10:00:00+08:00,24.68,76.0,967.0,24,7.705
2026-05-08 10:05:00+08:00,24.62,73.1,974.0,31,8.074
2026-05-08 10:10:00+08:00,24.56,80.1,977.0,25,7.732
2026-05-08 10:15:00+08:00,25.0,78.0,984.0,30,8.059
2026-05-08 10:20:00+08:00,24.79,79.0,989.0,30,8.026
2026-05-08 10:25:00+08:00,24.6,76.1,978.0,22,7.829
2026-05-08 10:30:00+08:00,24.4,77.3,993.0,30,8.199
2026-05-08 10:35:00+08:00,24.71,74.5,991.0,30,7.796
2026-05-08 10:40:00+08:00,24.68,75.3,971.0,20,7.531
2026-05-08 10:45:00+08:00,25.63,77.4,987.0,34,8.199
2026-05-08 10:50:00+08:00,25.48,75.7,975.0,22,7.927
2026-05-08 10:55:00+08:00,25.05,76.5,998.0,33,8.154
2026-05-08 11:00:00+08:00,25.38,77.8,987.0,24,8.075
2026-05-08 11:05:00+08:00,25.13,80.3,1010.0,39,8.425
2026-05-08 11:10:00+08:00,24.6,78.5,989.0,18,7.593
2026-05-08 11:15:00+08:00,25.08,78.9,1011.0,36,8.281
2026-05-08 11:20:00+08:00,25.94,77.1,989.0,20,8.367
2026-05-08 11:25:00+08:00,25.09,76.7,998.0,31,8.255
2026-05-08 11:30:00+08:00,25.6,75.0,1001.0,26,8.203
2026-05-08 11:35:00+08:00,26.12,73.9,1013.0,39,8.79
2026-05-08 11:40:00+08:00,25.44,78.8,1006.0,27,8.155
2026-05-08 11:45:00+08:00,25.16,80.5,1004.0,23,7.863
2026-05-08 11:50:00+08:00,26.72,73.8,1008.0,29,8.382
2026-05-08 11:55:00+08:00,25.73,76.7,1014.0,30,8.519
2026-05-08 12:00:00+08:00,25.89,75.6,979.0,12,7.663
2026-05-08 12:05:00+08:00,26.81,74.4,949.0,11,8.155
2026-05-08 12:10:00+08:00,26.05,75.7,914.0,11,7.822
2026-05-08 12:15:00+08:00,26.11,73.2,887.0,14,8.119
2026-05-08 12:20:00+08:00,26.25,76.0,864.0,11,7.798
2026-05-08 12:25:00+08:00,25.79,77.8,844.0,9,7.929
2026-05-08 12:30:00+08:00,26.16,80.1,816.0,9,7.471
2026-05-08 12:35:00+08:00,26.43,80.4,805.0,11,8.05
2026-05-08 12:40:00+08:00,26.32,71.6,790.0,10,7.584
2026-05-08 12:45:00+08:00,25.77,75.7,774.0,11,7.511
2026-05-08 12:50:00+08:00,25.82,75.4,752.0,7,7.755
2026-05-08 12:55:00+08:00,27.27,69.3,740.0,9,7.952
2026-05-08 13:00:00+08:00,26.16,79.1,783.0,35,8.66
2026-05-08 13:05:00+08:00,26.69,71.8,808.0,29,8.623
2026-05-08 13:10:00+08:00,26.16,81.2,829.0,28,8.304
2026-05-08 13:15:00+08:00,27.24,73.5,821.0,18,8.881
2026-05-08 13:20:00+08:00,26.44,75.6,842.0,28,8.432
2026-05-08 13:25:00+08:00,26.07,76.3,868.0,27,8.348
2026-05-08 13:30:00+08:00,26.52,69.3,865.0,19,8.247
2026-05-08 13:35:00+08:00,26.04,-999.0,876.0,30,8.39
2026-05-08 13:40:00+08:00,26.81,76.5,898.0,32,8.909
2026-05-08 13:45:00+08:00,26.74,75.2,898.0,24,8.391
2026-05-08 13:50:00+08:00,26.59,75.1,893.0,21,8.514
2026-05-08 13:55:00+08:00,27.13,77.0,892.0,24,8.501
2026-05-08 14:00:00+08:00,27.21,73.3,908.0,30,8.588
2026-05-08 14:05:00+08:00,26.73,69.9,928.0,32,8.763
2026-05-08 14:10:00+08:00,27.19,79.3,939.0,31,8.995
2026-05-08 14:15:00+08:00,27.14,74.6,934.0,19,8.582
2026-05-08 14:20:00+08:00,26.18,81.6,955.0,34,8.662
2026-05-08 14:25:00+08:00,26.06,76.4,980.0,36,8.86
2026-05-08 14:30:00+08:00,27.48,78.7,991.0,32,8.624
2026-05-08 14:35:00+08:00,27.85,75.1,973.0,14,8.383
2026-05-08 14:40:00+08:00,26.75,75.9,978.0,29,8.663
2026-05-08 14:45:00+08:00,27.08,75.5,998.0,31,8.719
2026-05-08 14:50:00+08:00,26.94,74.3,1011.0,32,8.979
2026-05-08 14:55:00+08:00,26.34,72.9,979.0,14,7.835
2026-05-08 15:00:00+08:00,26.31,73.8,980.0,26,8.519
2026-05-08 15:05:00+08:00,26.96,74.9,995.0,36,8.513
2026-05-08 15:10:00+08:00,26.39,75.0,964.0,16,8.504
2026-05-08 15:15:00+08:00,27.0,73.4,957.0,26,8.87
2026-05-08 15:20:00+08:00,26.46,71.7,961.0,28,8.789
2026-05-08 15:25:00+08:00,27.4,73.8,969.0,28,8.704
2026-05-08 15:30:00+08:00,26.59,74.0,975.0,29,8.645
2026-05-08 15:35:00+08:00,26.57,75.1,975.0,27,8.55
2026-05-08 15:40:00+08:00,26.55,80.3,951.0,16,8.308
2026-05-08 15:45:00+08:00,26.8,75.7,970.0,34,9.037
2026-05-08 15:50:00+08:00,26.87,72.7,978.0,28,8.664
2026-05-08 15:55:00+08:00,26.14,78.2,977.0,28,8.932
2026-05-08 16:00:00+08:00,26.68,76.1,1003.0,40,8.857
2026-05-08 16:05:00+08:00,27.43,75.7,1006.0,28,8.992
2026-05-08 16:10:00+08:00,27.39,70.2,1011.0,29,9.095
2026-05-08 16:15:00+08:00,26.41,75.2,1035.0,33,8.8
2026-05-08 16:20:00+08:00,27.06,75.5,1013.0,20,8.334
2026-05-08 16:25:00+08:00,27.07,71.7,996.0,19,7.994
2026-05-08 16:30:00+08:00,26.42,78.1,1006.0,31,8.789
2026-05-08 16:35:00+08:00,26.55,69.3,991.0,24,8.69
2026-05-08 16:40:00+08:00,26.42,75.2,987.0,25,8.657
2026-05-08 16:45:00+08:00,26.53,75.7,997.0,31,8.857
2026-05-08 16:50:00+08:00,26.43,75.9,1016.0,35,8.856
2026-05-08 16:55:00+08:00,27.29,71.0,1019.0,32,8.904
2026-05-08 17:00:00+08:00,26.75,77.1,1003.0,21,8.153
2026-05-08 17:05:00+08:00,26.76,71.5,1011.0,28,8.627
2026-05-08 17:10:00+08:00,26.61,78.3,1030.0,36,8.656
2026-05-08 17:15:00+08:00,26.7,75.8,1030.0,29,8.904
2026-05-08 17:20:00+08:00,25.97,78.3,1043.0,31,8.078
2026-05-08 17:25:00+08:00,26.91,74.6,1052.0,32,8.664
2026-05-08 17:30:00+08:00,26.4,76.4,1050.0,34,8.488
2026-05-08 17:35:00+08:00,26.07,78.6,1060.0,33,8.795
2026-05-08 17:40:00+08:00,25.88,77.4,1052.0,29,8.489
2026-05-08 17:45:00+08:00,26.64,72.6,1068.0,37,9.065
2026-05-08 17:50:00+08:00,25.93,76.1,1058.0,28,8.73
2026-05-08 17:55:00+08:00,26.6,77.2,1075.0,36,8.623
2026-05-08 18:00:00+08:00,28.95,71.4,1018.0,0,3.524
2026-05-08 18:05:00+08:00,30.16,68.3,958.0,0,3.804
2026-05-08 18:10:00+08:00,30.14,64.9,911.0,0,3.734
2026-05-08 18:15:00+08:00,29.66,71.1,861.0,0,4.134
2026-05-08 18:20:00+08:00,29.41,73.0,821.0,0,3.812
2026-05-08 18:25:00+08:00,29.3,67.6,776.0,0,3.533
2026-05-08 18:30:00+08:00,29.29,73.1,746.0,0,3.739
2026-05-08 18:35:00+08:00,29.26,72.4,722.0,0,3.476
2026-05-08 18:40:00+08:00,29.57,74.9,692.0,0,3.741
2026-05-08 18:40:00+08:00,29.57,74.9,692.0,0,3.741
2026-05-08 18:45:00+08:00,29.17,71.4,663.0,0,3.513
2026-05-08 18:50:00+08:00,29.25,70.0,639.0,0,3.658
2026-05-08 18:55:00+08:00,29.43,68.2,616.0,0,3.456
2026-05-08 19:00:00+08:00,29.93,68.8,596.0,0,3.545
2026-05-08 19:05:00+08:00,29.6,70.6,571.0,0,3.895
2026-05-08 19:10:00+08:00,29.14,72.3,556.0,0,3.283
2026-05-08 19:15:00+08:00,28.23,72.6,539.0,0,3.281
2026-05-08 19:20:00+08:00,28.79,75.0,528.0,0,3.443
2026-05-08 19:25:00+08:00,28.61,69.7,518.0,0,3.203
2026-05-08 19:30:00+08:00,28.43,71.1,502.0,0,3.225
2026-05-08 19:35:00+08:00,28.38,73.8,500.0,0,3.181
2026-05-08 19:40:00+08:00,28.52,73.9,486.0,0,3.45
2026-05-08 19:45:00+08:00,28.04,69.6,487.0,0,3.297
2026-05-08 19:50:00+08:00,28.7,71.5,473.0,0,3.266
2026-05-08 19:55:00+08:00,28.89,72.5,469.0,0,3.238
2026-05-08 20:00:00+08:00,28.34,73.0,460.0,0,3.166
2026-05-08 20:05:00+08:00,27.8,69.5,445.0,0,3.177
2026-05-08 20:10:00+08:00,28.31,72.1,440.0,0,2.844
2026-05-08 20:15:00+08:00,29.02,68.8,435.0,0,3.103
2026-05-08 20:20:00+08:00,28.06,73.6,436.0,0,2.814
2026-05-08 20:25:00+08:00,28.29,74.5,439.0,0,3.277
2026-05-08 20:30:00+08:00,27.97,68.7,436.0,0,3.003
2026-05-08 20:35:00+08:00,28.02,73.4,439.0,0,3.295
2026-05-08 20:40:00+08:00,27.89,71.9,435.0,0,3.021
2026-05-08 20:45:00+08:00,28.04,70.0,435.0,0,2.873
2026-05-08 20:50:00+08:00,27.23,78.4,422.0,0,2.854
2026-05-08 20:55:00+08:00,27.03,72.3,422.0,0,2.567
2026-05-08 21:00:00+08:00,27.22,73.8,421.0,0,2.945
2026-05-08 21:05:00+08:00,27.12,75.2,420.0,0,2.96
2026-05-08 21:10:00+08:00,27.18,77.1,424.0,0,2.896
2026-05-08 21:15:00+08:00,26.27,77.9,432.0,0,2.459
2026-05-08 21:20:00+08:00,27.07,74.9,434.0,0,2.834
2026-05-08 21:25:00+08:00,26.76,74.9,433.0,0,2.582
2026-05-08 21:30:00+08:00,27.13,74.9,431.0,0,2.899
2026-05-08 21:35:00+08:00,27.03,71.5,429.0,0,2.891
2026-05-08 21:40:00+08:00,27.3,73.7,428.0,0,2.865
2026-05-08 21:45:00+08:00,26.31,77.9,419.0,0,2.395
2026-05-08 21:50:00+08:00,27.24,76.4,419.0,0,2.713
2026-05-08 21:55:00+08:00,25.65,76.5,416.0,0,2.667
2026-05-08 22:00:00+08:00,26.44,74.5,414.0,0,2.641
2026-05-08 22:05:00+08:00,26.47,73.7,413.0,0,2.519
2026-05-08 22:10:00+08:00,26.64,73.2,407.0,0,2.497
2026-05-08 22:15:00+08:00,26.42,74.3,410.0,0,2.456
2026-05-08 22:20:00+08:00,25.72,78.5,417.0,0,2.249
2026-05-08 22:25:00+08:00,25.57,81.8,418.0,0,2.44
2026-05-08 22:30:00+08:00,26.28,71.6,423.0,0,2.656
2026-05-08 22:35:00+08:00,25.01,78.0,422.0,0,2.262
2026-05-08 22:40:00+08:00,25.89,73.3,431.0,0,2.661
2026-05-08 22:45:00+08:00,25.86,70.7,434.0,0,2.398
2026-05-08 22:50:00+08:00,25.96,75.5,436.0,0,2.519
2026-05-08 22:55:00+08:00,25.18,77.5,434.0,0,1.971
2026-05-08 23:00:00+08:00,25.28,76.4,440.0,0,2.559
2026-05-08 23:05:00+08:00,25.28,76.8,442.0,0,2.404
2026-05-08 23:10:00+08:00,25.32,77.1,435.0,0,2.486
2026-05-08 23:15:00+08:00,24.78,80.6,433.0,0,2.251
2026-05-08 23:20:00+08:00,25.57,74.8,427.0,0,2.302
2026-05-08 23:25:00+08:00,25.13,77.8,428.0,0,2.106
2026-05-08 23:30:00+08:00,24.76,-999.0,423.0,0,2.086
2026-05-08 23:35:00+08:00,25.26,80.7,417.0,0,2.001
2026-05-08 23:40:00+08:00,24.65,78.4,415.0,0,1.688
2026-05-08 23:45:00+08:00,24.56,77.8,414.0,0,2.273
2026-05-08 23:50:00+08:00,25.77,73.4,424.0,0,2.745
2026-05-08 23:55:00+08:00,24.99,79.5,423.0,0,2.29
2026-05-09 00:00:00+08:00,25.23,78.0,423.0,0,2.202
2026-05-09 00:05:00+08:00,25.01,77.6,426.0,0,2.449
2026-05-09 00:10:00+08:00,25.2,76.0,420.0,0,2.356
2026-05-09 00:15:00+08:00,24.78,83.0,421.0,0,2.004
2026-05-09 00:20:00+08:00,24.36,77.2,423.0,0,2.054
2026-05-09 00:25:00+08:00,24.59,79.5,423.0,0,1.966
2026-05-09 00:30:00+08:00,25.41,75.2,426.0,0,2.239
2026-05-09 00:35:00+08:00,24.16,75.5,421.0,0,2.028
2026-05-09 00:40:00+08:00,24.84,79.8,422.0,0,2.003
2026-05-09 00:45:00+08:00,23.59,76.2,422.0,0,1.838
2026-05-09 00:50:00+08:00,25.19,75.8,420.0,0,1.833
2026-05-09 00:55:00+08:00,23.97,81.0,418.0,0,1.703
2026-05-09 01:00:00+08:00,23.51,82.1,415.0,0,1.326
2026-05-09 01:05:00+08:00,24.19,86.6,418.0,0,2.008
2026-05-09 01:10:00+08:00,23.81,83.0,408.0,0,1.672
2026-05-09 01:15:00+08:00,24.19,78.1,409.0,0,2.104
2026-05-09 01:20:00+08:00,23.63,79.7,409.0,0,1.707
2026-05-09 01:25:00+08:00,23.6,82.3,416.0,0,1.821
2026-05-09 01:30:00+08:00,24.03,79.6,415.0,0,1.727
2026-05-09 01:35:00+08:00,24.86,81.8,417.0,0,2.038
2026-05-09 01:40:00+08:00,24.3,78.3,418.0,0,1.996
2026-05-09 01:45:00+08:00,25.04,78.0,413.0,0,2.205
2026-05-09 01:50:00+08:00,24.35,81.0,416.0,0,1.877
2026-05-09 01:55:00+08:00,24.56,74.5,418.0,0,2.219
2026-05-09 02:00:00+08:00,23.89,76.0,429.0,0,2.003
2026-05-09 02:05:00+08:00,23.43,82.1,430.0,0,1.843
2026-05-09 02:10:00+08:00,23.53,81.1,426.0,0,1.686
2026-05-09 02:15:00+08:00,23.84,80.2,415.0,0,2.088
2026-05-09 02:20:00+08:00,23.41,76.9,413.0,0,1.892
2026-05-09 02:25:00+08:00,24.16,78.9,414.0,0,1.951
2026-05-09 02:30:00+08:00,23.87,82.3,419.0,0,1.461
2026-05-09 02:35:00+08:00,23.95,77.1,416.0,0,1.719
2026-05-09 02:40:00+08:00,23.51,79.0,415.0,0,1.687
2026-05-09 02:45:00+08:00,24.37,75.6,417.0,0,2.083
2026-05-09 02:50:00+08:00,24.17,82.0,419.0,0,2.01
2026-05-09 02:55:00+08:00,23.54,80.1,414.0,0,1.788
2026-05-09 03:00:00+08:00,24.31,78.8,419.0,0,1.867
2026-05-09 03:05:00+08:00,24.17,81.2,424.0,0,1.909
2026-05-09 03:10:00+08:00,24.05,85.5,432.0,0,1.872
2026-05-09 03:15:00+08:00,23.81,81.6,438.0,0,1.614
2026-05-09 03:20:00+08:00,24.16,82.1,437.0,0,1.562
2026-05-09 03:25:00+08:00,23.71,76.9,434.0,0,1.789
2026-05-09 03:30:00+08:00,23.61,80.5,434.0,0,1.889
2026-05-09 03:35:00+08:00,24.1,83.9,439.0,0,1.767
2026-05-09 03:40:00+08:00,23.87,81.6,437.0,0,2.068
2026-05-09 03:45:00+08:00,24.16,84.0,436.0,0,2.008
2026-05-09 03:50:00+08:00,23.97,79.8,428.0,0,1.625
2026-05-09 03:55:00+08:00,23.68,81.0,421.0,0,1.785
2026-05-09 04:00:00+08:00,24.56,78.9,424.0,0,2.142
2026-05-09 04:05:00+08:00,24.35,80.8,417.0,0,1.885
2026-05-09 04:10:00+08:00,23.08,83.0,407.0,0,1.899
2026-05-09 04:15:00+08:00,24.27,77.9,407.0,0,1.973
2026-05-09 04:20:00+08:00,24.23,77.6,414.0,0,1.893
2026-05-09 04:25:00+08:00,23.74,-999.0,413.0,0,1.671
2026-05-09 04:30:00+08:00,24.23,83.0,421.0,0,1.772
2026-05-09 04:35:00+08:00,24.1,82.8,418.0,0,1.778
2026-05-09 04:40:00+08:00,24.67,74.8,431.0,0,1.841
2026-05-09 04:45:00+08:00,24.49,84.2,423.0,0,1.785
2026-05-09 04:50:00+08:00,24.29,79.6,419.0,0,2.017
2026-05-09 04:55:00+08:00,24.45,79.5,424.0,0,1.9
2026-05-09 05:00:00+08:00,24.62,80.8,428.0,0,1.776
2026-05-09 05:05:00+08:00,24.53,77.6,426.0,0,2.258
2026-05-09 05:10:00+08:00,24.87,76.8,429.0,0,1.689
2026-05-09 05:15:00+08:00,24.35,83.1,430.0,0,2.007
2026-05-09 05:20:00+08:00,24.61,75.4,418.0,0,2.087
2026-05-09 05:25:00+08:00,24.01,82.0,414.0,0,2.197
2026-05-09 05:30:00+08:00,24.81,75.0,415.0,0,2.133
2026-05-09 05:35:00+08:00,24.07,81.9,411.0,0,1.644
2026-05-09 05:40:00+08:00,25.27,79.2,410.0,0,2.033
2026-05-09 05:45:00+08:00,24.59,73.2,409.0,0,2.279
2026-05-09 05:50:00+08:00,24.83,72.6,412.0,0,1.862
2026-05-09 05:55:00+08:00,24.98,77.0,416.0,0,2.341
2026-05-09 06:00:00+08:00,24.22,81.2,414.0,0,2.064
2026-05-09 06:05:00+08:00,25.23,76.7,413.0,0,2.365
2026-05-09 06:10:00+08:00,24.89,81.3,410.0,0,2.231
2026-05-09 06:15:00+08:00,24.65,79.2,409.0,0,2.082
2026-05-09 06:20:00+08:00,25.8,76.9,410.0,0,2.485
2026-05-09 06:25:00+08:00,24.72,79.0,409.0,0,2.263
2026-05-09 06:30:00+08:00,25.26,80.8,397.0,0,2.044
2026-05-09 06:35:00+08:00,25.19,75.4,403.0,0,2.166
2026-05-09 06:40:00+08:00,25.51,76.5,409.0,0,2.133
2026-05-09 06:45:00+08:00,25.77,74.2,410.0,0,2.634
2026-05-09 06:50:00+08:00,26.0,73.8,407.0,0,2.102
2026-05-09 06:55:00+08:00,25.58,76.9,408.0,0,2.778
2026-05-09 07:00:00+08:00,25.54,81.2,404.0,0,2.352
2026-05-09 07:05:00+08:00,25.92,75.1,408.0,0,2.206
2026-05-09 07:10:00+08:00,25.43,76.4,404.0,0,2.668
2026-05-09 07:15:00+08:00,25.82,71.3,409.0,0,2.637
2026-05-09 07:20:00+08:00,25.87,74.4,404.0,0,2.434
2026-05-09 07:25:00+08:00,25.37,77.0,396.0,0,2.645
2026-05-09 07:30:00+08:00,25.6,76.2,397.0,0,2.14
2026-05-09 07:35:00+08:00,26.39,79.5,401.0,0,2.796
2026-05-09 07:40:00+08:00,26.35,77.3,403.0,0,2.181
2026-05-09 07:45:00+08:00,26.33,75.9,401.0,0,2.381
2026-05-09 07:50:00+08:00,25.54,77.6,415.0,0,2.585
2026-05-09 07:55:00+08:00,26.23,75.6,416.0,0,2.968
2026-05-09 08:00:00+08:00,26.39,73.7,411.0,0,2.446
2026-05-09 08:05:00+08:00,26.35,75.9,408.0,0,2.324
2026-05-09 08:10:00+08:00,26.69,78.1,406.0,0,2.624
2026-05-09 08:15:00+08:00,26.9,75.5,410.0,0,2.674
2026-05-09 08:20:00+08:00,26.69,75.9,418.0,0,2.761
2026-05-09 08:25:00+08:00,26.95,76.6,423.0,0,2.792
2026-05-09 08:30:00+08:00,27.11,74.7,423.0,0,2.782
2026-05-09 08:35:00+08:00,26.69,78.6,423.0,0,3.018
2026-05-09 08:40:00+08:00,27.08,74.2,422.0,0,2.819
2026-05-09 08:45:00+08:00,26.63,76.5,422.0,0,2.775
2026-05-09 08:50:00+08:00,26.66,73.3,423.0,0,2.603
2026-05-09 08:55:00+08:00,27.52,73.6,429.0,0,3.101
2026-05-09 08:55:00+08:00,27.52,73.6,429.0,0,3.101
2026-05-09 09:00:00+08:00,27.3,75.3,426.0,0,3.006
2026-05-09 09:05:00+08:00,27.64,74.7,422.0,0,2.909
2026-05-09 09:10:00+08:00,27.56,73.2,421.0,0,3.149
2026-05-09 09:15:00+08:00,27.93,71.1,427.0,0,3.308
2026-05-09 09:20:00+08:00,27.54,75.9,432.0,0,3.074
2026-05-09 09:25:00+08:00,28.19,74.2,430.0,0,3.404
2026-05-09 09:30:00+08:00,27.9,76.1,430.0,0,3.111
2026-05-09 09:35:00+08:00,27.74,72.6,422.0,0,2.897
2026-05-09 09:40:00+08:00,27.61,76.3,420.0,0,3.078
2026-05-09 09:45:00+08:00,27.56,73.0,421.0,0,3.14
2026-05-09 09:50:00+08:00,27.71,71.6,419.0,0,2.772
2026-05-09 09:55:00+08:00,27.78,76.8,419.0,0,3.206
2026-05-09 10:00:00+08:00,28.65,70.2,422.0,0,3.207
2026-05-09 10:05:00+08:00,28.8,74.4,417.0,0,3.175
2026-05-09 10:10:00+08:00,28.63,69.0,416.0,0,3.429
2026-05-09 10:15:00+08:00,28.21,69.4,418.0,0,3.158
2026-05-09 10:20:00+08:00,28.51,72.4,422.0,0,3.336
2026-05-09 10:25:00+08:00,28.52,73.9,430.0,0,3.33
2026-05-09 10:30:00+08:00,28.07,75.3,416.0,0,3.106
2026-05-09 10:35:00+08:00,28.1,72.2,421.0,0,3.193
2026-05-09 10:40:00+08:00,28.32,71.1,421.0,0,3.187
2026-05-09 10:45:00+08:00,28.63,69.7,424.0,0,3.459
2026-05-09 10:50:00+08:00,28.76,77.0,422.0,0,3.825
2026-05-09 10:55:00+08:00,28.95,67.4,421.0,0,3.509
2026-05-09 11:00:00+08:00,29.72,71.0,425.0,0,3.629
2026-05-09 11:05:00+08:00,29.53,68.1,431.0,0,3.405
2026-05-09 11:10:00+08:00,29.54,72.7,428.0,0,3.584
2026-05-09 11:15:00+08:00,29.5,72.6,436.0,0,3.649
2026-05-09 11:20:00+08:00,29.28,68.6,434.0,0,3.675
2026-05-09 11:25:00+08:00,28.84,72.9,429.0,0,3.62
2026-05-09 11:30:00+08:00,29.09,70.1,433.0,0,3.356
2026-05-09 11:35:00+08:00,30.12,64.9,427.0,0,3.809
2026-05-09 11:40:00+08:00,30.46,68.3,426.0,0,4.075
2026-05-09 11:45:00+08:00,30.01,67.0,432.0,0,3.726
2026-05-09 11:50:00+08:00,29.69,69.9,429.0,0,3.549
2026-05-09 11:55:00+08:00,29.55,66.9,435.0,0,3.804
2026-05-09 12:00:00+08:00,29.42,68.5,430.0,0,3.985
2026-05-09 12:05:00+08:00,29.65,67.7,421.0,0,3.413
2026-05-09 12:10:00+08:00,30.17,72.7,424.0,0,3.756
2026-05-09 12:15:00+08:00,30.95,66.1,423.0,0,4.035
2026-05-09 12:20:00+08:00,30.43,68.8,427.0,0,3.863
2026-05-09 12:25:00+08:00,29.94,67.7,420.0,0,3.56
2026-05-09 12:30:00+08:00,30.31,65.6,420.0,0,3.733
2026-05-09 12:35:00+08:00,29.34,71.4,419.0,0,3.869
2026-05-09 12:40:00+08:00,29.64,66.0,410.0,0,3.547
2026-05-09 12:45:00+08:00,30.58,-999.0,420.0,0,4.036
2026-05-09 12:50:00+08:00,30.23,68.1,423.0,0,4.071
2026-05-09 12:55:00+08:00,30.22,62.4,421.0,0,3.544
2026-05-09 13:00:00+08:00,29.81,70.7,420.0,0,3.932
2026-05-09 13:05:00+08:00,30.36,71.2,421.0,0,4.159
2026-05-09 13:10:00+08:00,30.58,68.0,414.0,0,4.112
2026-05-09 13:15:00+08:00,30.22,66.7,414.0,0,3.457
2026-05-09 13:20:00+08:00,30.23,71.5,405.0,0,3.855
2026-05-09 13:25:00+08:00,30.71,64.8,408.0,0,3.753
2026-05-09 13:30:00+08:00,30.61,66.1,409.0,0,3.892
2026-05-09 13:35:00+08:00,31.31,62.5,403.0,0,3.906
2026-05-09 13:40:00+08:00,30.44,70.0,400.0,0,4.057
2026-05-09 13:45:00+08:00,30.05,70.5,410.0,0,3.952
2026-05-09 13:50:00+08:00,30.52,64.9,415.0,0,3.667
2026-05-09 13:55:00+08:00,31.19,64.8,408.0,0,4.053
2026-05-09 14:00:00+08:00,30.33,64.6,410.0,0,3.941
2026-05-09 14:05:00+08:00,30.3,66.2,414.0,0,3.867
2026-05-09 14:10:00+08:00,30.39,71.3,419.0,0,4.127
2026-05-09 14:15:00+08:00,30.72,62.9,421.0,0,3.932
2026-05-09 14:20:00+08:00,31.0,66.8,422.0,0,3.722
2026-05-09 14:25:00+08:00,31.49,66.4,425.0,0,4.515
2026-05-09 14:30:00+08:00,30.06,70.7,421.0,0,3.846
2026-05-09 14:35:00+08:00,30.44,67.9,422.0,0,3.901
2026-05-09 14:40:00+08:00,30.23,68.1,414.0,0,3.838
2026-05-09 14:45:00+08:00,31.0,72.7,407.0,0,4.058
2026-05-09 14:50:00+08:00,30.75,67.2,414.0,0,3.675
2026-05-09 14:55:00+08:00,30.88,64.5,415.0,0,4.048
2026-05-09 15:00:00+08:00,30.51,72.0,408.0,0,4.053
2026-05-09 15:05:00+08:00,30.73,68.7,407.0,0,3.897
2026-05-09 15:10:00+08:00,31.07,66.8,408.0,0,4.285
2026-05-09 15:15:00+08:00,30.67,66.8,412.0,0,3.868
2026-05-09 15:20:00+08:00,30.82,67.9,413.0,0,4.22
2026-05-09 15:25:00+08:00,30.89,69.0,415.0,0,4.217
2026-05-09 15:30:00+08:00,29.98,67.9,412.0,0,3.43
2026-05-09 15:35:00+08:00,30.5,61.7,414.0,0,4.078
2026-05-09 15:40:00+08:00,31.33,69.8,402.0,0,4.12
2026-05-09 15:45:00+08:00,30.94,70.1,408.0,0,4.257
2026-05-09 15:50:00+08:00,30.92,68.4,407.0,0,3.972
2026-05-09 15:55:00+08:00,29.62,68.0,401.0,0,3.55
2026-05-09 16:00:00+08:00,30.34,62.7,407.0,0,3.88
2026-05-09 16:05:00+08:00,31.27,64.9,413.0,0,4.126
2026-05-09 16:10:00+08:00,30.66,65.7,415.0,0,4.054
2026-05-09 16:15:00+08:00,30.74,68.2,412.0,0,4.056
2026-05-09 16:20:00+08:00,29.9,71.4,410.0,0,3.727
2026-05-09 16:25:00+08:00,30.68,67.6,409.0,0,4.319
2026-05-09 16:30:00+08:00,29.88,66.4,410.0,0,3.747
2026-05-09 16:35:00+08:00,30.31,70.6,401.0,0,3.983
2026-05-09 16:40:00+08:00,29.69,70.5,407.0,0,3.871
2026-05-09 16:45:00+08:00,30.39,63.1,410.0,0,3.845
2026-05-09 16:50:00+08:00,30.51,66.9,412.0,0,4.004
2026-05-09 16:55:00+08:00,29.66,73.6,413.0,0,3.674
2026-05-09 17:00:00+08:00,30.43,68.9,416.0,0,4.134
2026-05-09 17:05:00+08:00,29.82,69.8,419.0,0,3.429
2026-05-09 17:10:00+08:00,30.39,67.2,417.0,0,3.801
2026-05-09 17:15:00+08:00,29.84,69.8,423.0,0,3.868
2026-05-09 17:20:00+08:00,30.28,69.8,427.0,0,3.707
2026-05-09 17:25:00+08:00,29.79,71.0,420.0,0,3.731
2026-05-09 17:30:00+08:00,29.13,69.3,429.0,0,3.589
2026-05-09 17:35:00+08:00,30.18,71.1,424.0,0,3.655
2026-05-09 17:40:00+08:00,29.54,70.6,426.0,0,3.753
2026-05-09 17:45:00+08:00,30.56,65.9,432.0,0,3.796
2026-05-09 17:50:00+08:00,30.2,66.2,426.0,0,3.805
2026-05-09 17:55:00+08:00,29.75,75.0,424.0,0,3.49
2026-05-09 18:00:00+08:00,29.53,72.8,431.0,0,3.293
2026-05-09 18:05:00+08:00,29.08,74.0,422.0,0,3.579
2026-05-09 18:10:00+08:00,29.1,67.1,404.0,0,3.65
2026-05-09 18:15:00+08:00,29.33,72.6,400.0,0,3.623
2026-05-09 18:20:00+08:00,29.25,78.1,397.0,0,3.76
2026-05-09 18:25:00+08:00,29.64,69.7,401.0,0,3.669
2026-05-09 18:30:00+08:00,29.82,72.1,399.0,0,3.745
2026-05-09 18:35:00+08:00,30.12,68.3,405.0,0,3.55
2026-05-09 18:40:00+08:00,29.46,70.6,402.0,0,3.598
2026-05-09 18:45:00+08:00,29.0,68.6,401.0,0,3.588
2026-05-09 18:50:00+08:00,29.15,69.7,400.0,0,3.412
2026-05-09 18:55:00+08:00,28.91,74.7,402.0,0,3.425
2026-05-09 19:00:00+08:00,28.9,73.4,403.0,0,3.71
2026-05-09 19:05:00+08:00,29.05,73.5,394.0,0,3.593
2026-05-09 19:10:00+08:00,29.21,69.9,398.0,0,3.57
2026-05-09 19:15:00+08:00,28.61,67.3,399.0,0,3.609
2026-05-09 19:20:00+08:00,28.65,77.5,407.0,0,3.335
2026-05-09 19:25:00+08:00,28.67,70.7,410.0,0,3.357
2026-05-09 19:30:00+08:00,28.07,70.9,408.0,0,3.215
2026-05-09 19:35:00+08:00,28.29,72.1,413.0,0,3.42
2026-05-09 19:40:00+08:00,29.15,73.5,416.0,0,3.433
2026-05-09 19:45:00+08:00,28.13,74.5,418.0,0,3.117
2026-05-09 19:50:00+08:00,27.77,77.2,410.0,0,3.05
2026-05-09 19:55:00+08:00,28.22,72.1,408.0,0,3.291
2026-05-09 20:00:00+08:00,28.36,74.1,404.0,0,2.811
2026-05-09 20:05:00+08:00,27.67,73.7,412.0,0,3.254
2026-05-09 20:10:00+08:00,27.47,77.5,413.0,0,2.782
2026-05-09 20:15:00+08:00,27.78,69.4,417.0,0,2.831
2026-05-09 20:20:00+08:00,28.1,71.6,418.0,0,3.118
2026-05-09 20:25:00+08:00,27.73,72.9,410.0,0,3.163
2026-05-09 20:30:00+08:00,27.67,76.1,413.0,0,3.068
2026-05-09 20:35:00+08:00,27.46,71.3,418.0,0,2.921
2026-05-09 20:40:00+08:00,27.51,74.1,412.0,0,3.057
2026-05-09 20:45:00+08:00,27.05,71.3,407.0,0,2.862
2026-05-09 20:50:00+08:00,27.6,73.7,410.0,0,2.996
2026-05-09 20:55:00+08:00,27.93,74.1,419.0,0,3.135
2026-05-09 21:00:00+08:00,27.71,69.6,424.0,0,3.185
2026-05-09 21:05:00+08:00,27.39,76.4,431.0,0,3.129
2026-05-09 21:10:00+08:00,27.02,75.5,425.0,0,2.364
2026-05-09 21:15:00+08:00,27.68,73.6,408.0,0,2.952
2026-05-09 21:20:00+08:00,27.07,76.0,406.0,0,2.859
2026-05-09 21:25:00+08:00,26.15,74.2,404.0,0,2.691
2026-05-09 21:30:00+08:00,26.24,72.6,409.0,0,2.419
2026-05-09 21:35:00+08:00,27.22,74.4,416.0,0,3.01
2026-05-09 21:40:00+08:00,26.5,77.7,421.0,0,2.817
2026-05-09 21:45:00+08:00,27.22,74.4,423.0,0,2.677
2026-05-09 21:50:00+08:00,26.49,75.1,424.0,0,2.611
2026-05-09 21:55:00+08:00,25.62,77.5,422.0,0,2.163
2026-05-09 22:00:00+08:00,26.54,74.9,431.0,0,2.582
2026-05-09 22:05:00+08:00,27.19,72.8,433.0,0,2.628
2026-05-09 22:10:00+08:00,26.14,80.2,428.0,0,2.417
2026-05-09 22:15:00+08:00,26.58,71.9,430.0,0,2.561
2026-05-09 22:20:00+08:00,26.16,75.1,427.0,0,2.533
2026-05-09 22:25:00+08:00,25.79,80.9,422.0,0,2.506
2026-05-09 22:30:00+08:00,25.62,74.8,413.0,0,2.35
2026-05-09 22:35:00+08:00,25.73,75.1,409.0,0,1.901
2026-05-09 22:40:00+08:00,26.32,81.5,409.0,0,2.603
2026-05-09 22:45:00+08:00,25.31,75.9,412.0,0,2.525
2026-05-09 22:50:00+08:00,25.69,77.4,409.0,0,2.594
2026-05-09 22:55:00+08:00,25.97,76.8,415.0,0,2.25
2026-05-09 23:00:00+08:00,25.33,78.8,407.0,0,2.087
2026-05-09 23:05:00+08:00,25.75,80.2,410.0,0,2.141
2026-05-09 23:10:00+08:00,25.62,76.4,404.0,0,2.151
2026-05-09 23:15:00+08:00,25.34,74.8,401.0,0,2.431
2026-05-09 23:20:00+08:00,25.81,76.2,401.0,0,2.602
2026-05-09 23:25:00+08:00,24.78,76.7,404.0,0,1.96
2026-05-09 23:30:00+08:00,25.38,81.3,405.0,0,2.265
2026-05-09 23:35:00+08:00,24.99,78.3,411.0,0,2.167
2026-05-09 23:40:00+08:00,24.29,82.6,411.0,0,1.761
2026-05-09 23:45:00+08:00,24.86,77.7,411.0,0,2.176
2026-05-09 23:50:00+08:00,24.17,76.9,419.0,0,1.563
2026-05-09 23:55:00+08:00,24.49,79.8,419.0,0,1.933
2026-05-10 00:00:00+08:00,25.0,79.1,417.0,0,2.197
2026-05-10 00:05:00+08:00,24.77,80.2,415.0,0,1.81
2026-05-10 00:10:00+08:00,24.94,78.9,415.0,0,1.943
2026-05-10 00:15:00+08:00,25.09,76.6,417.0,0,1.943
2026-05-10 00:20:00+08:00,24.27,75.2,416.0,0,1.829
2026-05-10 00:25:00+08:00,24.67,77.7,416.0,0,1.962
2026-05-10 00:30:00+08:00,24.66,77.8,425.0,0,1.998
2026-05-10 00:35:00+08:00,24.53,79.1,422.0,0,2.007
2026-05-10 00:40:00+08:00,24.75,78.5,425.0,0,1.924
2026-05-10 00:45:00+08:00,24.62,77.9,429.0,0,2.039
2026-05-10 00:50:00+08:00,23.37,84.2,424.0,0,1.814
2026-05-10 00:55:00+08:00,24.78,74.4,421.0,0,2.024
2026-05-10 01:00:00+08:00,24.42,79.4,419.0,0,2.004
2026-05-10 01:05:00+08:00,23.53,83.4,417.0,0,1.501
2026-05-10 01:10:00+08:00,23.87,83.4,419.0,0,1.732
2026-05-10 01:15:00+08:00,23.47,85.7,424.0,0,1.778
2026-05-10 01:20:00+08:00,24.86,77.2,430.0,0,2.079
2026-05-10 01:25:00+08:00,23.14,82.7,425.0,0,1.721
2026-05-10 01:30:00+08:00,23.96,80.5,428.0,0,1.618
2026-05-10 01:35:00+08:00,23.81,79.6,431.0,0,1.704
2026-05-10 01:40:00+08:00,24.78,76.8,433.0,0,2.197
2026-05-10 01:45:00+08:00,23.64,82.9,432.0,0,1.575
2026-05-10 01:50:00+08:00,24.55,76.8,429.0,0,1.505
2026-05-10 01:55:00+08:00,23.94,82.7,419.0,0,1.781
2026-05-10 02:00:00+08:00,23.05,82.2,420.0,0,1.939
2026-05-10 02:05:00+08:00,23.72,78.2,405.0,0,1.445
2026-05-10 02:10:00+08:00,23.84,80.4,392.0,0,2.025
2026-05-10 02:15:00+08:00,23.8,82.9,395.0,0,1.723
2026-05-10 02:20:00+08:00,23.8,80.9,406.0,0,1.715
2026-05-10 02:25:00+08:00,24.53,78.4,413.0,0,1.742
2026-05-10 02:30:00+08:00,23.85,79.7,406.0,0,2.031
2026-05-10 02:35:00+08:00,23.58,83.1,409.0,0,1.724
2026-05-10 02:40:00+08:00,23.81,82.1,406.0,0,1.443
2026-05-10 02:45:00+08:00,23.45,78.4,407.0,0,1.68
2026-05-10 02:50:00+08:00,23.58,81.0,411.0,0,1.621
2026-05-10 02:55:00+08:00,23.34,81.7,414.0,0,1.673
2026-05-10 03:00:00+08:00,24.02,81.6,418.0,0,2.053
2026-05-10 03:05:00+08:00,24.51,77.4,418.0,0,1.718
2026-05-10 03:10:00+08:00,23.61,83.9,413.0,0,1.915
2026-05-10 03:15:00+08:00,23.65,79.6,414.0,0,1.669
2026-05-10 03:20:00+08:00,24.36,78.8,417.0,0,1.801
2026-05-10 03:25:00+08:00,24.0,79.8,424.0,0,1.799
2026-05-10 03:30:00+08:00,24.29,79.3,430.0,0,1.902
2026-05-10 03:35:00+08:00,23.99,79.1,441.0,0,1.755
2026-05-10 03:40:00+08:00,23.53,76.6,441.0,0,1.472
2026-05-10 03:45:00+08:00,23.79,80.7,439.0,0,1.912
2026-05-10 03:50:00+08:00,23.53,78.7,437.0,0,1.646
2026-05-10 03:55:00+08:00,23.66,85.0,431.0,0,1.883
2026-05-10 04:00:00+08:00,23.81,79.5,431.0,0,1.533
2026-05-10 04:05:00+08:00,23.93,78.3,439.0,0,2.001
2026-05-10 04:10:00+08:00,24.58,75.0,438.0,0,2.177
2026-05-10 04:15:00+08:00,24.42,77.3,439.0,0,1.898
2026-05-10 04:20:00+08:00,24.71,79.0,441.0,0,2.025
2026-05-10 04:25:00+08:00,23.6,80.3,450.0,0,1.915
2026-05-10 04:30:00+08:00,23.91,79.1,442.0,0,2.075
2026-05-10 04:35:00+08:00,24.83,78.4,447.0,0,2.042
2026-05-10 04:40:00+08:00,24.19,81.5,446.0,0,1.384
2026-05-10 04:45:00+08:00,24.39,80.8,445.0,0,1.975
2026-05-10 04:50:00+08:00,25.06,78.7,444.0,0,1.817
2026-05-10 04:55:00+08:00,24.71,77.8,450.0,0,2.08
2026-05-10 05:00:00+08:00,23.88,77.7,452.0,0,1.77
2026-05-10 05:05:00+08:00,24.24,76.9,449.0,0,1.826
2026-05-10 05:10:00+08:00,24.3,79.6,449.0,0,2.217
2026-05-10 05:15:00+08:00,24.26,76.2,453.0,0,1.908
2026-05-10 05:20:00+08:00,25.02,79.4,458.0,0,2.005
2026-05-10 05:25:00+08:00,24.93,75.7,456.0,0,1.894
2026-05-10 05:30:00+08:00,24.76,74.8,451.0,0,2.179
2026-05-10 05:35:00+08:00,25.25,75.5,453.0,0,2.057
2026-05-10 05:40:00+08:00,25.11,77.7,452.0,0,1.82
2026-05-10 05:45:00+08:00,25.26,76.0,452.0,0,2.294
2026-05-10 05:50:00+08:00,24.58,74.0,447.0,0,1.769
2026-05-10 05:55:00+08:00,23.98,81.9,451.0,0,2.066
2026-05-10 06:00:00+08:00,24.68,78.9,447.0,0,1.823
2026-05-10 06:05:00+08:00,24.85,81.7,442.0,0,2.214
2026-05-10 06:10:00+08:00,25.31,79.1,440.0,0,2.143
2026-05-10 06:15:00+08:00,24.47,79.2,444.0,0,1.995
2026-05-10 06:20:00+08:00,25.05,76.5,431.0,0,2.073
2026-05-10 06:25:00+08:00,25.23,75.9,418.0,0,2.59
2026-05-10 06:30:00+08:00,25.5,78.8,414.0,0,2.235
2026-05-10 06:35:00+08:00,24.26,78.3,417.0,0,2.008
2026-05-10 06:40:00+08:00,25.15,78.0,418.0,0,1.841
2026-05-10 06:45:00+08:00,25.43,74.1,426.0,0,2.522
2026-05-10 06:50:00+08:00,25.25,76.2,433.0,0,1.839
2026-05-10 06:55:00+08:00,25.69,74.5,427.0,0,2.227
2026-05-10 07:00:00+08:00,25.7,75.8,431.0,0,2.449
2026-05-10 07:05:00+08:00,26.01,72.9,430.0,0,2.147
2026-05-10 07:10:00+08:00,25.95,75.6,428.0,0,2.651
2026-05-10 07:15:00+08:00,24.59,78.4,422.0,0,2.383
2026-05-10 07:20:00+08:00,25.57,79.1,419.0,0,2.54
2026-05-10 07:25:00+08:00,26.02,76.9,416.0,0,2.648
2026-05-10 07:30:00+08:00,25.81,78.1,414.0,0,2.518
2026-05-10 07:35:00+08:00,26.13,71.5,412.0,0,2.556
2026-05-10 07:40:00+08:00,26.38,74.3,408.0,0,2.149
2026-05-10 07:45:00+08:00,26.47,74.0,416.0,0,2.771
2026-05-10 07:50:00+08:00,27.19,71.6,421.0,0,2.966
2026-05-10 07:55:00+08:00,26.96,75.7,418.0,0,2.724
2026-05-10 08:00:00+08:00,26.63,71.6,423.0,0,2.951
2026-05-10 08:05:00+08:00,26.59,77.2,425.0,0,2.967
2026-05-10 08:10:00+08:00,26.71,78.6,422.0,0,2.325
2026-05-10 08:15:00+08:00,26.68,76.2,427.0,0,2.507
2026-05-10 08:20:00+08:00,27.1,72.5,426.0,0,2.721
2026-05-10 08:25:00+08:00,26.82,73.0,433.0,0,2.602
2026-05-10 08:30:00+08:00,26.97,79.6,440.0,0,2.661
2026-05-10 08:35:00+08:00,27.28,74.8,436.0,0,3.075
2026-05-10 08:40:00+08:00,26.94,75.1,430.0,0,2.562
2026-05-10 08:45:00+08:00,27.93,69.8,435.0,0,3.02
2026-05-10 08:50:00+08:00,27.52,74.9,423.0,0,3.03
2026-05-10 08:55:00+08:00,26.91,75.5,416.0,0,3.013
2026-05-10 09:00:00+08:00,26.97,77.5,418.0,0,2.641
2026-05-10 09:05:00+08:00,27.25,71.5,420.0,0,2.881
2026-05-10 09:10:00+08:00,26.91,71.7,422.0,0,2.887
2026-05-10 09:15:00+08:00,27.94,78.4,431.0,0,3.194
2026-05-10 09:20:00+08:00,28.23,70.0,429.0,0,2.859
2026-05-10 09:25:00+08:00,27.39,76.1,424.0,0,3.287
2026-05-10 09:30:00+08:00,29.54,67.8,426.0,0,3.601
2026-05-10 09:35:00+08:00,27.09,69.8,423.0,0,2.88
2026-05-10 09:40:00+08:00,27.92,71.7,424.0,0,3.063
2026-05-10 09:45:00+08:00,28.0,70.6,426.0,0,2.997
2026-05-10 09:50:00+08:00,27.87,72.9,418.0,0,3.253
2026-05-10 09:55:00+08:00,27.52,74.3,414.0,0,3.255
2026-05-10 10:00:00+08:00,28.28,70.0,413.0,0,3.328
2026-05-10 10:05:00+08:00,28.69,69.8,414.0,0,3.29
2026-05-10 10:10:00+08:00,28.69,73.1,426.0,0,3.485
2026-05-10 10:15:00+08:00,28.53,70.0,413.0,0,3.568
2026-05-10 10:20:00+08:00,27.56,76.6,404.0,0,2.927
2026-05-10 10:25:00+08:00,28.57,66.7,401.0,0,3.235
2026-05-10 10:30:00+08:00,29.1,71.6,398.0,0,3.197
2026-05-10 10:35:00+08:00,28.77,75.5,399.0,0,3.042
2026-05-10 10:40:00+08:00,28.71,73.9,400.0,0,3.24
2026-05-10 10:45:00+08:00,28.55,73.1,397.0,0,3.119
2026-05-10 10:50:00+08:00,28.73,67.7,406.0,0,3.187
2026-05-10 10:55:00+08:00,28.59,73.0,412.0,0,3.178
2026-05-10 11:00:00+08:00,29.6,68.1,415.0,0,3.445
2026-05-10 11:05:00+08:00,29.77,65.8,410.0,0,3.941
2026-05-10 11:10:00+08:00,28.65,70.8,414.0,0,3.303
2026-05-10 11:15:00+08:00,30.02,67.5,413.0,0,3.814
2026-05-10 11:20:00+08:00,29.57,65.4,417.0,0,3.794
2026-05-10 11:25:00+08:00,30.08,69.1,420.0,0,3.93
2026-05-10 11:30:00+08:00,29.23,70.4,422.0,0,3.349
2026-05-10 11:35:00+08:00,29.16,73.1,417.0,0,3.267
2026-05-10 11:40:00+08:00,29.79,69.9,417.0,0,3.945
2026-05-10 11:45:00+08:00,29.95,65.8,417.0,0,3.201
2026-05-10 11:50:00+08:00,29.79,66.3,411.0,0,3.561
2026-05-10 11:55:00+08:00,29.81,69.6,410.0,0,3.448
2026-05-10 12:00:00+08:00,29.25,67.6,414.0,0,3.629
2026-05-10 12:05:00+08:00,29.83,68.2,419.0,0,3.931
2026-05-10 12:10:00+08:00,29.28,71.3,420.0,0,3.534
2026-05-10 12:15:00+08:00,29.82,68.0,425.0,0,3.918
2026-05-10 12:20:00+08:00,30.01,67.0,423.0,0,3.656
2026-05-10 12:25:00+08:00,30.33,66.5,433.0,0,3.562
2026-05-10 12:30:00+08:00,29.87,75.6,432.0,0,3.783
2026-05-10 12:35:00+08:00,29.79,66.1,431.0,0,3.687
2026-05-10 12:40:00+08:00,31.12,67.1,436.0,0,4.21
2026-05-10 12:45:00+08:00,30.36,67.7,431.0,0,4.063
2026-05-10 12:50:00+08:00,29.73,70.6,433.0,0,3.672
2026-05-10 12:55:00+08:00,29.82,70.0,422.0,0,3.432
2026-05-10 13:00:00+08:00,29.87,67.6,418.0,0,3.996
2026-05-10 13:05:00+08:00,29.54,67.5,413.0,0,3.828
2026-05-10 13:10:00+08:00,30.81,65.3,410.0,0,3.866
2026-05-10 13:15:00+08:00,30.07,67.4,414.0,0,3.96
2026-05-10 13:20:00+08:00,30.11,69.8,414.0,0,3.36
2026-05-10 13:25:00+08:00,30.68,65.5,407.0,0,3.936
2026-05-10 13:30:00+08:00,30.28,65.4,408.0,0,4.098
2026-05-10 13:35:00+08:00,30.88,67.8,410.0,0,3.851
2026-05-10 13:40:00+08:00,30.54,68.9,414.0,0,4.095
2026-05-10 13:45:00+08:00,30.67,69.2,414.0,0,3.8
2026-05-10 13:50:00+08:00,30.26,74.1,408.0,0,4.234
2026-05-10 13:55:00+08:00,29.75,71.7,409.0,0,3.993
2026-05-10 14:00:00+08:00,30.39,67.3,414.0,0,4.105
2026-05-10 14:05:00+08:00,31.71,65.7,421.0,0,3.979
2026-05-10 14:10:00+08:00,30.32,69.0,417.0,0,3.49
2026-05-10 14:15:00+08:00,30.11,67.9,422.0,0,3.778
2026-05-10 14:20:00+08:00,30.53,68.8,425.0,0,3.679
2026-05-10 14:25:00+08:00,31.04,62.0,425.0,0,4.16
2026-05-10 14:30:00+08:00,30.28,70.3,427.0,0,3.953
2026-05-10 14:35:00+08:00,30.1,72.7,433.0,0,4.091
2026-05-10 14:40:00+08:00,30.96,68.2,427.0,0,3.883
2026-05-10 14:45:00+08:00,31.54,69.3,426.0,0,3.921
2026-05-10 14:50:00+08:00,30.85,69.1,417.0,0,3.815
2026-05-10 14:55:00+08:00,31.06,65.4,413.0,0,4.106
2026-05-10 15:00:00+08:00,30.48,67.2,414.0,0,3.98
2026-05-10 15:05:00+08:00,31.55,68.3,419.0,0,4.261
2026-05-10 15:10:00+08:00,30.96,67.1,433.0,0,4.264
2026-05-10 15:15:00+08:00,30.29,67.8,434.0,0,3.541
2026-05-10 15:20:00+08:00,30.06,68.2,432.0,0,3.808
2026-05-10 15:25:00+08:00,31.0,67.0,442.0,0,4.08
2026-05-10 15:25:00+08:00,31.0,67.0,442.0,0,4.08
2026-05-10 15:30:00+08:00,30.25,64.4,436.0,0,3.863
2026-05-10 15:35:00+08:00,31.18,65.2,433.0,0,3.911
2026-05-10 15:40:00+08:00,30.74,63.9,428.0,0,3.838
2026-05-10 15:45:00+08:00,30.86,66.7,423.0,0,4.016
2026-05-10 15:50:00+08:00,30.75,64.8,430.0,0,4.396
2026-05-10 15:55:00+08:00,30.46,68.2,431.0,0,4.081
2026-05-10 16:00:00+08:00,30.71,68.6,431.0,0,4.002
2026-05-10 16:05:00+08:00,31.31,69.3,428.0,0,4.23
2026-05-10 16:10:00+08:00,30.61,67.6,435.0,0,3.878
2026-05-10 16:15:00+08:00,29.77,69.0,440.0,0,3.9
2026-05-10 16:20:00+08:00,31.65,59.7,442.0,0,4.03
2026-05-10 16:25:00+08:00,30.0,72.2,443.0,0,4.003
2026-05-10 16:30:00+08:00,30.31,66.4,445.0,0,4.444
2026-05-10 16:35:00+08:00,29.81,72.1,449.0,0,3.68
2026-05-10 16:40:00+08:00,30.41,68.6,449.0,0,3.763
2026-05-10 16:45:00+08:00,30.16,68.0,442.0,0,3.789
2026-05-10 16:50:00+08:00,30.46,68.9,443.0,0,4.027
2026-05-10 16:55:00+08:00,30.49,65.3,438.0,0,3.778
2026-05-10 17:00:00+08:00,29.78,70.8,438.0,0,3.823
2026-05-10 17:05:00+08:00,29.94,67.2,438.0,0,3.956
2026-05-10 17:10:00+08:00,30.93,69.9,435.0,0,4.022
2026-05-10 17:15:00+08:00,30.71,67.5,431.0,0,4.017
2026-05-10 17:20:00+08:00,30.63,71.4,428.0,0,3.854
2026-05-10 17:25:00+08:00,30.56,68.1,429.0,0,4.121
2026-05-10 17:30:00+08:00,30.29,70.9,428.0,0,3.571
2026-05-10 17:35:00+08:00,29.93,66.6,427.0,0,3.859
2026-05-10 17:40:00+08:00,30.45,68.1,438.0,0,3.757
2026-05-10 17:45:00+08:00,29.37,70.6,441.0,0,3.366
2026-05-10 17:50:00+08:00,30.27,68.3,435.0,0,4.148
2026-05-10 17:55:00+08:00,29.49,73.4,430.0,0,3.398
2026-05-10 18:00:00+08:00,29.24,71.4,432.0,0,3.559
2026-05-10 18:05:00+08:00,29.8,67.5,432.0,0,3.743
2026-05-10 18:10:00+08:00,29.82,72.3,426.0,0,3.37
2026-05-10 18:15:00+08:00,29.28,69.7,427.0,0,3.375
2026-05-10 18:20:00+08:00,29.08,67.3,421.0,0,3.335
2026-05-10 18:25:00+08:00,29.91,72.1,425.0,0,3.556
2026-05-10 18:30:00+08:00,29.42,68.4,426.0,0,3.328
2026-05-10 18:35:00+08:00,29.2,66.0,427.0,0,3.75
2026-05-10 18:40:00+08:00,29.72,66.8,437.0,0,3.762
2026-05-10 18:45:00+08:00,29.57,72.7,432.0,0,4.018
2026-05-10 18:50:00+08:00,29.38,72.5,421.0,0,3.582
2026-05-10 18:55:00+08:00,28.22,71.0,423.0,0,3.546
2026-05-10 19:00:00+08:00,29.17,66.5,422.0,0,3.539
2026-05-10 19:05:00+08:00,29.14,66.7,427.0,0,3.363
2026-05-10 19:10:00+08:00,28.68,70.6,426.0,0,3.224
2026-05-10 19:15:00+08:00,28.5,70.9,429.0,0,3.189
2026-05-10 19:20:00+08:00,28.58,74.8,434.0,0,3.286
2026-05-10 19:25:00+08:00,28.67,74.0,432.0,0,3.59
2026-05-10 19:30:00+08:00,28.44,72.5,429.0,0,3.488
2026-05-10 19:35:00+08:00,28.37,68.5,420.0,0,3.238
2026-05-10 19:40:00+08:00,28.44,74.7,418.0,0,3.608
2026-05-10 19:45:00+08:00,28.76,72.1,416.0,0,3.346
2026-05-10 19:50:00+08:00,28.04,74.7,416.0,0,2.984
2026-05-10 19:55:00+08:00,27.36,75.9,416.0,0,3.018
2026-05-10 20:00:00+08:00,27.36,72.1,417.0,0,2.979
2026-05-10 20:05:00+08:00,27.52,74.3,417.0,0,2.816
2026-05-10 20:10:00+08:00,28.69,70.8,429.0,0,3.368
2026-05-10 20:15:00+08:00,27.74,74.3,429.0,0,3.168
2026-05-10 20:20:00+08:00,27.6,72.7,426.0,0,3.249
2026-05-10 20:25:00+08:00,27.95,72.6,425.0,0,3.094
2026-05-10 20:30:00+08:00,27.92,70.1,424.0,0,2.854
2026-05-10 20:35:00+08:00,27.5,73.0,426.0,0,2.855
2026-05-10 20:40:00+08:00,27.37,77.2,422.0,0,3.089
2026-05-10 20:45:00+08:00,27.46,71.8,429.0,0,2.821
2026-05-10 20:50:00+08:00,26.96,75.0,425.0,0,2.541
2026-05-10 20:55:00+08:00,27.23,78.9,422.0,0,2.793
2026-05-10 21:00:00+08:00,27.16,71.1,416.0,0,3.214
2026-05-10 21:05:00+08:00,27.11,74.3,417.0,0,2.526
2026-05-10 21:10:00+08:00,27.14,75.6,417.0,0,2.803
2026-05-10 21:15:00+08:00,26.74,74.7,420.0,0,2.742
2026-05-10 21:20:00+08:00,26.82,74.4,412.0,0,2.575
2026-05-10 21:25:00+08:00,26.91,76.3,405.0,0,3.001
2026-05-10 21:30:00+08:00,27.07,74.3,403.0,0,3.108
2026-05-10 21:35:00+08:00,26.8,72.4,415.0,0,2.641
2026-05-10 21:40:00+08:00,26.59,74.0,416.0,0,2.874
2026-05-10 21:45:00+08:00,26.57,76.5,405.0,0,2.508
2026-05-10 21:50:00+08:00,26.4,74.2,406.0,0,2.329
2026-05-10 21:55:00+08:00,26.19,79.3,407.0,0,2.251
2026-05-10 22:00:00+08:00,27.03,72.5,415.0,0,2.458
2026-05-10 22:05:00+08:00,26.34,73.7,422.0,0,2.422
2026-05-10 22:10:00+08:00,26.3,72.8,428.0,0,2.456
2026-05-10 22:15:00+08:00,26.73,72.1,436.0,0,2.51
2026-05-10 22:20:00+08:00,26.09,79.0,435.0,0,2.588
2026-05-10 22:25:00+08:00,25.92,79.8,435.0,0,2.187
2026-05-10 22:30:00+08:00,26.13,76.8,438.0,0,2.518
2026-05-10 22:35:00+08:00,25.62,79.7,443.0,0,1.997
2026-05-10 22:40:00+08:00,26.15,75.6,440.0,0,2.496
2026-05-10 22:45:00+08:00,25.2,79.3,439.0,0,2.19
2026-05-10 22:50:00+08:00,25.83,74.5,438.0,0,2.269
2026-05-10 22:55:00+08:00,25.49,77.6,438.0,0,2.199
2026-05-10 23:00:00+08:00,25.58,76.8,433.0,0,2.032
2026-05-10 23:05:00+08:00,25.08,78.4,442.0,0,2.488
2026-05-10 23:10:00+08:00,26.57,74.4,442.0,0,2.451
2026-05-10 23:15:00+08:00,25.95,74.2,445.0,0,2.393
2026-05-10 23:20:00+08:00,24.83,77.5,442.0,0,1.868
2026-05-10 23:25:00+08:00,26.09,77.6,441.0,0,2.196
2026-05-10 23:30:00+08:00,25.0,80.2,441.0,0,2.215
2026-05-10 23:35:00+08:00,25.48,79.7,434.0,0,2.52
2026-05-10 23:40:00+08:00,26.12,74.1,434.0,0,2.769
2026-05-10 23:45:00+08:00,25.55,82.3,430.0,0,2.499
2026-05-10 23:50:00+08:00,23.97,79.1,437.0,0,2.072
2026-05-10 23:55:00+08:00,24.64,80.1,441.0,0,2.096
2026-05-11 00:00:00+08:00,25.98,76.5,438.0,0,2.526
2026-05-11 00:05:00+08:00,24.96,77.0,434.0,0,1.81
2026-05-11 00:10:00+08:00,24.54,75.8,423.0,0,2.095
2026-05-11 00:15:00+08:00,24.45,75.4,429.0,0,2.145
2026-05-11 00:20:00+08:00,24.16,79.7,419.0,0,2.006
2026-05-11 00:25:00+08:00,24.88,76.6,411.0,0,2.315
2026-05-11 00:30:00+08:00,25.45,78.7,420.0,0,2.157
2026-05-11 00:35:00+08:00,24.04,78.8,425.0,0,1.808
2026-05-11 00:40:00+08:00,24.26,80.7,428.0,0,1.729
2026-05-11 00:45:00+08:00,24.15,-999.0,431.0,0,1.898
2026-05-11 00:50:00+08:00,24.56,77.9,429.0,0,2.086
2026-05-11 00:55:00+08:00,24.04,81.5,425.0,0,1.647
2026-05-11 01:00:00+08:00,24.67,81.9,430.0,0,2.16
2026-05-11 01:05:00+08:00,24.8,75.5,426.0,0,2.071
2026-05-11 01:10:00+08:00,24.13,84.7,420.0,0,2.066
2026-05-11 01:15:00+08:00,24.53,76.6,420.0,0,1.968
2026-05-11 01:20:00+08:00,24.25,81.7,420.0,0,1.48
2026-05-11 01:25:00+08:00,24.24,79.5,417.0,0,1.956
2026-05-11 01:30:00+08:00,24.39,80.1,419.0,0,1.695
2026-05-11 01:35:00+08:00,24.49,83.1,415.0,0,1.751
2026-05-11 01:40:00+08:00,23.44,83.9,419.0,0,1.824
2026-05-11 01:45:00+08:00,24.51,78.3,419.0,0,1.888
2026-05-11 01:50:00+08:00,24.09,80.6,418.0,0,2.005
2026-05-11 01:55:00+08:00,24.45,79.8,418.0,0,1.851
2026-05-11 02:00:00+08:00,23.24,82.5,426.0,0,1.957
2026-05-11 02:05:00+08:00,23.81,77.4,421.0,0,1.706
2026-05-11 02:05:00+08:00,23.81,77.4,421.0,0,1.706
2026-05-11 02:10:00+08:00,24.53,81.6,420.0,0,2.2
2026-05-11 02:15:00+08:00,23.05,83.9,420.0,0,1.626
2026-05-11 02:20:00+08:00,24.21,78.5,432.0,0,1.501
2026-05-11 02:25:00+08:00,24.47,79.0,430.0,0,2.342
2026-05-11 02:30:00+08:00,24.2,79.9,426.0,0,1.751
2026-05-11 02:35:00+08:00,24.91,78.9,425.0,0,1.953
2026-05-11 02:40:00+08:00,24.31,82.6,415.0,0,1.863
2026-05-11 02:45:00+08:00,24.25,77.1,412.0,0,1.548
2026-05-11 02:50:00+08:00,24.07,82.5,419.0,0,1.672
2026-05-11 02:55:00+08:00,23.48,80.4,424.0,0,1.9
2026-05-11 03:00:00+08:00,23.88,81.3,421.0,0,1.65
2026-05-11 03:00:00+08:00,23.88,81.3,421.0,0,1.65
2026-05-11 03:05:00+08:00,23.91,80.8,416.0,0,1.926
2026-05-11 03:10:00+08:00,24.09,77.9,415.0,0,1.957
2026-05-11 03:15:00+08:00,24.72,78.8,406.0,0,2.099
2026-05-11 03:20:00+08:00,23.56,82.0,414.0,0,2.057
2026-05-11 03:25:00+08:00,24.94,81.1,410.0,0,2.143
2026-05-11 03:30:00+08:00,24.31,77.8,416.0,0,1.99
2026-05-11 03:35:00+08:00,23.83,80.8,419.0,0,1.522
2026-05-11 03:40:00+08:00,23.99,79.1,425.0,0,1.514
2026-05-11 03:45:00+08:00,23.08,84.4,434.0,0,1.546
2026-05-11 03:50:00+08:00,23.44,80.3,434.0,0,1.642
2026-05-11 03:55:00+08:00,23.41,79.8,437.0,0,1.774
2026-05-11 04:00:00+08:00,24.0,76.5,438.0,0,1.517
2026-05-11 04:05:00+08:00,23.89,80.0,429.0,0,1.634
2026-05-11 04:10:00+08:00,24.89,79.5,426.0,0,2.299
2026-05-11 04:15:00+08:00,23.27,-999.0,417.0,0,1.592
2026-05-11 04:20:00+08:00,24.38,76.9,417.0,0,1.704
2026-05-11 04:25:00+08:00,24.67,78.5,423.0,0,2.28
2026-05-11 04:30:00+08:00,24.36,81.0,420.0,0,1.53
2026-05-11 04:35:00+08:00,24.45,79.2,414.0,0,1.608
2026-05-11 04:40:00+08:00,24.6,76.8,419.0,0,1.672
2026-05-11 04:45:00+08:00,24.84,78.5,413.0,0,2.013
2026-05-11 04:50:00+08:00,24.46,77.7,414.0,0,1.725
2026-05-11 04:55:00+08:00,24.97,79.9,407.0,0,1.935
2026-05-11 05:00:00+08:00,23.47,83.0,400.0,0,1.886
2026-05-11 05:05:00+08:00,24.3,78.3,407.0,0,1.745
2026-05-11 05:10:00+08:00,24.99,75.2,411.0,0,2.323
2026-05-11 05:15:00+08:00,24.36,81.2,414.0,0,1.892
2026-05-11 05:20:00+08:00,23.86,79.6,421.0,0,1.668
2026-05-11 05:25:00+08:00,24.65,75.6,416.0,0,1.886
2026-05-11 05:30:00+08:00,25.04,76.2,414.0,0,2.415
2026-05-11 05:35:00+08:00,24.75,78.5,417.0,0,2.045
2026-05-11 05:40:00+08:00,24.88,76.6,418.0,0,1.769
2026-05-11 05:45:00+08:00,24.76,76.9,424.0,0,2.345
2026-05-11 05:50:00+08:00,24.69,81.6,415.0,0,2.226
2026-05-11 05:55:00+08:00,24.79,80.2,406.0,0,1.82
2026-05-11 06:00:00+08:00,25.14,80.9,409.0,0,2.401
2026-05-11 06:05:00+08:00,24.68,79.8,416.0,0,1.925
2026-05-11 06:10:00+08:00,25.62,78.3,420.0,0,2.476
2026-05-11 06:15:00+08:00,25.63,76.3,412.0,0,2.466
2026-05-11 06:20:00+08:00,23.99,75.4,409.0,0,1.913
2026-05-11 06:25:00+08:00,25.38,74.6,419.0,0,2.243
2026-05-11 06:30:00+08:00,25.17,78.2,420.0,0,2.584
2026-05-11 06:35:00+08:00,25.71,76.6,415.0,0,2.345
2026-05-11 06:40:00+08:00,26.0,72.5,414.0,0,2.566
2026-05-11 06:45:00+08:00,24.45,81.4,415.0,0,2.239
2026-05-11 06:50:00+08:00,25.21,72.7,408.0,0,2.177
2026-05-11 06:55:00+08:00,25.81,75.8,409.0,0,2.567
2026-05-11 07:00:00+08:00,25.72,78.7,414.0,0,2.291
2026-05-11 07:05:00+08:00,25.73,76.6,424.0,0,2.4
2026-05-11 07:10:00+08:00,25.57,76.3,417.0,0,2.506
2026-05-11 07:15:00+08:00,25.38,77.2,422.0,0,2.297
2026-05-11 07:20:00+08:00,25.48,75.6,424.0,0,2.742
2026-05-11 07:25:00+08:00,25.79,74.8,426.0,0,2.633
2026-05-11 07:30:00+08:00,26.0,75.5,429.0,0,2.111
2026-05-11 07:35:00+08:00,25.87,73.3,422.0,0,2.514
2026-05-11 07:40:00+08:00,25.79,77.3,422.0,0,2.59
2026-05-11 07:45:00+08:00,26.86,76.3,423.0,0,2.78
2026-05-11 07:50:00+08:00,27.22,74.5,425.0,0,2.83
2026-05-11 07:55:00+08:00,26.1,78.5,422.0,0,2.339
2026-05-11 08:00:00+08:00,22.52,82.5,502.0,34,7.348
2026-05-11 08:05:00+08:00,22.59,81.5,514.0,7,6.057
2026-05-11 08:10:00+08:00,22.58,85.3,581.0,34,7.329
2026-05-11 08:15:00+08:00,22.73,84.3,651.0,39,7.475
2026-05-11 08:20:00+08:00,23.07,81.8,662.0,21,7.481
2026-05-11 08:25:00+08:00,23.0,80.2,718.0,35,7.623
2026-05-11 08:30:00+08:00,23.06,81.0,763.0,35,7.801
2026-05-11 08:35:00+08:00,23.17,83.4,753.0,13,6.976
2026-05-11 08:40:00+08:00,22.08,87.7,766.0,20,7.045
2026-05-11 08:45:00+08:00,23.06,80.5,780.0,22,7.371
2026-05-11 08:50:00+08:00,22.45,85.7,804.0,25,7.036
2026-05-11 08:55:00+08:00,22.92,86.8,802.0,19,7.496
2026-05-11 09:00:00+08:00,23.39,80.5,818.0,28,7.88
2026-05-11 09:05:00+08:00,23.35,84.4,827.0,22,7.297
2026-05-11 09:10:00+08:00,24.0,74.4,815.0,11,7.211
2026-05-11 09:15:00+08:00,23.24,83.0,826.0,21,7.492
2026-05-11 09:20:00+08:00,24.69,73.9,829.0,21,7.665
2026-05-11 09:25:00+08:00,23.58,78.5,825.0,19,7.444
2026-05-11 09:30:00+08:00,24.39,77.3,838.0,28,7.858
2026-05-11 09:35:00+08:00,24.31,78.1,824.0,17,7.488
2026-05-11 09:40:00+08:00,23.5,82.6,848.0,29,7.299
2026-05-11 09:45:00+08:00,23.6,83.1,881.0,34,8.14
2026-05-11 09:50:00+08:00,24.33,78.9,912.0,33,7.804
2026-05-11 09:55:00+08:00,24.64,73.8,932.0,37,8.173
2026-05-11 10:00:00+08:00,24.26,77.4,953.0,34,8.094
2026-05-11 10:05:00+08:00,24.14,75.3,979.0,38,7.958
2026-05-11 10:10:00+08:00,24.57,81.3,979.0,24,8.253
2026-05-11 10:15:00+08:00,24.39,80.3,948.0,14,7.505
2026-05-11 10:20:00+08:00,24.92,79.1,953.0,24,7.934
2026-05-11 10:25:00+08:00,24.95,76.4,955.0,26,8.0
2026-05-11 10:30:00+08:00,24.37,77.7,945.0,24,7.99
2026-05-11 10:35:00+08:00,24.44,78.7,948.0,27,8.195
2026-05-11 10:40:00+08:00,24.95,83.6,950.0,26,7.985
2026-05-11 10:45:00+08:00,24.48,81.4,948.0,25,7.989
2026-05-11 10:50:00+08:00,25.34,78.7,958.0,27,8.24
2026-05-11 10:55:00+08:00,25.51,78.3,949.0,21,8.034
2026-05-11 11:00:00+08:00,24.92,76.2,959.0,29,7.97
2026-05-11 11:05:00+08:00,25.2,76.2,954.0,22,7.741
2026-05-11 11:10:00+08:00,25.98,71.8,966.0,34,8.47
2026-05-11 11:15:00+08:00,25.17,78.0,973.0,27,7.597
2026-05-11 11:20:00+08:00,25.14,79.9,973.0,25,7.925
2026-05-11 11:25:00+08:00,25.25,73.0,974.0,31,8.175
2026-05-11 11:30:00+08:00,25.83,71.7,993.0,31,8.294
2026-05-11 11:35:00+08:00,26.07,79.6,996.0,33,8.713
2026-05-11 11:40:00+08:00,25.27,74.4,1013.0,33,8.266
2026-05-11 11:45:00+08:00,25.6,75.4,1022.0,32,8.138
2026-05-11 11:50:00+08:00,25.99,74.4,1017.0,26,8.542
2026-05-11 11:55:00+08:00,26.22,80.0,997.0,16,8.219
2026-05-11 12:00:00+08:00,25.69,77.7,962.0,13,7.723
2026-05-11 12:05:00+08:00,25.65,76.1,926.0,11,7.478
2026-05-11 12:10:00+08:00,25.43,76.9,889.0,9,7.161
2026-05-11 12:15:00+08:00,26.5,74.7,869.0,12,7.834
2026-05-11 12:20:00+08:00,25.83,77.7,839.0,9,7.651
2026-05-11 12:25:00+08:00,26.38,71.9,813.0,7,7.455
2026-05-11 12:30:00+08:00,26.77,74.8,791.0,9,7.923
2026-05-11 12:35:00+08:00,25.83,76.2,762.0,7,7.629
2026-05-11 12:40:00+08:00,25.53,71.5,744.0,8,7.771
2026-05-11 12:45:00+08:00,26.28,76.3,720.0,7,7.64
2026-05-11 12:50:00+08:00,26.87,72.9,712.0,10,7.936
2026-05-11 12:55:00+08:00,26.52,71.4,699.0,6,8.022
2026-05-11 13:00:00+08:00,26.47,77.0,714.0,22,8.682
2026-05-11 13:05:00+08:00,26.6,77.0,746.0,26,8.471
2026-05-11 13:10:00+08:00,26.53,76.6,771.0,26,8.491
2026-05-11 13:15:00+08:00,26.7,73.4,817.0,38,9.311
2026-05-11 13:20:00+08:00,26.42,78.6,852.0,37,8.711
2026-05-11 13:25:00+08:00,26.54,75.5,871.0,28,8.554
2026-05-11 13:30:00+08:00,27.09,79.5,892.0,26,8.409
2026-05-11 13:35:00+08:00,27.18,74.2,918.0,36,8.769
2026-05-11 13:40:00+08:00,26.37,76.8,933.0,34,8.979
2026-05-11 13:45:00+08:00,26.73,73.0,921.0,19,8.186
2026-05-11 13:50:00+08:00,26.1,78.7,921.0,27,8.47
2026-05-11 13:55:00+08:00,26.39,75.6,908.0,19,8.216
2026-05-11 14:00:00+08:00,25.25,73.2,926.0,32,8.473
2026-05-11 14:05:00+08:00,26.77,71.0,929.0,29,8.694
2026-05-11 14:10:00+08:00,27.36,68.5,936.0,26,8.701
2026-05-11 14:15:00+08:00,27.27,74.7,967.0,39,9.37
2026-05-11 14:20:00+08:00,26.91,76.0,950.0,20,8.444
2026-05-11 14:25:00+08:00,26.95,73.2,971.0,35,9.162
2026-05-11 14:30:00+08:00,26.44,73.8,956.0,20,8.299
2026-05-11 14:35:00+08:00,26.28,73.7,952.0,25,8.009
2026-05-11 14:40:00+08:00,26.62,81.0,939.0,19,8.109
2026-05-11 14:45:00+08:00,27.13,73.4,933.0,21,8.311
2026-05-11 14:50:00+08:00,26.68,76.5,925.0,27,8.484
2026-05-11 14:55:00+08:00,27.27,77.1,942.0,34,9.063
2026-05-11 15:00:00+08:00,27.14,76.0,934.0,23,8.839
2026-05-11 15:05:00+08:00,26.9,75.9,965.0,38,8.697
2026-05-11 15:10:00+08:00,27.45,69.4,980.0,30,8.999
2026-05-11 15:15:00+08:00,26.59,78.6,990.0,34,8.823
2026-05-11 15:20:00+08:00,27.17,72.7,1025.0,38,9.181
2026-05-11 15:25:00+08:00,27.54,76.6,1035.0,35,9.116
2026-05-11 15:30:00+08:00,26.83,73.3,1032.0,28,8.376
2026-05-11 15:35:00+08:00,26.71,73.3,1040.0,33,8.328
2026-05-11 15:40:00+08:00,27.25,74.8,1069.0,42,9.071
2026-05-11 15:45:00+08:00,27.07,77.5,1064.0,27,8.63
2026-05-11 15:50:00+08:00,26.84,73.4,1044.0,23,8.579
2026-05-11 15:55:00+08:00,27.19,71.4,1060.0,36,9.024
2026-05-11 16:00:00+08:00,26.52,76.4,1049.0,24,8.596
2026-05-11 16:05:00+08:00,26.48,80.0,1054.0,32,8.735
2026-05-11 16:10:00+08:00,26.51,73.6,1041.0,29,8.204
2026-05-11 16:15:00+08:00,26.8,76.0,1006.0,14,7.981
2026-05-11 16:20:00+08:00,25.85,76.3,998.0,25,8.261
2026-05-11 16:25:00+08:00,26.99,73.2,997.0,27,8.158
2026-05-11 16:30:00+08:00,26.81,74.4,967.0,13,8.056
2026-05-11 16:35:00+08:00,26.02,77.8,978.0,31,8.586
2026-05-11 16:40:00+08:00,27.05,76.3,961.0,17,8.183
2026-05-11 16:45:00+08:00,26.98,74.7,956.0,23,8.075
2026-05-11 16:50:00+08:00,26.82,72.6,984.0,38,8.992
2026-05-11 16:55:00+08:00,26.9,76.0,970.0,21,8.493
2026-05-11 17:00:00+08:00,26.52,74.3,971.0,27,8.767
2026-05-11 17:05:00+08:00,26.35,77.8,983.0,32,8.816
2026-05-11 17:10:00+08:00,26.07,76.3,998.0,32,8.349
2026-05-11 17:15:00+08:00,26.61,78.3,998.0,32,8.808
2026-05-11 17:20:00+08:00,26.37,75.5,1013.0,33,8.583
2026-05-11 17:25:00+08:00,26.37,75.2,990.0,24,8.282
2026-05-11 17:30:00+08:00,25.39,76.1,992.0,27,8.053
2026-05-11 17:35:00+08:00,26.23,74.1,990.0,25,8.546
2026-05-11 17:40:00+08:00,26.47,75.8,993.0,29,8.572
2026-05-11 17:45:00+08:00,25.77,78.3,994.0,29,8.491
2026-05-11 17:50:00+08:00,25.95,78.8,993.0,29,8.453
2026-05-11 17:55:00+08:00,26.35,74.1,971.0,19,7.932
2026-05-11 18:00:00+08:00,29.19,73.0,917.0,0,3.437
2026-05-11 18:05:00+08:00,30.17,69.5,863.0,0,3.816
2026-05-11 18:10:00+08:00,30.01,65.6,814.0,0,3.953
2026-05-11 18:15:00+08:00,29.17,68.8,778.0,0,3.272
2026-05-11 18:20:00+08:00,29.84,69.5,742.0,0,3.657
2026-05-11 18:25:00+08:00,29.26,67.9,708.0,0,3.582
2026-05-11 18:30:00+08:00,29.18,66.3,676.0,0,3.577
2026-05-11 18:35:00+08:00,29.34,70.9,650.0,0,3.672
2026-05-11 18:40:00+08:00,29.1,67.2,630.0,0,3.595
2026-05-11 18:45:00+08:00,29.52,70.6,614.0,0,3.831
2026-05-11 18:50:00+08:00,28.19,68.3,594.0,0,3.404
2026-05-11 18:55:00+08:00,29.3,71.7,580.0,0,3.584
2026-05-11 19:00:00+08:00,29.66,68.5,568.0,0,3.778
2026-05-11 19:05:00+08:00,29.02,72.3,559.0,0,3.705
2026-05-11 19:10:00+08:00,29.14,69.0,551.0,0,3.112
2026-05-11 19:15:00+08:00,28.83,73.9,541.0,0,3.535
2026-05-11 19:20:00+08:00,28.66,69.1,524.0,0,3.12
2026-05-11 19:25:00+08:00,28.39,71.5,516.0,0,3.421
2026-05-11 19:30:00+08:00,28.76,-999.0,505.0,0,3.562
2026-05-11 19:35:00+08:00,28.53,68.6,500.0,0,3.513
2026-05-11 19:40:00+08:00,27.66,72.4,491.0,0,3.005
2026-05-11 19:45:00+08:00,28.32,70.6,496.0,0,3.638
2026-05-11 19:50:00+08:00,28.2,76.9,488.0,0,3.162
2026-05-11 19:55:00+08:00,28.77,68.0,475.0,0,3.383
2026-05-11 20:00:00+08:00,28.08,69.1,472.0,0,2.821
2026-05-11 20:05:00+08:00,28.77,71.7,467.0,0,3.279
2026-05-11 20:10:00+08:00,28.1,74.3,457.0,0,2.971
2026-05-11 20:15:00+08:00,27.75,75.7,454.0,0,3.015
2026-05-11 20:20:00+08:00,27.99,72.1,457.0,0,3.499
2026-05-11 20:25:00+08:00,27.15,73.9,451.0,0,2.945
2026-05-11 20:30:00+08:00,27.63,74.6,444.0,0,3.081
2026-05-11 20:35:00+08:00,27.51,75.0,438.0,0,3.112
2026-05-11 20:40:00+08:00,27.57,74.2,438.0,0,3.292
2026-05-11 20:45:00+08:00,27.29,73.1,438.0,0,2.862
2026-05-11 20:50:00+08:00,26.82,77.1,430.0,0,2.863
2026-05-11 20:55:00+08:00,28.11,72.7,419.0,0,3.015
2026-05-11 21:00:00+08:00,27.78,70.4,416.0,0,2.93
2026-05-11 21:05:00+08:00,27.08,76.1,410.0,0,3.3
2026-05-11 21:10:00+08:00,26.89,77.9,408.0,0,2.889
2026-05-11 21:15:00+08:00,26.59,75.5,396.0,0,2.877
2026-05-11 21:20:00+08:00,26.24,75.4,403.0,0,2.397
2026-05-11 21:25:00+08:00,27.53,73.9,403.0,0,2.968
2026-05-11 21:30:00+08:00,26.94,74.1,396.0,0,2.848
2026-05-11 21:35:00+08:00,26.64,71.2,396.0,0,2.914
2026-05-11 21:40:00+08:00,26.93,72.1,404.0,0,2.588
2026-05-11 21:45:00+08:00,27.57,74.6,417.0,0,3.07
2026-05-11 21:50:00+08:00,26.58,72.1,410.0,0,2.594
2026-05-11 21:55:00+08:00,25.99,72.6,409.0,0,2.731
2026-05-11 22:00:00+08:00,26.4,75.8,411.0,0,2.741
2026-05-11 22:05:00+08:00,26.07,72.7,409.0,0,2.345
2026-05-11 22:10:00+08:00,25.87,77.9,409.0,0,2.004
2026-05-11 22:15:00+08:00,27.22,73.5,399.0,0,2.819
2026-05-11 22:20:00+08:00,26.33,75.5,397.0,0,2.671
2026-05-11 22:25:00+08:00,26.24,75.3,395.0,0,2.372
2026-05-11 22:30:00+08:00,26.37,79.1,392.0,0,2.675
2026-05-11 22:35:00+08:00,26.37,70.4,398.0,0,2.47
2026-05-11 22:40:00+08:00,25.78,74.9,400.0,0,2.72
2026-05-11 22:45:00+08:00,25.42,75.5,409.0,0,2.483
2026-05-11 22:50:00+08:00,25.48,74.7,412.0,0,2.495
2026-05-11 22:55:00+08:00,26.45,71.6,416.0,0,2.601
2026-05-11 23:00:00+08:00,26.17,77.1,413.0,0,2.695
2026-05-11 23:05:00+08:00,26.51,73.4,406.0,0,2.193
2026-05-11 23:10:00+08:00,25.61,79.5,410.0,0,2.397
2026-05-11 23:15:00+08:00,25.4,79.8,410.0,0,2.305
2026-05-11 23:20:00+08:00,24.74,78.2,416.0,0,2.093
2026-05-11 23:25:00+08:00,25.27,74.6,417.0,0,2.518
2026-05-11 23:30:00+08:00,24.92,78.3,421.0,0,2.192
2026-05-11 23:35:00+08:00,25.53,76.2,415.0,0,2.273
2026-05-11 23:40:00+08:00,24.98,79.7,406.0,0,1.943
2026-05-11 23:45:00+08:00,24.69,82.9,404.0,0,2.328
2026-05-11 23:50:00+08:00,24.56,82.9,406.0,0,2.216
2026-05-11 23:55:00+08:00,25.26,75.3,417.0,0,2.045
2026-05-12 00:00:00+08:00,24.81,81.1,416.0,0,2.149
2026-05-12 00:05:00+08:00,24.58,74.3,416.0,0,1.934
2026-05-12 00:10:00+08:00,25.03,77.2,418.0,0,2.179
2026-05-12 00:15:00+08:00,24.98,76.6,419.0,0,2.196
2026-05-12 00:20:00+08:00,24.64,78.1,405.0,0,2.046
2026-05-12 00:25:00+08:00,25.27,80.8,392.0,0,2.203
2026-05-12 00:30:00+08:00,25.52,77.8,401.0,0,2.155
2026-05-12 00:35:00+08:00,24.73,80.6,405.0,0,1.941
2026-05-12 00:40:00+08:00,24.71,81.1,403.0,0,2.222
2026-05-12 00:45:00+08:00,24.27,75.8,416.0,0,2.332
2026-05-12 00:50:00+08:00,24.28,78.4,408.0,0,2.171
2026-05-12 00:55:00+08:00,24.29,77.5,419.0,0,2.141
2026-05-12 01:00:00+08:00,25.11,74.0,420.0,0,2.12
2026-05-12 01:05:00+08:00,24.35,78.4,418.0,0,1.943
2026-05-12 01:10:00+08:00,24.42,77.6,421.0,0,2.059
2026-05-12 01:15:00+08:00,24.54,82.9,422.0,0,1.96
2026-05-12 01:20:00+08:00,23.8,78.9,421.0,0,1.745
2026-05-12 01:25:00+08:00,24.08,79.2,421.0,0,1.747
2026-05-12 01:30:00+08:00,24.17,86.3,416.0,0,1.697
2026-05-12 01:35:00+08:00,23.66,82.7,422.0,0,2.144
2026-05-12 01:40:00+08:00,24.43,78.2,414.0,0,1.828
2026-05-12 01:45:00+08:00,24.5,78.8,404.0,0,1.59
2026-05-12 01:50:00+08:00,23.46,79.5,397.0,0,1.76
2026-05-12 01:55:00+08:00,23.99,79.0,406.0,0,1.925
2026-05-12 02:00:00+08:00,24.45,80.6,407.0,0,2.197
2026-05-12 02:05:00+08:00,22.91,82.7,408.0,0,1.787
2026-05-12 02:10:00+08:00,23.57,79.1,415.0,0,1.631
2026-05-12 02:15:00+08:00,23.53,78.1,423.0,0,1.915
2026-05-12 02:20:00+08:00,24.39,79.1,424.0,0,1.863
2026-05-12 02:25:00+08:00,24.12,76.9,418.0,0,2.236
2026-05-12 02:30:00+08:00,23.88,78.6,425.0,0,1.838
2026-05-12 02:35:00+08:00,23.91,82.3,420.0,0,1.878
2026-05-12 02:40:00+08:00,23.53,75.8,425.0,0,1.818
2026-05-12 02:45:00+08:00,23.98,77.6,426.0,0,1.856
2026-05-12 02:50:00+08:00,23.6,77.8,422.0,0,1.688
2026-05-12 02:55:00+08:00,24.19,79.1,430.0,0,2.107
2026-05-12 03:00:00+08:00,24.12,77.0,429.0,0,1.586
2026-05-12 03:05:00+08:00,23.64,77.4,425.0,0,1.907
2026-05-12 03:10:00+08:00,24.47,76.2,419.0,0,2.035
2026-05-12 03:15:00+08:00,23.49,80.9,425.0,0,1.643
2026-05-12 03:20:00+08:00,24.27,77.8,424.0,0,1.829
2026-05-12 03:25:00+08:00,23.44,80.2,426.0,0,1.626
2026-05-12 03:30:00+08:00,23.89,78.5,432.0,0,1.962
2026-05-12 03:35:00+08:00,23.5,79.0,427.0,0,2.194
2026-05-12 03:40:00+08:00,23.67,81.4,433.0,0,1.568
2026-05-12 03:45:00+08:00,24.61,78.9,443.0,0,2.077
2026-05-12 03:50:00+08:00,23.59,79.2,435.0,0,1.747
2026-05-12 03:55:00+08:00,23.54,75.3,436.0,0,1.943
2026-05-12 04:00:00+08:00,24.11,82.1,426.0,0,1.984
2026-05-12 04:05:00+08:00,23.32,82.2,424.0,0,1.968
2026-05-12 04:10:00+08:00,24.27,79.8,421.0,0,2.189
2026-05-12 04:15:00+08:00,24.87,72.4,423.0,0,2.238
2026-05-12 04:20:00+08:00,23.13,80.2,419.0,0,1.611
2026-05-12 04:25:00+08:00,24.11,75.3,414.0,0,1.993
2026-05-12 04:30:00+08:00,25.0,82.4,415.0,0,2.289
2026-05-12 04:35:00+08:00,23.94,81.4,415.0,0,1.778
2026-05-12 04:40:00+08:00,24.06,75.0,420.0,0,1.86
2026-05-12 04:45:00+08:00,24.43,76.1,420.0,0,1.977
2026-05-12 04:50:00+08:00,24.18,82.1,415.0,0,1.623
2026-05-12 04:55:00+08:00,24.29,75.0,419.0,0,1.925
2026-05-12 05:00:00+08:00,24.54,73.0,427.0,0,2.018
2026-05-12 05:05:00+08:00,24.25,75.1,421.0,0,1.851
2026-05-12 05:10:00+08:00,23.62,83.8,425.0,0,1.799
2026-05-12 05:15:00+08:00,24.64,75.9,429.0,0,2.264
2026-05-12 05:20:00+08:00,24.51,76.5,431.0,0,2.135
2026-05-12 05:25:00+08:00,24.85,81.1,421.0,0,2.053
2026-05-12 05:30:00+08:00,24.96,76.3,430.0,0,2.457
2026-05-12 05:35:00+08:00,24.74,83.1,434.0,0,2.065
2026-05-12 05:40:00+08:00,24.81,75.1,429.0,0,2.045
2026-05-12 05:45:00+08:00,23.99,79.4,425.0,0,2.04
2026-05-12 05:50:00+08:00,24.87,79.2,431.0,0,2.236
2026-05-12 05:55:00+08:00,25.05,75.6,428.0,0,2.097
2026-05-12 06:00:00+08:00,24.75,82.7,431.0,0,1.896
2026-05-12 06:05:00+08:00,25.02,85.8,430.0,0,2.034
2026-05-12 06:10:00+08:00,25.59,74.9,431.0,0,2.165
2026-05-12 06:15:00+08:00,24.99,75.6,436.0,0,1.974
2026-05-12 06:20:00+08:00,24.53,78.9,431.0,0,2.246
2026-05-12 06:25:00+08:00,25.81,79.6,425.0,0,2.382
2026-05-12 06:30:00+08:00,25.47,77.7,424.0,0,2.225
2026-05-12 06:35:00+08:00,25.22,74.6,419.0,0,2.22
2026-05-12 06:40:00+08:00,25.2,80.1,408.0,0,1.961
2026-05-12 06:45:00+08:00,25.49,75.6,405.0,0,2.284
2026-05-12 06:50:00+08:00,25.64,80.9,409.0,0,2.459
2026-05-12 06:55:00+08:00,26.02,75.4,407.0,0,2.457
2026-05-12 07:00:00+08:00,25.66,76.6,405.0,0,2.355
2026-05-12 07:05:00+08:00,25.66,75.6,402.0,0,2.65
2026-05-12 07:10:00+08:00,26.45,78.3,406.0,0,2.299
2026-05-12 07:15:00+08:00,25.65,77.4,408.0,0,2.256
2026-05-12 07:20:00+08:00,26.08,74.6,414.0,0,2.429
2026-05-12 07:25:00+08:00,26.02,71.9,415.0,0,2.443
2026-05-12 07:30:00+08:00,25.72,73.4,410.0,0,2.422
2026-05-12 07:35:00+08:00,26.05,76.9,413.0,0,2.573
2026-05-12 07:40:00+08:00,25.38,81.5,413.0,0,2.224
2026-05-12 07:45:00+08:00,26.17,78.2,410.0,0,2.44
2026-05-12 07:50:00+08:00,25.77,78.4,412.0,0,2.18
2026-05-12 07:55:00+08:00,26.16,74.7,406.0,0,3.006
2026-05-12 08:00:00+08:00,23.38,77.8,442.0,17,7.238
2026-05-12 08:05:00+08:00,22.33,81.7,491.0,26,7.252
2026-05-12 08:10:00+08:00,22.66,80.3,548.0,33,7.428
2026-05-12 08:15:00+08:00,22.11,84.7,616.0,33,7.585
2026-05-12 08:20:00+08:00,23.39,79.8,667.0,31,7.69
2026-05-12 08:25:00+08:00,23.5,85.4,719.0,34,7.668
2026-05-12 08:30:00+08:00,22.72,80.6,771.0,42,7.721
2026-05-12 08:35:00+08:00,23.17,79.5,787.0,26,7.338
2026-05-12 08:40:00+08:00,23.19,85.9,832.0,40,7.923
2026-05-12 08:45:00+08:00,23.36,81.1,865.0,35,7.466
2026-05-12 08:50:00+08:00,23.55,80.6,862.0,21,7.395
2026-05-12 08:55:00+08:00,23.53,79.7,886.0,33,7.736
2026-05-12 09:00:00+08:00,22.88,79.5,905.0,31,7.241
2026-05-12 09:05:00+08:00,22.67,82.7,917.0,28,7.298
2026-05-12 09:10:00+08:00,23.05,83.5,918.0,26,7.348
2026-05-12 09:15:00+08:00,23.47,80.8,937.0,29,7.779
2026-05-12 09:20:00+08:00,23.9,80.2,945.0,30,7.728
2026-05-12 09:25:00+08:00,23.72,80.6,932.0,21,7.239
2026-05-12 09:30:00+08:00,23.06,81.4,955.0,35,7.881
2026-05-12 09:35:00+08:00,23.7,-999.0,946.0,23,7.364
2026-05-12 09:40:00+08:00,25.23,75.6,960.0,33,8.123
2026-05-12 09:45:00+08:00,24.38,76.9,983.0,34,8.052
2026-05-12 09:50:00+08:00,25.17,77.1,981.0,24,7.643
2026-05-12 09:55:00+08:00,24.26,80.4,980.0,25,7.619
2026-05-12 10:00:00+08:00,23.62,83.5,992.0,30,7.473
2026-05-12 10:05:00+08:00,24.23,81.2,988.0,28,7.939
2026-05-12 10:10:00+08:00,24.44,75.9,988.0,28,7.755
2026-05-12 10:15:00+08:00,24.64,78.9,1021.0,39,8.212
2026-05-12 10:20:00+08:00,24.91,78.8,1012.0,24,7.728
2026-05-12 10:25:00+08:00,24.77,75.5,1007.0,26,7.716
2026-05-12 10:30:00+08:00,25.18,77.2,998.0,24,8.414
2026-05-12 10:35:00+08:00,24.98,77.6,1005.0,30,8.266
2026-05-12 10:40:00+08:00,24.82,77.3,1001.0,26,7.804
2026-05-12 10:45:00+08:00,25.38,78.5,1008.0,32,8.029
2026-05-12 10:50:00+08:00,25.55,72.7,1009.0,25,8.562
2026-05-12 10:55:00+08:00,25.37,79.2,1004.0,25,8.021
2026-05-12 11:00:00+08:00,25.37,75.4,1003.0,27,8.488
2026-05-12 11:05:00+08:00,25.41,78.9,1005.0,29,7.838
2026-05-12 11:10:00+08:00,24.06,78.9,1013.0,31,7.835
2026-05-12 11:15:00+08:00,25.21,76.1,1008.0,20,7.819
2026-05-12 11:20:00+08:00,24.62,80.5,996.0,22,7.914
2026-05-12 11:25:00+08:00,25.64,76.1,977.0,16,8.068
2026-05-12 11:30:00+08:00,25.58,83.3,955.0,15,7.893
2026-05-12 11:35:00+08:00,25.62,76.1,981.0,35,8.499
2026-05-12 11:40:00+08:00,25.41,80.5,965.0,21,7.805
2026-05-12 11:45:00+08:00,26.12,76.9,973.0,31,8.033
2026-05-12 11:50:00+08:00,25.12,75.9,958.0,23,7.87
2026-05-12 11:55:00+08:00,25.47,79.4,965.0,29,8.521
2026-05-12 12:00:00+08:00,25.82,75.1,932.0,8,7.331
2026-05-12 12:05:00+08:00,25.79,75.7,897.0,10,7.752
2026-05-12 12:10:00+08:00,26.78,73.2,866.0,11,7.877
2026-05-12 12:15:00+08:00,25.9,77.0,837.0,10,8.032
2026-05-12 12:20:00+08:00,26.61,77.2,820.0,8,8.003
2026-05-12 12:25:00+08:00,26.77,78.0,799.0,12,7.849
2026-05-12 12:30:00+08:00,26.53,72.5,789.0,11,7.872
2026-05-12 12:35:00+08:00,26.35,75.1,776.0,7,7.776
2026-05-12 12:40:00+08:00,26.48,72.8,754.0,8,7.687
2026-05-12 12:45:00+08:00,26.53,76.0,743.0,9,7.608
2026-05-12 12:50:00+08:00,26.15,73.0,739.0,12,8.128
2026-05-12 12:55:00+08:00,26.42,75.1,732.0,12,8.013
2026-05-12 13:00:00+08:00,26.1,77.6,763.0,26,8.293
2026-05-12 13:05:00+08:00,25.98,80.3,806.0,36,8.496
2026-05-12 13:10:00+08:00,26.23,73.9,828.0,29,8.393
2026-05-12 13:15:00+08:00,26.67,77.6,839.0,27,8.199
2026-05-12 13:20:00+08:00,26.95,76.2,856.0,25,8.351
2026-05-12 13:25:00+08:00,26.33,76.4,876.0,29,8.679
2026-05-12 13:30:00+08:00,26.02,75.0,868.0,23,8.26
2026-05-12 13:35:00+08:00,26.1,75.4,879.0,27,8.525
2026-05-12 13:40:00+08:00,26.96,73.9,879.0,26,8.767
2026-05-12 13:45:00+08:00,27.18,73.5,882.0,24,8.324
2026-05-12 13:50:00+08:00,26.68,74.5,888.0,25,8.88
2026-05-12 13:55:00+08:00,26.66,76.1,924.0,36,8.843
2026-05-12 14:00:00+08:00,27.79,73.7,928.0,25,8.836
2026-05-12 14:05:00+08:00,26.75,75.1,923.0,24,8.687
2026-05-12 14:10:00+08:00,26.71,76.9,930.0,30,8.679
2026-05-12 14:15:00+08:00,26.35,74.7,920.0,17,8.263
2026-05-12 14:20:00+08:00,26.93,74.0,927.0,26,8.609
2026-05-12 14:25:00+08:00,26.53,74.5,946.0,33,8.676
2026-05-12 14:30:00+08:00,26.69,73.2,963.0,29,8.713
2026-05-12 14:35:00+08:00,27.13,74.2,957.0,24,8.622
2026-05-12 14:40:00+08:00,26.5,71.6,983.0,36,8.767
2026-05-12 14:45:00+08:00,27.01,72.9,1000.0,33,9.118
2026-05-12 14:50:00+08:00,26.81,71.9,978.0,19,8.42
2026-05-12 14:55:00+08:00,26.62,75.5,972.0,26,8.327
2026-05-12 15:00:00+08:00,27.78,71.5,965.0,26,8.704
2026-05-12 15:05:00+08:00,26.61,71.6,989.0,35,9.204
2026-05-12 15:10:00+08:00,26.9,74.3,1000.0,34,8.531
2026-05-12 15:15:00+08:00,26.77,74.9,1010.0,33,9.076
2026-05-12 15:20:00+08:00,26.56,75.3,1014.0,29,8.57
2026-05-12 15:25:00+08:00,26.41,77.8,988.0,13,8.001
2026-05-12 15:30:00+08:00,26.26,71.9,983.0,24,8.395
2026-05-12 15:35:00+08:00,27.01,75.4,982.0,28,9.092
2026-05-12 15:40:00+08:00,26.92,77.5,981.0,25,8.433
2026-05-12 15:45:00+08:00,27.29,73.0,1005.0,37,8.76
2026-05-12 15:50:00+08:00,26.03,79.5,1004.0,22,8.141
2026-05-12 15:55:00+08:00,27.41,71.1,1003.0,30,8.641
2026-05-12 16:00:00+08:00,26.94,74.6,1017.0,33,8.832
2026-05-12 16:05:00+08:00,27.08,76.0,1000.0,20,8.214
2026-05-12 16:10:00+08:00,26.91,74.3,983.0,23,8.412
2026-05-12 16:15:00+08:00,27.56,71.6,994.0,31,8.685
2026-05-12 16:20:00+08:00,26.9,73.4,998.0,28,8.612
2026-05-12 16:25:00+08:00,27.09,75.6,1010.0,32,8.873
2026-05-12 16:30:00+08:00,26.53,78.7,1006.0,23,8.367
2026-05-12 16:35:00+08:00,27.46,71.6,1018.0,34,8.962
2026-05-12 16:40:00+08:00,26.57,77.7,1023.0,29,8.858
2026-05-12 16:45:00+08:00,26.94,74.7,1014.0,26,8.428
2026-05-12 16:50:00+08:00,26.48,73.1,1004.0,27,8.646
2026-05-12 16:50:00+08:00,26.48,73.1,1004.0,27,8.646
2026-05-12 16:55:00+08:00,25.55,80.7,1009.0,33,8.665
2026-05-12 17:00:00+08:00,26.91,75.1,1010.0,31,8.977
2026-05-12 17:05:00+08:00,27.17,73.1,1009.0,25,8.797
2026-05-12 17:10:00+08:00,25.95,75.4,1026.0,33,8.661
2026-05-12 17:15:00+08:00,26.38,73.7,1028.0,28,8.284
2026-05-12 17:20:00+08:00,26.62,70.3,1015.0,24,8.258
2026-05-12 17:25:00+08:00,26.08,77.3,1020.0,30,8.522
2026-05-12 17:30:00+08:00,26.24,71.8,1011.0,24,8.421
2026-05-12 17:35:00+08:00,26.11,76.0,1034.0,35,8.592
2026-05-12 17:40:00+08:00,26.43,75.5,1036.0,34,8.651
2026-05-12 17:45:00+08:00,25.64,75.4,1025.0,27,8.545
2026-05-12 17:50:00+08:00,25.84,75.7,1012.0,21,8.11
2026-05-12 17:55:00+08:00,26.4,69.4,1014.0,33,8.402
2026-05-12 18:00:00+08:00,29.59,69.0,950.0,0,3.759
2026-05-12 18:05:00+08:00,29.61,66.6,891.0,0,3.376
2026-05-12 18:10:00+08:00,29.88,65.5,843.0,0,3.564
2026-05-12 18:15:00+08:00,29.71,70.2,799.0,0,3.538
2026-05-12 18:20:00+08:00,29.46,66.7,762.0,0,3.713
2026-05-12 18:25:00+08:00,29.79,72.0,716.0,0,3.438
2026-05-12 18:30:00+08:00,29.13,70.3,678.0,0,3.538
2026-05-12 18:35:00+08:00,29.16,68.0,648.0,0,3.741
2026-05-12 18:40:00+08:00,29.08,69.2,623.0,0,3.627
2026-05-12 18:45:00+08:00,29.54,67.9,599.0,0,3.72
2026-05-12 18:50:00+08:00,28.79,-999.0,583.0,0,3.228
2026-05-12 18:55:00+08:00,29.22,69.9,556.0,0,3.575
2026-05-12 19:00:00+08:00,28.89,71.1,549.0,0,3.459
2026-05-12 19:05:00+08:00,28.61,70.0,538.0,0,3.365
2026-05-12 19:10:00+08:00,28.5,77.0,525.0,0,3.569
2026-05-12 19:15:00+08:00,28.54,74.5,513.0,0,3.227
2026-05-12 19:20:00+08:00,29.38,66.5,500.0,0,3.333
2026-05-12 19:25:00+08:00,28.37,71.8,491.0,0,3.226
2026-05-12 19:30:00+08:00,29.38,72.1,481.0,0,3.279
2026-05-12 19:35:00+08:00,28.62,72.2,475.0,0,3.157
2026-05-12 19:40:00+08:00,28.22,69.1,466.0,0,3.054
2026-05-12 19:45:00+08:00,28.82,69.9,456.0,0,3.186
2026-05-12 19:50:00+08:00,28.41,69.1,454.0,0,3.004
2026-05-12 19:55:00+08:00,28.19,74.3,447.0,0,3.036
2026-05-12 20:00:00+08:00,28.32,69.1,445.0,0,3.37
2026-05-12 20:05:00+08:00,27.88,78.9,448.0,0,3.059
2026-05-12 20:10:00+08:00,28.6,67.8,446.0,0,3.186
2026-05-12 20:15:00+08:00,28.09,74.1,444.0,0,3.3
2026-05-12 20:20:00+08:00,27.34,70.9,446.0,0,3.168
2026-05-12 20:25:00+08:00,27.92,76.6,434.0,0,3.251
2026-05-12 20:30:00+08:00,27.75,74.5,433.0,0,3.041
2026-05-12 20:35:00+08:00,27.4,70.9,432.0,0,2.848
2026-05-12 20:40:00+08:00,27.96,73.1,432.0,0,3.109
2026-05-12 20:45:00+08:00,27.41,72.3,431.0,0,3.016
2026-05-12 20:50:00+08:00,27.12,72.2,421.0,0,2.945
2026-05-12 20:55:00+08:00,27.34,74.6,422.0,0,2.483
2026-05-12 21:00:00+08:00,27.48,71.4,423.0,0,2.968
2026-05-12 21:05:00+08:00,27.58,77.5,426.0,0,2.766
2026-05-12 21:10:00+08:00,27.14,72.3,422.0,0,2.527
2026-05-12 21:15:00+08:00,27.06,77.0,416.0,0,2.777
2026-05-12 21:20:00+08:00,27.01,76.3,413.0,0,3.059
2026-05-12 21:25:00+08:00,27.73,77.5,413.0,0,3.063
2026-05-12 21:30:00+08:00,26.1,73.9,415.0,0,2.563
2026-05-12 21:35:00+08:00,26.14,73.2,420.0,0,2.688
2026-05-12 21:40:00+08:00,26.02,76.0,419.0,0,2.761
2026-05-12 21:45:00+08:00,26.38,76.5,413.0,0,2.661
2026-05-12 21:50:00+08:00,27.27,75.1,413.0,0,3.093
2026-05-12 21:55:00+08:00,26.48,78.2,409.0,0,2.707
2026-05-12 22:00:00+08:00,26.52,76.5,415.0,0,2.712
2026-05-12 22:05:00+08:00,26.78,77.6,417.0,0,2.736
2026-05-12 22:10:00+08:00,26.62,73.8,407.0,0,2.558
2026-05-12 22:15:00+08:00,26.55,76.3,407.0,0,2.878
2026-05-12 22:20:00+08:00,25.92,74.7,405.0,0,2.354
2026-05-12 22:25:00+08:00,25.56,78.7,405.0,0,2.19
2026-05-12 22:30:00+08:00,25.59,78.1,393.0,0,2.716
2026-05-12 22:35:00+08:00,25.32,75.9,401.0,0,2.445
2026-05-12 22:40:00+08:00,25.54,76.5,405.0,0,2.309
2026-05-12 22:45:00+08:00,25.47,76.1,409.0,0,1.971
2026-05-12 22:50:00+08:00,26.19,77.1,409.0,0,2.272
2026-05-12 22:55:00+08:00,25.82,76.1,406.0,0,2.239
2026-05-12 23:00:00+08:00,24.84,78.3,410.0,0,2.178
2026-05-12 23:05:00+08:00,25.29,78.3,410.0,0,2.18
2026-05-12 23:10:00+08:00,25.16,80.4,410.0,0,2.411
2026-05-12 23:15:00+08:00,25.06,76.9,409.0,0,2.324
2026-05-12 23:20:00+08:00,24.9,79.9,416.0,0,1.992
2026-05-12 23:25:00+08:00,25.9,69.0,418.0,0,2.627
2026-05-12 23:30:00+08:00,24.83,78.9,421.0,0,2.406
2026-05-12 23:35:00+08:00,25.31,75.7,423.0,0,2.2
2026-05-12 23:40:00+08:00,25.43,82.3,425.0,0,2.268
2026-05-12 23:45:00+08:00,25.51,77.8,431.0,0,2.471
2026-05-12 23:50:00+08:00,24.78,83.9,424.0,0,1.972
2026-05-12 23:55:00+08:00,23.94,-999.0,420.0,0,1.848
2026-05-13 00:00:00+08:00,24.6,82.7,416.0,0,2.108
2026-05-13 00:05:00+08:00,24.77,79.5,415.0,0,1.865
2026-05-13 00:10:00+08:00,24.89,74.8,414.0,0,2.056
2026-05-13 00:15:00+08:00,24.91,76.9,413.0,0,2.115
2026-05-13 00:20:00+08:00,24.99,77.0,418.0,0,2.045
2026-05-13 00:25:00+08:00,24.44,75.1,415.0,0,1.936
2026-05-13 00:30:00+08:00,24.53,78.0,408.0,0,1.872
2026-05-13 00:35:00+08:00,24.13,79.1,413.0,0,2.02
2026-05-13 00:40:00+08:00,24.81,79.2,413.0,0,1.943
2026-05-13 00:45:00+08:00,24.83,81.7,415.0,0,2.325
2026-05-13 00:50:00+08:00,25.08,76.2,416.0,0,2.177
2026-05-13 00:55:00+08:00,24.17,78.4,416.0,0,2.304
2026-05-13 01:00:00+08:00,23.94,74.8,424.0,0,1.84
2026-05-13 01:05:00+08:00,24.16,79.2,419.0,0,1.685
2026-05-13 01:10:00+08:00,24.13,83.1,429.0,0,1.741
2026-05-13 01:15:00+08:00,24.76,81.7,432.0,0,1.9
2026-05-13 01:20:00+08:00,24.68,78.0,429.0,0,1.896
2026-05-13 01:25:00+08:00,24.14,75.5,427.0,0,1.844
2026-05-13 01:30:00+08:00,23.8,83.6,434.0,0,2.026
2026-05-13 01:35:00+08:00,24.41,79.0,435.0,0,1.903
2026-05-13 01:40:00+08:00,23.49,82.1,444.0,0,2.019
2026-05-13 01:45:00+08:00,24.01,80.0,439.0,0,1.937
2026-05-13 01:50:00+08:00,23.5,79.7,436.0,0,1.776
2026-05-13 01:55:00+08:00,23.29,86.5,433.0,0,1.608
2026-05-13 02:00:00+08:00,24.41,76.6,429.0,0,2.272
2026-05-13 02:05:00+08:00,23.87,82.3,429.0,0,1.872
2026-05-13 02:10:00+08:00,24.12,82.6,437.0,0,1.745
2026-05-13 02:15:00+08:00,23.92,82.1,441.0,0,1.895
2026-05-13 02:20:00+08:00,23.82,77.1,432.0,0,1.853
2026-05-13 02:25:00+08:00,23.58,82.1,438.0,0,1.485
2026-05-13 02:30:00+08:00,23.0,83.8,432.0,0,1.958
2026-05-13 02:35:00+08:00,23.81,81.5,436.0,0,1.906
2026-05-13 02:40:00+08:00,23.92,81.6,431.0,0,1.638
2026-05-13 02:45:00+08:00,23.99,81.9,434.0,0,1.874
2026-05-13 02:50:00+08:00,24.01,77.9,435.0,0,1.818
2026-05-13 02:55:00+08:00,24.14,75.5,423.0,0,1.852
2026-05-13 03:00:00+08:00,24.1,80.0,417.0,0,1.867
2026-05-13 03:05:00+08:00,23.74,80.9,410.0,0,1.576
2026-05-13 03:10:00+08:00,24.14,80.6,412.0,0,1.498
2026-05-13 03:15:00+08:00,23.61,81.6,414.0,0,1.508
2026-05-13 03:20:00+08:00,24.03,81.8,423.0,0,1.877
2026-05-13 03:25:00+08:00,23.87,76.0,424.0,0,1.953
2026-05-13 03:30:00+08:00,24.22,80.2,431.0,0,2.138
2026-05-13 03:35:00+08:00,25.17,78.0,432.0,0,2.252
2026-05-13 03:40:00+08:00,23.28,78.6,442.0,0,1.798
2026-05-13 03:45:00+08:00,24.2,78.7,442.0,0,1.839
2026-05-13 03:50:00+08:00,23.38,80.9,439.0,0,1.537
2026-05-13 03:55:00+08:00,23.21,81.3,437.0,0,1.642
2026-05-13 04:00:00+08:00,23.85,81.5,443.0,0,1.669
2026-05-13 04:05:00+08:00,23.28,83.4,433.0,0,1.479
2026-05-13 04:10:00+08:00,24.16,79.7,431.0,0,1.796
2026-05-13 04:15:00+08:00,23.67,82.6,432.0,0,1.883
2026-05-13 04:20:00+08:00,24.26,79.7,426.0,0,1.946
2026-05-13 04:25:00+08:00,24.01,81.9,426.0,0,1.931
2026-05-13 04:30:00+08:00,24.62,81.1,428.0,0,2.26
2026-05-13 04:35:00+08:00,24.87,76.3,419.0,0,2.057
2026-05-13 04:40:00+08:00,24.19,76.9,414.0,0,2.154
2026-05-13 04:45:00+08:00,24.77,79.1,414.0,0,2.166
2026-05-13 04:50:00+08:00,23.63,82.2,412.0,0,2.042
2026-05-13 04:55:00+08:00,23.96,86.4,409.0,0,1.787
2026-05-13 05:00:00+08:00,24.06,76.1,407.0,0,1.567
2026-05-13 05:05:00+08:00,24.62,78.7,404.0,0,2.176
2026-05-13 05:10:00+08:00,24.48,76.4,402.0,0,1.943
2026-05-13 05:15:00+08:00,24.14,81.5,410.0,0,2.024
2026-05-13 05:20:00+08:00,24.91,80.2,418.0,0,2.074
2026-05-13 05:25:00+08:00,24.59,76.7,422.0,0,1.719
2026-05-13 05:30:00+08:00,24.65,75.4,419.0,0,2.149
2026-05-13 05:35:00+08:00,24.69,76.6,418.0,0,2.116
2026-05-13 05:40:00+08:00,24.46,78.5,414.0,0,2.049
2026-05-13 05:45:00+08:00,24.41,81.2,414.0,0,1.884
2026-05-13 05:50:00+08:00,24.79,78.5,413.0,0,2.037
2026-05-13 05:55:00+08:00,25.2,81.6,412.0,0,2.259
2026-05-13 06:00:00+08:00,25.77,77.2,404.0,0,2.101
2026-05-13 06:05:00+08:00,24.71,76.0,406.0,0,2.106
2026-05-13 06:10:00+08:00,24.85,79.2,405.0,0,1.946
2026-05-13 06:15:00+08:00,24.94,80.4,405.0,0,2.206
2026-05-13 06:20:00+08:00,24.63,78.5,408.0,0,2.062
2026-05-13 06:25:00+08:00,24.98,78.2,406.0,0,2.036
2026-05-13 06:30:00+08:00,25.59,74.9,412.0,0,2.347
2026-05-13 06:35:00+08:00,25.32,78.4,416.0,0,2.041
2026-05-13 06:40:00+08:00,24.99,81.1,407.0,0,1.692
2026-05-13 06:45:00+08:00,25.43,73.1,408.0,0,2.225
2026-05-13 06:50:00+08:00,25.39,78.6,404.0,0,2.468
2026-05-13 06:55:00+08:00,25.38,79.1,410.0,0,2.503
2026-05-13 07:00:00+08:00,26.28,73.0,411.0,0,2.016
2026-05-13 07:05:00+08:00,25.41,71.9,416.0,0,2.615
2026-05-13 07:10:00+08:00,25.64,78.1,422.0,0,2.458
2026-05-13 07:15:00+08:00,26.3,78.0,415.0,0,2.683
2026-05-13 07:20:00+08:00,25.48,72.0,411.0,0,2.207
2026-05-13 07:25:00+08:00,26.14,76.0,417.0,0,2.314
2026-05-13 07:30:00+08:00,25.29,76.5,412.0,0,2.155
2026-05-13 07:35:00+08:00,25.64,76.7,418.0,0,2.135
2026-05-13 07:40:00+08:00,25.36,76.4,416.0,0,2.535
2026-05-13 07:45:00+08:00,26.33,74.5,418.0,0,2.325
2026-05-13 07:50:00+08:00,25.85,75.2,417.0,0,2.517
2026-05-13 07:55:00+08:00,27.12,76.9,421.0,0,3.013
2026-05-13 08:00:00+08:00,21.8,81.8,480.0,28,6.87
2026-05-13 08:05:00+08:00,22.9,81.7,545.0,35,7.229
2026-05-13 08:10:00+08:00,22.96,83.4,609.0,38,7.921
2026-05-13 08:15:00+08:00,22.52,82.0,645.0,28,7.537
2026-05-13 08:20:00+08:00,23.04,81.7,680.0,26,7.361
2026-05-13 08:25:00+08:00,23.02,80.9,726.0,35,7.869
2026-05-13 08:30:00+08:00,22.18,82.7,766.0,35,7.429
2026-05-13 08:35:00+08:00,21.97,83.7,804.0,37,7.603
2026-05-13 08:40:00+08:00,23.05,82.0,812.0,23,7.427
2026-05-13 08:45:00+08:00,23.25,79.5,834.0,27,7.613
2026-05-13 08:50:00+08:00,23.55,79.1,863.0,33,7.472
2026-05-13 08:55:00+08:00,24.48,77.5,868.0,26,7.792
2026-05-13 09:00:00+08:00,23.6,80.9,886.0,29,7.653
2026-05-13 09:05:00+08:00,23.21,81.3,887.0,20,7.36
2026-05-13 09:10:00+08:00,23.2,88.6,895.0,30,7.629
2026-05-13 09:15:00+08:00,24.09,79.1,920.0,35,7.839
2026-05-13 09:20:00+08:00,24.69,75.8,938.0,34,8.152
2026-05-13 09:25:00+08:00,23.62,80.4,941.0,23,7.527
2026-05-13 09:30:00+08:00,23.95,84.3,951.0,31,8.007
2026-05-13 09:35:00+08:00,24.06,80.7,973.0,37,7.71
2026-05-13 09:40:00+08:00,23.9,84.1,990.0,33,8.144
2026-05-13 09:45:00+08:00,23.78,78.4,992.0,27,7.594
2026-05-13 09:50:00+08:00,24.04,78.0,987.0,28,7.541
2026-05-13 09:55:00+08:00,24.86,77.8,991.0,31,8.233
2026-05-13 10:00:00+08:00,23.94,84.0,991.0,29,7.343
2026-05-13 10:05:00+08:00,24.69,79.7,1023.0,42,8.54
2026-05-13 10:10:00+08:00,25.13,75.3,1008.0,27,8.057
2026-05-13 10:15:00+08:00,24.46,73.1,1025.0,33,7.661
2026-05-13 10:20:00+08:00,24.51,81.0,1024.0,23,7.581
2026-05-13 10:25:00+08:00,24.99,79.7,1017.0,24,8.077
2026-05-13 10:30:00+08:00,24.95,76.8,1019.0,30,7.996
2026-05-13 10:35:00+08:00,24.75,77.7,1017.0,25,7.913
2026-05-13 10:40:00+08:00,25.94,77.9,997.0,24,8.177
2026-05-13 10:45:00+08:00,25.0,79.8,972.0,15,7.568
2026-05-13 10:50:00+08:00,25.04,78.2,962.0,25,7.566
2026-05-13 10:55:00+08:00,25.02,77.8,958.0,19,7.415
2026-05-13 11:00:00+08:00,25.47,77.5,972.0,31,8.222
2026-05-13 11:05:00+08:00,25.15,81.1,972.0,27,8.053
2026-05-13 11:10:00+08:00,26.06,78.5,990.0,35,8.265
2026-05-13 11:15:00+08:00,25.57,75.0,993.0,25,7.925
2026-05-13 11:20:00+08:00,25.34,80.8,1009.0,35,8.335
2026-05-13 11:25:00+08:00,25.22,73.3,1019.0,32,8.429
2026-05-13 11:30:00+08:00,25.14,75.1,1014.0,28,8.408
2026-05-13 11:35:00+08:00,25.17,76.2,1014.0,28,8.202
2026-05-13 11:40:00+08:00,26.74,76.8,1013.0,28,8.447
2026-05-13 11:45:00+08:00,26.29,73.7,1022.0,33,8.336
2026-05-13 11:50:00+08:00,26.07,74.3,1012.0,23,8.316
2026-05-13 11:55:00+08:00,25.91,75.8,1020.0,31,8.295
2026-05-13 12:00:00+08:00,25.96,72.5,980.0,7,7.691
2026-05-13 12:05:00+08:00,26.19,80.5,944.0,9,7.736
2026-05-13 12:10:00+08:00,25.88,79.1,904.0,9,7.484
2026-05-13 12:15:00+08:00,26.46,76.6,881.0,10,7.728
2026-05-13 12:20:00+08:00,25.5,76.0,856.0,14,7.946
2026-05-13 12:25:00+08:00,27.12,74.3,829.0,8,7.87
2026-05-13 12:30:00+08:00,26.23,75.9,806.0,10,7.77
2026-05-13 12:35:00+08:00,26.11,76.4,796.0,13,7.487
2026-05-13 12:40:00+08:00,25.71,76.9,781.0,9,7.879
2026-05-13 12:45:00+08:00,26.74,74.6,766.0,10,7.872
2026-05-13 12:50:00+08:00,26.14,76.8,744.0,8,7.784
2026-05-13 12:55:00+08:00,26.78,73.5,726.0,8,7.986
2026-05-13 13:00:00+08:00,26.93,75.6,748.0,28,8.582
2026-05-13 13:05:00+08:00,26.83,77.2,775.0,30,8.787
2026-05-13 13:10:00+08:00,26.1,72.3,786.0,22,8.379
2026-05-13 13:15:00+08:00,27.32,72.4,818.0,27,8.943
2026-05-13 13:20:00+08:00,26.62,72.6,834.0,25,8.286
2026-05-13 13:25:00+08:00,26.5,75.4,815.0,15,7.806
2026-05-13 13:30:00+08:00,26.27,76.0,847.0,36,8.299
2026-05-13 13:35:00+08:00,26.92,71.0,884.0,36,9.232
2026-05-13 13:40:00+08:00,27.13,82.2,882.0,20,9.016
2026-05-13 13:45:00+08:00,26.03,74.9,875.0,18,7.744
2026-05-13 13:50:00+08:00,26.85,73.4,878.0,25,8.302
2026-05-13 13:55:00+08:00,26.77,75.2,889.0,26,8.848
2026-05-13 14:00:00+08:00,26.81,75.0,899.0,26,8.635
2026-05-13 14:05:00+08:00,26.38,78.0,907.0,26,8.56
2026-05-13 14:10:00+08:00,27.1,74.5,927.0,32,9.067
2026-05-13 14:15:00+08:00,27.88,74.2,937.0,32,9.149
2026-05-13 14:20:00+08:00,26.44,76.5,928.0,19,8.531
2026-05-13 14:25:00+08:00,27.22,72.1,927.0,18,8.306
2026-05-13 14:30:00+08:00,27.02,77.3,941.0,33,8.921
2026-05-13 14:35:00+08:00,26.88,73.4,958.0,28,8.541
2026-05-13 14:40:00+08:00,27.21,72.1,963.0,29,8.802
2026-05-13 14:45:00+08:00,26.94,72.2,968.0,27,8.576
2026-05-13 14:50:00+08:00,27.43,-999.0,970.0,26,8.287
2026-05-13 14:55:00+08:00,27.26,73.3,972.0,27,8.663
2026-05-13 15:00:00+08:00,27.76,70.4,1001.0,39,9.437
2026-05-13 15:05:00+08:00,26.96,73.6,1015.0,34,8.839
2026-05-13 15:10:00+08:00,26.94,75.6,1022.0,31,8.6
2026-05-13 15:15:00+08:00,27.58,75.7,1034.0,34,8.812
2026-05-13 15:20:00+08:00,26.63,73.0,1047.0,33,8.828
2026-05-13 15:25:00+08:00,27.09,73.6,1059.0,33,8.913
2026-05-13 15:30:00+08:00,26.18,78.6,1049.0,22,8.614
2026-05-13 15:35:00+08:00,26.08,77.2,1057.0,36,9.017
2026-05-13 15:40:00+08:00,26.54,74.9,1037.0,21,8.204
2026-05-13 15:45:00+08:00,26.5,73.7,1056.0,36,8.82
2026-05-13 15:50:00+08:00,26.77,73.2,1066.0,35,8.472
2026-05-13 15:55:00+08:00,27.15,71.6,1067.0,32,8.732
2026-05-13 16:00:00+08:00,26.79,79.5,1060.0,26,8.585
2026-05-13 16:00:00+08:00,26.79,79.5,1060.0,26,8.585
2026-05-13 16:05:00+08:00,26.77,71.1,1033.0,23,8.433
2026-05-13 16:10:00+08:00,26.42,76.5,1025.0,25,8.481
2026-05-13 16:15:00+08:00,27.61,76.7,1030.0,37,9.179
2026-05-13 16:20:00+08:00,26.88,74.9,1038.0,27,8.269
2026-05-13 16:25:00+08:00,26.29,79.6,1017.0,23,8.405
2026-05-13 16:30:00+08:00,26.32,75.9,1011.0,29,8.3
2026-05-13 16:35:00+08:00,27.07,75.0,1010.0,31,8.918
2026-05-13 16:40:00+08:00,26.79,73.0,1015.0,31,8.881
2026-05-13 16:45:00+08:00,26.89,70.8,1042.0,44,9.327
2026-05-13 16:50:00+08:00,26.45,76.8,1043.0,29,8.63
2026-05-13 16:55:00+08:00,26.09,76.5,1040.0,30,8.755
2026-05-13 17:00:00+08:00,27.26,71.9,1036.0,27,8.535
2026-05-13 17:05:00+08:00,26.53,76.8,1036.0,29,8.862
2026-05-13 17:10:00+08:00,26.58,73.5,1031.0,23,8.759
2026-05-13 17:15:00+08:00,26.16,74.6,1019.0,23,8.196
2026-05-13 17:20:00+08:00,26.25,73.4,1017.0,27,8.472
2026-05-13 17:25:00+08:00,26.27,74.0,994.0,18,7.938
2026-05-13 17:30:00+08:00,26.32,74.2,1007.0,37,8.755
2026-05-13 17:35:00+08:00,26.56,74.1,1001.0,23,8.322
2026-05-13 17:40:00+08:00,26.62,74.1,1005.0,32,8.674
2026-05-13 17:45:00+08:00,25.86,79.4,1005.0,28,8.679
2026-05-13 17:50:00+08:00,26.33,78.5,1040.0,42,9.157
2026-05-13 17:55:00+08:00,26.56,74.3,1050.0,30,8.363
2026-05-13 18:00:00+08:00,29.72,65.0,994.0,0,3.645
2026-05-13 18:05:00+08:00,29.0,72.1,932.0,0,3.822
2026-05-13 18:10:00+08:00,30.23,68.7,881.0,0,3.755
2026-05-13 18:15:00+08:00,29.6,65.5,842.0,0,3.726
2026-05-13 18:20:00+08:00,28.74,68.0,796.0,0,3.507
2026-05-13 18:25:00+08:00,29.32,69.9,747.0,0,3.176
2026-05-13 18:30:00+08:00,29.14,73.1,721.0,0,3.395
2026-05-13 18:35:00+08:00,29.15,74.6,694.0,0,3.145
2026-05-13 18:40:00+08:00,29.42,69.9,672.0,0,3.812
2026-05-13 18:45:00+08:00,29.4,71.1,644.0,0,3.349
2026-05-13 18:50:00+08:00,28.89,66.7,627.0,0,3.442
2026-05-13 18:55:00+08:00,29.12,66.9,613.0,0,3.476
2026-05-13 19:00:00+08:00,29.31,67.6,603.0,0,3.564
2026-05-13 19:05:00+08:00,29.4,71.0,595.0,0,3.578
2026-05-13 19:10:00+08:00,29.18,67.6,578.0,0,3.098
2026-05-13 19:15:00+08:00,28.48,73.1,557.0,0,3.28
2026-05-13 19:20:00+08:00,28.72,70.5,546.0,0,3.379
2026-05-13 19:25:00+08:00,28.87,69.7,535.0,0,3.233
2026-05-13 19:30:00+08:00,28.65,69.6,523.0,0,3.455
2026-05-13 19:35:00+08:00,28.75,70.5,517.0,0,3.394
2026-05-13 19:40:00+08:00,28.49,71.6,509.0,0,3.177
2026-05-13 19:45:00+08:00,28.61,71.9,500.0,0,2.892
2026-05-13 19:50:00+08:00,28.84,70.1,485.0,0,3.241
2026-05-13 19:55:00+08:00,28.15,74.4,477.0,0,3.387
2026-05-13 20:00:00+08:00,28.36,75.2,469.0,0,3.246
2026-05-13 20:05:00+08:00,28.78,69.9,467.0,0,3.474
2026-05-13 20:10:00+08:00,28.05,69.8,467.0,0,2.909
2026-05-13 20:15:00+08:00,28.48,70.9,464.0,0,3.352
2026-05-13 20:20:00+08:00,27.62,75.4,463.0,0,2.781
2026-05-13 20:25:00+08:00,27.31,76.1,469.0,0,3.073
2026-05-13 20:30:00+08:00,28.0,69.2,464.0,0,3.022
2026-05-13 20:35:00+08:00,26.96,76.2,457.0,0,2.654
2026-05-13 20:40:00+08:00,27.11,71.4,461.0,0,2.503
2026-05-13 20:45:00+08:00,27.5,76.6,456.0,0,3.278
2026-05-13 20:50:00+08:00,27.13,72.5,464.0,0,2.69
2026-05-13 20:55:00+08:00,27.8,71.5,465.0,0,2.834
2026-05-13 21:00:00+08:00,26.35,72.1,464.0,0,2.858
2026-05-13 21:05:00+08:00,27.89,75.1,460.0,0,3.113
2026-05-13 21:10:00+08:00,27.32,73.9,465.0,0,2.75
2026-05-13 21:15:00+08:00,28.01,67.9,459.0,0,3.154
2026-05-13 21:20:00+08:00,26.84,72.8,456.0,0,2.564
2026-05-13 21:25:00+08:00,27.1,74.9,452.0,0,2.511
2026-05-13 21:30:00+08:00,26.86,76.3,455.0,0,2.676
2026-05-13 21:35:00+08:00,26.16,80.1,446.0,0,2.512
2026-05-13 21:40:00+08:00,26.97,73.6,447.0,0,2.629
2026-05-13 21:45:00+08:00,25.99,74.2,445.0,0,2.644
2026-05-13 21:50:00+08:00,26.07,77.6,445.0,0,2.501
2026-05-13 21:55:00+08:00,27.03,74.2,441.0,0,2.548
2026-05-13 22:00:00+08:00,25.55,73.4,441.0,0,2.281
2026-05-13 22:05:00+08:00,26.03,79.3,436.0,0,2.645
2026-05-13 22:10:00+08:00,26.51,74.4,440.0,0,2.34
2026-05-13 22:15:00+08:00,26.29,76.2,433.0,0,2.868
2026-05-13 22:20:00+08:00,25.77,76.0,431.0,0,2.511
2026-05-13 22:25:00+08:00,26.41,77.6,429.0,0,2.533
2026-05-13 22:30:00+08:00,25.99,77.1,423.0,0,2.651
2026-05-13 22:35:00+08:00,26.13,74.5,432.0,0,2.577
2026-05-13 22:40:00+08:00,25.54,79.2,428.0,0,2.328
2026-05-13 22:45:00+08:00,25.4,78.1,428.0,0,2.148
2026-05-13 22:50:00+08:00,25.91,76.7,431.0,0,2.13
2026-05-13 22:55:00+08:00,25.33,76.0,429.0,0,2.561
2026-05-13 23:00:00+08:00,25.25,76.8,437.0,0,2.293
2026-05-13 23:05:00+08:00,25.79,76.1,435.0,0,2.188
2026-05-13 23:10:00+08:00,26.03,77.8,429.0,0,2.524
2026-05-13 23:15:00+08:00,26.12,73.6,425.0,0,2.822
2026-05-13 23:20:00+08:00,24.87,75.8,423.0,0,2.237
2026-05-13 23:25:00+08:00,25.52,74.1,429.0,0,2.42
2026-05-13 23:30:00+08:00,24.68,76.0,430.0,0,2.223
2026-05-13 23:35:00+08:00,24.92,75.7,429.0,0,2.316
2026-05-13 23:40:00+08:00,26.03,75.8,433.0,0,2.437
2026-05-13 23:45:00+08:00,24.99,78.6,432.0,0,2.154
2026-05-13 23:50:00+08:00,25.39,77.4,432.0,0,2.211
2026-05-13 23:55:00+08:00,25.37,77.5,426.0,0,2.339
2026-05-14 00:00:00+08:00,24.53,83.9,430.0,0,2.08
2026-05-14 00:05:00+08:00,25.1,75.4,427.0,0,2.331
2026-05-14 00:10:00+08:00,24.88,75.9,424.0,0,2.162
2026-05-14 00:15:00+08:00,25.1,79.5,423.0,0,1.942
2026-05-14 00:20:00+08:00,24.75,76.2,418.0,0,1.828
2026-05-14 00:25:00+08:00,24.62,80.2,417.0,0,2.056
2026-05-14 00:30:00+08:00,24.04,79.7,418.0,0,1.827
2026-05-14 00:35:00+08:00,24.66,77.5,412.0,0,2.185
2026-05-14 00:40:00+08:00,24.19,85.6,416.0,0,1.949
2026-05-14 00:45:00+08:00,24.29,82.8,415.0,0,1.495
2026-05-14 00:50:00+08:00,25.08,77.1,418.0,0,2.138
2026-05-14 00:55:00+08:00,24.38,81.6,412.0,0,1.934
2026-05-14 01:00:00+08:00,24.26,85.0,416.0,0,2.019
2026-05-14 01:05:00+08:00,24.65,79.4,410.0,0,1.963
2026-05-14 01:10:00+08:00,23.96,77.1,406.0,0,1.978
2026-05-14 01:15:00+08:00,24.16,80.7,409.0,0,2.025
2026-05-14 01:20:00+08:00,24.35,80.1,408.0,0,2.006
2026-05-14 01:20:00+08:00,24.35,80.1,408.0,0,2.006
2026-05-14 01:25:00+08:00,24.68,78.6,408.0,0,1.747
2026-05-14 01:30:00+08:00,23.75,85.0,411.0,0,1.911
2026-05-14 01:35:00+08:00,24.03,79.5,416.0,0,2.009
2026-05-14 01:40:00+08:00,24.32,79.1,415.0,0,1.944
2026-05-14 01:45:00+08:00,23.75,77.2,413.0,0,1.945
2026-05-14 01:50:00+08:00,24.07,80.8,410.0,0,1.695
2026-05-14 01:55:00+08:00,23.81,80.6,416.0,0,1.778
2026-05-14 02:00:00+08:00,24.18,80.9,420.0,0,1.693
2026-05-14 02:05:00+08:00,23.35,79.1,419.0,0,1.492
2026-05-14 02:10:00+08:00,23.39,83.9,418.0,0,1.724
2026-05-14 02:15:00+08:00,24.33,79.9,415.0,0,1.826
2026-05-14 02:20:00+08:00,24.55,80.1,421.0,0,1.779
2026-05-14 02:25:00+08:00,23.63,85.3,430.0,0,1.656
2026-05-14 02:30:00+08:00,24.31,74.4,424.0,0,2.269
2026-05-14 02:35:00+08:00,23.79,79.4,425.0,0,1.601
2026-05-14 02:40:00+08:00,24.11,77.3,429.0,0,2.019
2026-05-14 02:45:00+08:00,24.76,76.1,426.0,0,2.191
2026-05-14 02:50:00+08:00,23.75,77.1,430.0,0,1.959
2026-05-14 02:55:00+08:00,23.57,80.8,431.0,0,2.019
2026-05-14 03:00:00+08:00,24.33,76.9,420.0,0,2.016
2026-05-14 03:05:00+08:00,23.13,84.2,429.0,0,2.022
2026-05-14 03:10:00+08:00,24.18,-999.0,428.0,0,2.11
2026-05-14 03:15:00+08:00,23.92,81.3,430.0,0,1.782
2026-05-14 03:20:00+08:00,23.27,83.6,434.0,0,1.73
2026-05-14 03:25:00+08:00,24.33,79.8,434.0,0,1.698
2026-05-14 03:30:00+08:00,23.18,80.6,429.0,0,1.688
2026-05-14 03:35:00+08:00,23.29,80.6,431.0,0,1.95
2026-05-14 03:40:00+08:00,23.34,79.3,433.0,0,2.085
2026-05-14 03:45:00+08:00,24.46,81.1,435.0,0,1.907
2026-05-14 03:50:00+08:00,24.06,75.5,435.0,0,2.045
2026-05-14 03:55:00+08:00,24.87,77.7,439.0,0,2.198
2026-05-14 04:00:00+08:00,24.09,80.2,435.0,0,1.93
2026-05-14 04:05:00+08:00,23.97,80.3,439.0,0,1.722
2026-05-14 04:10:00+08:00,24.34,78.4,440.0,0,1.765
2026-05-14 04:15:00+08:00,24.72,79.6,445.0,0,1.88
2026-05-14 04:20:00+08:00,23.73,83.0,445.0,0,1.901
2026-05-14 04:25:00+08:00,25.02,74.5,440.0,0,1.847
2026-05-14 04:30:00+08:00,24.34,76.1,435.0,0,1.974
2026-05-14 04:35:00+08:00,24.57,77.9,436.0,0,1.837
2026-05-14 04:40:00+08:00,23.7,79.1,439.0,0,1.959
2026-05-14 04:45:00+08:00,24.42,79.3,437.0,0,1.779
2026-05-14 04:50:00+08:00,24.67,76.2,438.0,0,2.006
2026-05-14 04:55:00+08:00,23.76,79.3,440.0,0,1.8
2026-05-14 05:00:00+08:00,24.47,81.2,440.0,0,2.402
2026-05-14 05:05:00+08:00,23.73,81.3,437.0,0,1.752
2026-05-14 05:10:00+08:00,24.53,78.4,435.0,0,1.79
2026-05-14 05:15:00+08:00,24.27,79.3,429.0,0,1.589
2026-05-14 05:20:00+08:00,24.18,76.3,433.0,0,1.82
2026-05-14 05:25:00+08:00,24.69,83.4,430.0,0,2.385
2026-05-14 05:30:00+08:00,24.38,79.8,422.0,0,2.102
2026-05-14 05:35:00+08:00,24.58,79.8,424.0,0,2.221
2026-05-14 05:40:00+08:00,25.15,77.1,430.0,0,2.124
2026-05-14 05:45:00+08:00,24.75,75.8,429.0,0,2.151
2026-05-14 05:50:00+08:00,24.74,81.1,430.0,0,1.835
2026-05-14 05:55:00+08:00,23.99,82.0,433.0,0,1.796
2026-05-14 06:00:00+08:00,24.0,79.9,427.0,0,2.056
2026-05-14 06:05:00+08:00,25.37,76.3,429.0,0,2.048
2026-05-14 06:10:00+08:00,25.23,78.4,437.0,0,2.174
2026-05-14 06:15:00+08:00,23.84,79.1,426.0,0,1.978
2026-05-14 06:20:00+08:00,25.45,79.2,426.0,0,2.249
2026-05-14 06:25:00+08:00,25.11,77.0,429.0,0,2.356
2026-05-14 06:30:00+08:00,25.39,76.2,431.0,0,2.545
2026-05-14 06:35:00+08:00,24.34,76.4,426.0,0,2.25
2026-05-14 06:40:00+08:00,24.86,79.0,418.0,0,2.328
2026-05-14 06:45:00+08:00,25.4,76.7,425.0,0,2.217
2026-05-14 06:50:00+08:00,25.2,77.9,428.0,0,2.132
2026-05-14 06:55:00+08:00,25.73,73.1,425.0,0,2.718
2026-05-14 07:00:00+08:00,25.52,80.3,428.0,0,2.594
2026-05-14 07:05:00+08:00,26.08,77.0,432.0,0,2.596
2026-05-14 07:10:00+08:00,26.21,74.4,429.0,0,2.731
2026-05-14 07:15:00+08:00,26.17,74.1,434.0,0,2.575
2026-05-14 07:20:00+08:00,25.81,74.1,440.0,0,2.39
2026-05-14 07:25:00+08:00,26.74,76.4,437.0,0,2.549
2026-05-14 07:30:00+08:00,25.75,75.4,429.0,0,2.508
2026-05-14 07:35:00+08:00,27.12,78.2,427.0,0,2.916
2026-05-14 07:40:00+08:00,25.79,76.6,421.0,0,2.212
2026-05-14 07:45:00+08:00,25.66,80.7,429.0,0,2.651
2026-05-14 07:50:00+08:00,25.87,74.2,436.0,0,2.657
2026-05-14 07:55:00+08:00,26.16,76.3,444.0,0,2.691
2026-05-14 08:00:00+08:00,23.39,83.0,488.0,23,7.451
2026-05-14 08:05:00+08:00,23.36,82.9,532.0,22,6.873
2026-05-14 08:10:00+08:00,23.74,77.0,592.0,33,7.719
2026-05-14 08:15:00+08:00,22.77,80.9,639.0,32,7.703
2026-05-14 08:20:00+08:00,22.62,83.5,704.0,42,7.701
2026-05-14 08:25:00+08:00,22.47,79.6,738.0,30,7.227
2026-05-14 08:30:00+08:00,22.23,84.5,757.0,19,6.735
2026-05-14 08:35:00+08:00,22.93,81.4,772.0,23,6.961
2026-05-14 08:40:00+08:00,23.1,78.7,813.0,33,7.835
2026-05-14 08:45:00+08:00,23.23,76.6,831.0,30,7.682
2026-05-14 08:50:00+08:00,23.39,86.4,852.0,29,7.532
2026-05-14 08:55:00+08:00,23.12,76.3,873.0,31,7.574
2026-05-14 09:00:00+08:00,23.87,79.6,895.0,29,7.406
2026-05-14 09:00:00+08:00,23.87,79.6,895.0,29,7.406
2026-05-14 09:05:00+08:00,23.87,80.2,914.0,28,7.379
2026-05-14 09:10:00+08:00,23.87,79.8,897.0,17,7.709
2026-05-14 09:15:00+08:00,23.87,81.5,931.0,37,7.806
2026-05-14 09:20:00+08:00,23.87,74.3,930.0,23,7.972
2026-05-14 09:25:00+08:00,23.87,77.2,966.0,42,8.476
2026-05-14 09:30:00+08:00,23.87,83.2,978.0,30,7.685
2026-05-14 09:35:00+08:00,23.87,77.7,1003.0,35,7.855
2026-05-14 09:40:00+08:00,23.87,80.0,1005.0,28,7.462
2026-05-14 09:45:00+08:00,23.87,77.1,991.0,20,7.539
2026-05-14 09:50:00+08:00,23.87,76.9,1000.0,29,7.788
2026-05-14 09:55:00+08:00,23.87,77.5,1010.0,31,7.789
2026-05-14 10:00:00+08:00,23.87,79.8,1003.0,25,7.61
2026-05-14 10:05:00+08:00,23.87,80.0,985.0,18,7.702
2026-05-14 10:10:00+08:00,23.87,79.8,985.0,26,7.381
2026-05-14 10:15:00+08:00,23.87,83.6,1003.0,35,7.945
2026-05-14 10:20:00+08:00,23.87,78.9,1016.0,32,7.976
2026-05-14 10:25:00+08:00,23.87,80.6,1005.0,23,7.97
2026-05-14 10:30:00+08:00,23.87,81.1,1007.0,31,8.023
2026-05-14 10:35:00+08:00,23.87,73.7,998.0,23,7.473
2026-05-14 10:40:00+08:00,23.87,77.8,1010.0,34,8.366
2026-05-14 10:45:00+08:00,23.87,80.5,1023.0,33,8.573
2026-05-14 10:50:00+08:00,23.87,79.3,1032.0,31,8.093
2026-05-14 10:55:00+08:00,23.87,72.7,1039.0,33,8.111
2026-05-14 11:00:00+08:00,23.87,78.6,1019.0,21,7.827
2026-05-14 11:05:00+08:00,23.87,76.1,1000.0,20,7.881
2026-05-14 11:10:00+08:00,23.87,79.1,1011.0,31,8.348
2026-05-14 11:15:00+08:00,23.87,75.0,1010.0,28,8.662
2026-05-14 11:20:00+08:00,23.87,78.8,1016.0,27,8.106
2026-05-14 11:25:00+08:00,23.87,75.8,1028.0,36,8.549
2026-05-14 11:30:00+08:00,23.87,72.7,1012.0,25,8.392
2026-05-14 11:35:00+08:00,23.87,77.6,986.0,16,8.095
2026-05-14 11:40:00+08:00,23.87,74.5,1016.0,42,8.918
2026-05-14 11:45:00+08:00,23.87,79.1,1026.0,32,8.488
2026-05-14 11:50:00+08:00,23.87,78.2,1007.0,25,8.326
2026-05-14 11:55:00+08:00,23.87,76.3,1016.0,32,8.305
2026-05-14 12:00:00+08:00,23.87,75.1,991.0,14,7.472
2026-05-14 12:05:00+08:00,23.87,75.7,946.0,8,7.583
2026-05-14 12:10:00+08:00,23.87,79.3,919.0,7,7.668
2026-05-14 12:15:00+08:00,23.87,79.5,891.0,11,8.097
2026-05-14 12:20:00+08:00,23.87,74.3,858.0,9,8.154
2026-05-14 12:25:00+08:00,23.87,74.0,818.0,6,7.765
2026-05-14 12:30:00+08:00,23.87,73.6,793.0,6,7.561
2026-05-14 12:35:00+08:00,23.87,78.2,787.0,14,8.201
2026-05-14 12:40:00+08:00,23.87,70.2,781.0,13,7.963
2026-05-14 12:45:00+08:00,23.87,76.6,775.0,11,7.846
2026-05-14 12:50:00+08:00,23.87,76.9,766.0,8,7.569
2026-05-14 12:55:00+08:00,23.87,75.8,744.0,8,7.913
2026-05-14 13:00:00+08:00,23.87,77.0,781.0,35,8.887
2026-05-14 13:05:00+08:00,23.87,73.4,808.0,27,8.713
2026-05-14 13:10:00+08:00,23.87,73.1,827.0,25,8.644
2026-05-14 13:15:00+08:00,23.87,-999.0,825.0,17,8.185
2026-05-14 13:20:00+08:00,23.87,78.0,863.0,34,9.167
2026-05-14 13:25:00+08:00,23.87,76.5,865.0,25,8.611
2026-05-14 13:30:00+08:00,23.87,76.6,886.0,28,8.692
2026-05-14 13:35:00+08:00,23.87,76.5,900.0,30,8.814
2026-05-14 13:40:00+08:00,23.87,74.5,911.0,28,8.672
2026-05-14 13:45:00+08:00,23.87,78.9,935.0,32,8.763
2026-05-14 13:50:00+08:00,23.87,75.8,937.0,28,8.717
2026-05-14 13:55:00+08:00,23.87,76.7,958.0,33,8.978
2026-05-14 14:00:00+08:00,23.87,74.0,958.0,25,8.436
2026-05-14 14:05:00+08:00,23.87,74.5,969.0,29,8.324
2026-05-14 14:10:00+08:00,23.87,77.6,966.0,22,8.303
2026-05-14 14:15:00+08:00,23.87,73.9,965.0,25,8.157
2026-05-14 14:20:00+08:00,23.87,77.2,976.0,29,8.588
2026-05-14 14:25:00+08:00,23.87,72.6,957.0,20,8.315
2026-05-14 14:30:00+08:00,23.87,75.5,956.0,23,8.454
2026-05-14 14:35:00+08:00,23.87,72.0,963.0,28,8.758
2026-05-14 14:40:00+08:00,23.87,69.1,981.0,31,9.05
2026-05-14 14:45:00+08:00,23.87,74.4,981.0,31,8.697
2026-05-14 14:50:00+08:00,23.87,76.5,983.0,30,8.576
2026-05-14 14:55:00+08:00,23.87,74.4,983.0,24,8.811
2026-05-14 15:00:00+08:00,23.87,77.3,967.0,18,8.737
2026-05-14 15:05:00+08:00,23.87,74.6,979.0,27,8.874
2026-05-14 15:10:00+08:00,23.87,74.5,977.0,26,8.945
2026-05-14 15:15:00+08:00,23.87,79.3,987.0,29,8.148
2026-05-14 15:20:00+08:00,23.87,77.6,989.0,28,8.684
2026-05-14 15:25:00+08:00,23.87,75.6,1021.0,39,8.882
2026-05-14 15:30:00+08:00,23.87,72.4,1006.0,19,8.256
2026-05-14 15:35:00+08:00,23.87,75.2,1003.0,23,8.108
2026-05-14 15:40:00+08:00,23.87,78.7,996.0,25,8.548
2026-05-14 15:45:00+08:00,23.87,77.3,998.0,32,8.781
2026-05-14 15:50:00+08:00,23.87,73.7,1000.0,26,8.659
2026-05-14 15:55:00+08:00,23.87,-999.0,990.0,20,8.265
2026-05-14 16:00:00+08:00,23.87,79.1,987.0,24,8.432
2026-05-14 16:05:00+08:00,23.87,74.4,972.0,20,8.255
2026-05-14 16:10:00+08:00,23.87,71.6,957.0,21,8.673
2026-05-14 16:15:00+08:00,23.87,72.2,939.0,22,8.042
2026-05-14 16:20:00+08:00,23.87,72.1,951.0,28,8.862
2026-05-14 16:25:00+08:00,23.87,76.0,965.0,32,8.57
2026-05-14 16:30:00+08:00,23.87,79.5,956.0,24,8.555
2026-05-14 16:35:00+08:00,23.87,75.5,989.0,45,9.061
2026-05-14 16:40:00+08:00,23.87,76.7,979.0,23,8.64
2026-05-14 16:45:00+08:00,23.87,75.0,976.0,31,8.286
2026-05-14 16:50:00+08:00,23.87,76.8,982.0,29,8.47
2026-05-14 16:55:00+08:00,23.87,74.7,988.0,30,8.61
2026-05-14 17:00:00+08:00,23.87,76.0,945.0,14,8.308
2026-05-14 17:05:00+08:00,23.87,69.2,965.0,35,8.726
2026-05-14 17:10:00+08:00,23.87,79.8,963.0,24,8.388
2026-05-14 17:15:00+08:00,23.87,79.1,955.0,19,8.139
2026-05-14 17:20:00+08:00,23.87,80.0,960.0,26,8.041
2026-05-14 17:25:00+08:00,23.87,77.6,957.0,27,8.592
2026-05-14 17:30:00+08:00,23.87,77.2,959.0,27,8.073
2026-05-14 17:35:00+08:00,23.87,78.2,945.0,19,7.895
2026-05-14 17:40:00+08:00,23.87,77.6,945.0,23,8.083
2026-05-14 17:45:00+08:00,23.87,76.1,960.0,35,8.655
2026-05-14 17:50:00+08:00,23.87,76.5,978.0,34,8.357
2026-05-14 17:55:00+08:00,23.87,72.7,968.0,23,8.006
2026-05-14 18:00:00+08:00,23.87,68.7,914.0,0,3.691
2026-05-14 18:05:00+08:00,23.87,71.8,867.0,0,3.89
2026-05-14 18:10:00+08:00,23.87,70.7,823.0,0,3.757
2026-05-14 18:15:00+08:00,23.87,62.1,768.0,0,4.065
2026-05-14 18:20:00+08:00,23.87,66.9,732.0,0,3.241
2026-05-14 18:25:00+08:00,23.87,76.1,694.0,0,3.423
2026-05-14 18:30:00+08:00,23.87,70.1,667.0,0,3.517
2026-05-14 18:35:00+08:00,23.87,67.0,648.0,0,3.438
2026-05-14 18:40:00+08:00,23.87,67.8,628.0,0,3.049
2026-05-14 18:45:00+08:00,23.87,70.2,606.0,0,3.523
2026-05-14 18:50:00+08:00,23.87,70.3,581.0,0,3.535
2026-05-14 18:55:00+08:00,23.87,69.1,573.0,0,3.801
2026-05-14 19:00:00+08:00,23.87,74.5,558.0,0,3.676
2026-05-14 19:05:00+08:00,23.87,74.3,546.0,0,3.251
2026-05-14 19:10:00+08:00,23.87,71.8,527.0,0,3.017
2026-05-14 19:15:00+08:00,23.87,74.3,522.0,0,2.8
2026-05-14 19:20:00+08:00,23.87,74.3,520.0,0,3.279
2026-05-14 19:25:00+08:00,23.87,72.4,510.0,0,3.182
2026-05-14 19:30:00+08:00,23.87,70.8,508.0,0,3.45
2026-05-14 19:35:00+08:00,23.87,70.1,497.0,0,3.455
2026-05-14 19:40:00+08:00,23.87,71.3,491.0,0,3.554
2026-05-14 19:45:00+08:00,23.87,70.9,490.0,0,3.1
2026-05-14 19:50:00+08:00,23.87,70.4,469.0,0,3.602
2026-05-14 19:55:00+08:00,23.87,69.0,457.0,0,3.249
2026-05-14 20:00:00+08:00,23.87,76.9,464.0,0,2.995
2026-05-14 20:05:00+08:00,23.87,68.2,455.0,0,2.843
2026-05-14 20:10:00+08:00,23.87,72.3,448.0,0,2.958
2026-05-14 20:15:00+08:00,23.87,65.5,441.0,0,2.738
2026-05-14 20:20:00+08:00,23.87,72.3,443.0,0,2.977
2026-05-14 20:25:00+08:00,23.87,67.3,443.0,0,3.154
2026-05-14 20:30:00+08:00,23.87,72.8,439.0,0,2.925
2026-05-14 20:35:00+08:00,23.87,72.3,433.0,0,3.017
2026-05-14 20:40:00+08:00,23.87,73.6,432.0,0,2.593
2026-05-14 20:45:00+08:00,23.87,78.2,435.0,0,2.705
2026-05-14 20:50:00+08:00,23.87,75.4,440.0,0,2.497
2026-05-14 20:55:00+08:00,23.87,80.9,441.0,0,2.983
2026-05-14 21:00:00+08:00,23.87,76.2,428.0,0,2.782
2026-05-14 21:05:00+08:00,23.87,74.4,435.0,0,2.819
2026-05-14 21:10:00+08:00,23.87,72.7,436.0,0,3.239
2026-05-14 21:15:00+08:00,23.87,74.4,427.0,0,2.157
2026-05-14 21:20:00+08:00,23.87,72.7,435.0,0,2.622
2026-05-14 21:25:00+08:00,23.87,77.7,426.0,0,2.762
2026-05-14 21:30:00+08:00,23.87,75.9,433.0,0,2.988
2026-05-14 21:35:00+08:00,23.87,74.2,441.0,0,2.788
2026-05-14 21:40:00+08:00,23.87,71.1,442.0,0,2.529
2026-05-14 21:45:00+08:00,23.87,74.0,450.0,0,2.903
2026-05-14 21:50:00+08:00,23.87,75.5,441.0,0,2.964
2026-05-14 21:55:00+08:00,23.87,76.1,431.0,0,2.955
2026-05-14 22:00:00+08:00,23.87,78.5,420.0,0,2.372
2026-05-14 22:05:00+08:00,23.87,72.9,429.0,0,2.497
2026-05-14 22:10:00+08:00,23.87,79.1,418.0,0,2.52
2026-05-14 22:15:00+08:00,23.87,75.4,414.0,0,2.743
2026-05-14 22:20:00+08:00,23.87,78.7,410.0,0,2.299
2026-05-14 22:25:00+08:00,23.87,74.4,407.0,0,2.317
2026-05-14 22:30:00+08:00,23.87,77.0,408.0,0,2.661
2026-05-14 22:35:00+08:00,23.87,78.0,402.0,0,2.408
2026-05-14 22:40:00+08:00,23.87,76.6,410.0,0,2.739
2026-05-14 22:45:00+08:00,23.87,75.2,412.0,0,2.357
2026-05-14 22:50:00+08:00,23.87,78.6,415.0,0,2.009
2026-05-14 22:55:00+08:00,23.87,74.9,417.0,0,2.449
2026-05-14 23:00:00+08:00,26.02,76.2,426.0,0,2.335
2026-05-14 23:05:00+08:00,25.49,78.7,433.0,0,2.475
2026-05-14 23:05:00+08:00,25.49,78.7,433.0,0,2.475
2026-05-14 23:10:00+08:00,24.71,76.5,427.0,0,2.057
2026-05-14 23:15:00+08:00,25.55,78.5,431.0,0,2.549
2026-05-14 23:20:00+08:00,25.1,80.4,425.0,0,2.214
2026-05-14 23:25:00+08:00,25.16,78.4,431.0,0,1.615
2026-05-14 23:30:00+08:00,24.93,79.3,433.0,0,2.553
2026-05-14 23:35:00+08:00,25.03,77.3,435.0,0,2.574
2026-05-14 23:40:00+08:00,25.36,75.2,438.0,0,2.402
2026-05-14 23:45:00+08:00,25.36,76.2,437.0,0,2.098
2026-05-14 23:50:00+08:00,25.21,82.5,431.0,0,2.363
2026-05-14 23:55:00+08:00,25.2,78.0,435.0,0,2.429
2026-05-15 00:00:00+08:00,24.8,80.3,433.0,0,1.809
2026-05-15 00:05:00+08:00,25.51,76.7,428.0,0,2.119
2026-05-15 00:10:00+08:00,25.15,79.2,429.0,0,2.118
2026-05-15 00:15:00+08:00,24.51,84.7,428.0,0,1.945
2026-05-15 00:20:00+08:00,24.35,77.6,426.0,0,1.682
2026-05-15 00:25:00+08:00,24.88,81.5,423.0,0,2.08
2026-05-15 00:30:00+08:00,24.8,79.7,415.0,0,1.985
2026-05-15 00:35:00+08:00,24.38,81.5,417.0,0,1.837
2026-05-15 00:40:00+08:00,24.42,79.0,418.0,0,2.027
2026-05-15 00:45:00+08:00,23.96,76.3,419.0,0,1.623
2026-05-15 00:50:00+08:00,25.18,77.1,422.0,0,1.972
2026-05-15 00:55:00+08:00,24.16,82.8,418.0,0,1.734
2026-05-15 01:00:00+08:00,25.13,78.6,418.0,0,2.26
2026-05-15 01:05:00+08:00,23.8,78.1,424.0,0,1.87
2026-05-15 01:10:00+08:00,24.95,77.3,427.0,0,2.036
2026-05-15 01:15:00+08:00,24.04,76.7,426.0,0,1.906
2026-05-15 01:20:00+08:00,24.52,77.7,419.0,0,2.08
2026-05-15 01:25:00+08:00,24.86,75.7,418.0,0,1.857
2026-05-15 01:30:00+08:00,24.82,76.6,423.0,0,1.992
2026-05-15 01:35:00+08:00,24.44,79.2,425.0,0,2.032
2026-05-15 01:40:00+08:00,23.9,76.0,415.0,0,2.011
2026-05-15 01:45:00+08:00,24.73,79.8,421.0,0,2.369
2026-05-15 01:50:00+08:00,24.34,77.5,422.0,0,1.798
2026-05-15 01:55:00+08:00,24.09,81.5,424.0,0,1.589
2026-05-15 02:00:00+08:00,23.73,80.3,419.0,0,1.696
2026-05-15 02:05:00+08:00,23.71,79.7,418.0,0,1.308
2026-05-15 02:10:00+08:00,23.55,78.5,416.0,0,1.527
2026-05-15 02:15:00+08:00,24.17,78.5,419.0,0,1.753
2026-05-15 02:20:00+08:00,23.98,79.9,413.0,0,1.464
2026-05-15 02:25:00+08:00,24.16,78.7,410.0,0,2.013
2026-05-15 02:30:00+08:00,24.37,80.2,411.0,0,1.996
2026-05-15 02:35:00+08:00,24.61,75.9,410.0,0,2.136
2026-05-15 02:40:00+08:00,23.78,84.4,403.0,0,1.884
2026-05-15 02:45:00+08:00,24.86,82.9,411.0,0,2.179
2026-05-15 02:50:00+08:00,23.79,80.2,414.0,0,1.686
2026-05-15 02:55:00+08:00,24.25,82.2,410.0,0,1.982
2026-05-15 03:00:00+08:00,23.27,81.1,408.0,0,1.737
2026-05-15 03:05:00+08:00,23.35,79.9,411.0,0,1.531
2026-05-15 03:10:00+08:00,24.3,79.8,403.0,0,1.869
2026-05-15 03:15:00+08:00,23.57,84.0,412.0,0,1.651
2026-05-15 03:20:00+08:00,23.58,80.3,406.0,0,1.671
2026-05-15 03:25:00+08:00,23.58,80.5,423.0,0,1.856
2026-05-15 03:30:00+08:00,23.78,78.5,419.0,0,1.895
2026-05-15 03:35:00+08:00,23.5,82.3,420.0,0,1.767
2026-05-15 03:40:00+08:00,24.49,77.8,429.0,0,2.319
2026-05-15 03:45:00+08:00,24.3,80.6,437.0,0,1.864
2026-05-15 03:50:00+08:00,24.36,79.1,435.0,0,1.77
2026-05-15 03:55:00+08:00,24.59,82.5,432.0,0,1.857
2026-05-15 04:00:00+08:00,24.41,76.5,422.0,0,2.024
2026-05-15 04:05:00+08:00,23.96,81.8,415.0,0,1.987
2026-05-15 04:10:00+08:00,23.99,78.2,413.0,0,2.066
2026-05-15 04:15:00+08:00,23.72,80.0,417.0,0,2.243
2026-05-15 04:20:00+08:00,24.34,82.2,413.0,0,2.188
2026-05-15 04:25:00+08:00,24.14,81.4,414.0,0,1.889
2026-05-15 04:30:00+08:00,24.49,79.7,420.0,0,1.983
2026-05-15 04:35:00+08:00,23.53,81.4,424.0,0,1.767
2026-05-15 04:40:00+08:00,24.76,76.5,424.0,0,2.129
2026-05-15 04:45:00+08:00,23.8,84.6,412.0,0,1.84
2026-05-15 04:50:00+08:00,23.88,77.7,416.0,0,2.166
2026-05-15 04:55:00+08:00,24.12,81.4,418.0,0,1.962
2026-05-15 05:00:00+08:00,24.44,76.3,413.0,0,1.967
2026-05-15 05:05:00+08:00,24.47,82.3,407.0,0,2.053
2026-05-15 05:10:00+08:00,23.92,84.2,410.0,0,1.786
2026-05-15 05:15:00+08:00,23.87,78.5,409.0,0,1.907
2026-05-15 05:20:00+08:00,23.9,82.0,409.0,0,1.542
2026-05-15 05:25:00+08:00,24.07,79.0,416.0,0,2.329
2026-05-15 05:30:00+08:00,25.27,79.2,419.0,0,2.319
2026-05-15 05:35:00+08:00,24.55,77.6,417.0,0,2.155
2026-05-15 05:40:00+08:00,25.15,79.9,418.0,0,2.059
2026-05-15 05:45:00+08:00,24.63,75.8,413.0,0,1.966
2026-05-15 05:50:00+08:00,24.76,81.0,417.0,0,2.325
2026-05-15 05:55:00+08:00,24.63,75.3,423.0,0,1.914
2026-05-15 06:00:00+08:00,25.41,77.0,417.0,0,2.358
2026-05-15 06:05:00+08:00,24.9,79.0,421.0,0,2.113
2026-05-15 06:10:00+08:00,24.93,79.8,423.0,0,1.962
2026-05-15 06:15:00+08:00,25.91,80.5,421.0,0,2.267
2026-05-15 06:20:00+08:00,25.24,75.1,423.0,0,1.942
2026-05-15 06:25:00+08:00,25.3,75.7,423.0,0,2.319
2026-05-15 06:30:00+08:00,25.15,77.5,414.0,0,2.248
2026-05-15 06:35:00+08:00,25.77,73.7,412.0,0,2.592
2026-05-15 06:40:00+08:00,24.75,76.1,412.0,0,2.267
2026-05-15 06:45:00+08:00,25.11,76.5,408.0,0,2.172
2026-05-15 06:50:00+08:00,25.44,77.3,406.0,0,2.115
2026-05-15 06:55:00+08:00,25.52,74.7,406.0,0,2.648
2026-05-15 07:00:00+08:00,25.33,81.2,411.0,0,2.141
2026-05-15 07:05:00+08:00,24.87,78.0,415.0,0,2.048
2026-05-15 07:10:00+08:00,25.91,69.6,425.0,0,2.692
2026-05-15 07:15:00+08:00,25.96,78.0,430.0,0,2.266
2026-05-15 07:20:00+08:00,25.49,81.3,440.0,0,2.335
2026-05-15 07:25:00+08:00,25.37,75.1,431.0,0,2.126
2026-05-15 07:30:00+08:00,26.39,76.7,434.0,0,2.656
2026-05-15 07:35:00+08:00,25.57,77.0,433.0,0,2.43
2026-05-15 07:40:00+08:00,26.25,78.0,434.0,0,2.493
2026-05-15 07:45:00+08:00,26.46,76.9,436.0,0,2.668
2026-05-15 07:50:00+08:00,25.88,71.7,437.0,0,2.515
2026-05-15 07:55:00+08:00,26.26,78.4,439.0,0,2.339
2026-05-15 08:00:00+08:00,22.63,80.4,513.0,35,7.288
2026-05-15 08:05:00+08:00,23.45,80.9,589.0,40,7.946
2026-05-15 08:10:00+08:00,21.54,85.1,636.0,31,6.568
2026-05-15 08:15:00+08:00,22.98,82.5,675.0,27,7.367
2026-05-15 08:20:00+08:00,22.01,89.0,711.0,26,7.086
2026-05-15 08:25:00+08:00,23.47,83.0,728.0,21,7.023
2026-05-15 08:30:00+08:00,22.51,82.1,737.0,22,6.89
2026-05-15 08:35:00+08:00,22.77,83.3,764.0,28,7.204
2026-05-15 08:40:00+08:00,23.11,81.2,763.0,17,7.129
2026-05-15 08:45:00+08:00,23.46,79.8,786.0,28,7.462
2026-05-15 08:50:00+08:00,23.2,81.3,793.0,21,7.099
2026-05-15 08:55:00+08:00,24.52,81.6,814.0,26,7.769
2026-05-15 09:00:00+08:00,23.97,77.8,855.0,41,8.183
2026-05-15 09:05:00+08:00,22.94,86.0,858.0,24,7.337
2026-05-15 09:10:00+08:00,24.36,78.1,844.0,15,7.533
2026-05-15 09:15:00+08:00,23.8,75.1,882.0,36,7.603
2026-05-15 09:20:00+08:00,24.01,78.8,911.0,39,8.145
2026-05-15 09:25:00+08:00,23.5,78.0,902.0,18,7.044
2026-05-15 09:30:00+08:00,24.0,78.6,925.0,38,7.755
2026-05-15 09:35:00+08:00,23.98,85.5,934.0,29,7.869
2026-05-15 09:40:00+08:00,24.62,77.2,959.0,35,8.031
2026-05-15 09:45:00+08:00,24.35,79.2,943.0,21,7.783
2026-05-15 09:50:00+08:00,24.43,85.7,939.0,26,7.594
2026-05-15 09:55:00+08:00,23.88,79.8,927.0,20,7.626
2026-05-15 10:00:00+08:00,24.46,83.2,938.0,29,7.836
2026-05-15 10:05:00+08:00,24.13,80.8,937.0,26,7.809
2026-05-15 10:10:00+08:00,24.24,79.7,949.0,29,7.662
2026-05-15 10:15:00+08:00,24.92,81.0,938.0,19,7.53
2026-05-15 10:20:00+08:00,25.1,76.8,923.0,20,7.556
2026-05-15 10:25:00+08:00,23.59,77.7,929.0,26,7.794
2026-05-15 10:30:00+08:00,25.26,80.9,944.0,32,7.99
2026-05-15 10:35:00+08:00,24.4,77.2,932.0,19,7.913
2026-05-15 10:40:00+08:00,25.26,77.8,950.0,33,8.572
2026-05-15 10:45:00+08:00,25.28,76.0,971.0,33,8.45
2026-05-15 10:50:00+08:00,24.34,79.6,965.0,23,7.625
2026-05-15 10:55:00+08:00,25.2,81.5,966.0,27,8.092
2026-05-15 11:00:00+08:00,24.73,79.0,978.0,32,8.215
2026-05-15 11:05:00+08:00,25.57,79.0,975.0,22,8.244
2026-05-15 11:10:00+08:00,26.2,81.6,979.0,28,8.406
2026-05-15 11:10:00+08:00,26.2,81.6,979.0,28,8.406
2026-05-15 11:15:00+08:00,24.77,75.3,996.0,32,8.04
2026-05-15 11:20:00+08:00,25.35,76.9,997.0,25,8.413
2026-05-15 11:25:00+08:00,25.71,75.8,983.0,21,7.893
2026-05-15 11:30:00+08:00,25.94,80.3,989.0,30,8.585
2026-05-15 11:35:00+08:00,25.34,80.9,1008.0,34,8.228
2026-05-15 11:40:00+08:00,25.99,75.8,1012.0,28,8.424
2026-05-15 11:45:00+08:00,24.29,75.8,1001.0,27,7.754
2026-05-15 11:50:00+08:00,26.24,77.5,1014.0,34,8.771
2026-05-15 11:55:00+08:00,25.16,77.3,1002.0,22,8.014
2026-05-15 12:00:00+08:00,26.0,75.8,964.0,10,7.793
2026-05-15 12:05:00+08:00,26.45,73.7,938.0,13,7.91
2026-05-15 12:10:00+08:00,26.1,78.0,897.0,8,7.782
2026-05-15 12:15:00+08:00,26.04,76.0,863.0,8,7.332
2026-05-15 12:20:00+08:00,25.21,74.4,842.0,10,7.504
2026-05-15 12:25:00+08:00,25.15,78.3,809.0,8,7.584
2026-05-15 12:30:00+08:00,26.13,72.6,784.0,8,7.817
2026-05-15 12:35:00+08:00,26.83,75.4,770.0,11,8.012
2026-05-15 12:40:00+08:00,25.98,76.6,760.0,12,7.521
2026-05-15 12:45:00+08:00,26.87,73.2,757.0,12,8.331
2026-05-15 12:50:00+08:00,25.89,73.9,747.0,10,7.761
2026-05-15 12:55:00+08:00,26.53,73.0,733.0,8,7.943
2026-05-15 13:00:00+08:00,27.03,77.3,743.0,18,8.268
2026-05-15 13:05:00+08:00,26.75,77.8,759.0,24,8.397
2026-05-15 13:10:00+08:00,26.49,74.8,796.0,29,8.376
2026-05-15 13:15:00+08:00,26.32,73.5,807.0,24,8.222
2026-05-15 13:20:00+08:00,26.48,76.9,827.0,30,8.526
2026-05-15 13:25:00+08:00,27.01,75.5,837.0,22,8.539
2026-05-15 13:30:00+08:00,26.63,75.9,861.0,33,8.642
2026-05-15 13:35:00+08:00,26.57,77.5,887.0,33,8.765
2026-05-15 13:40:00+08:00,27.17,74.1,904.0,31,9.081
2026-05-15 13:45:00+08:00,27.05,72.4,886.0,14,7.853
2026-05-15 13:50:00+08:00,26.9,-999.0,888.0,23,8.613
2026-05-15 13:55:00+08:00,26.63,75.2,905.0,35,8.651
2026-05-15 14:00:00+08:00,27.18,76.7,934.0,36,8.864
2026-05-15 14:05:00+08:00,26.61,75.4,918.0,16,7.989
2026-05-15 14:10:00+08:00,27.22,74.6,925.0,26,8.762
2026-05-15 14:15:00+08:00,26.48,75.2,932.0,28,8.581
2026-05-15 14:20:00+08:00,27.39,74.4,934.0,26,8.349
2026-05-15 14:25:00+08:00,26.83,76.3,934.0,28,8.421
2026-05-15 14:30:00+08:00,27.47,75.5,935.0,23,8.759
2026-05-15 14:35:00+08:00,26.89,75.6,943.0,31,8.98
2026-05-15 14:40:00+08:00,26.11,79.0,965.0,33,8.916
2026-05-15 14:45:00+08:00,26.82,69.0,947.0,21,8.686
2026-05-15 14:50:00+08:00,26.61,76.2,953.0,24,8.226
2026-05-15 14:55:00+08:00,26.37,72.9,942.0,18,7.698
2026-05-15 15:00:00+08:00,26.58,77.0,960.0,33,8.845
2026-05-15 15:05:00+08:00,26.99,72.9,965.0,29,8.591
2026-05-15 15:10:00+08:00,26.64,79.2,956.0,23,8.23
2026-05-15 15:15:00+08:00,26.67,75.1,950.0,26,8.771
2026-05-15 15:20:00+08:00,26.9,77.3,952.0,30,8.804
2026-05-15 15:25:00+08:00,25.97,78.4,953.0,26,8.688
2026-05-15 15:30:00+08:00,26.99,72.4,940.0,19,8.047
2026-05-15 15:35:00+08:00,27.39,74.6,936.0,24,8.269
2026-05-15 15:40:00+08:00,27.37,72.5,927.0,18,8.407
2026-05-15 15:45:00+08:00,26.48,74.8,933.0,27,8.53
2026-05-15 15:50:00+08:00,26.19,71.2,921.0,16,8.279
2026-05-15 15:55:00+08:00,26.91,73.5,949.0,33,8.834
2026-05-15 16:00:00+08:00,27.04,72.8,940.0,23,8.499
2026-05-15 16:05:00+08:00,26.97,74.3,950.0,31,8.858
2026-05-15 16:10:00+08:00,27.08,75.8,972.0,34,8.86
2026-05-15 16:15:00+08:00,26.75,77.1,960.0,23,8.444
2026-05-15 16:20:00+08:00,27.17,74.8,978.0,32,9.067
2026-05-15 16:25:00+08:00,25.94,72.5,973.0,26,8.595
2026-05-15 16:30:00+08:00,26.99,72.3,989.0,29,8.732
2026-05-15 16:35:00+08:00,27.36,74.7,980.0,25,8.678
2026-05-15 16:40:00+08:00,26.88,76.2,1008.0,40,8.949
2026-05-15 16:45:00+08:00,26.46,74.0,1016.0,32,8.695
2026-05-15 16:50:00+08:00,26.21,75.2,1012.0,27,8.926
2026-05-15 16:55:00+08:00,27.25,74.7,1023.0,36,8.881
2026-05-15 17:00:00+08:00,26.34,78.6,1019.0,29,8.586
2026-05-15 17:05:00+08:00,26.54,73.3,1004.0,21,8.36
2026-05-15 17:10:00+08:00,26.14,77.0,1005.0,28,8.524
2026-05-15 17:15:00+08:00,26.22,78.3,1011.0,33,8.258
2026-05-15 17:20:00+08:00,25.91,72.4,1024.0,33,8.376
2026-05-15 17:25:00+08:00,26.37,74.2,1022.0,25,8.443
2026-05-15 17:30:00+08:00,25.9,76.0,1020.0,28,8.691
2026-05-15 17:35:00+08:00,26.78,74.8,1012.0,26,8.244
2026-05-15 17:40:00+08:00,25.95,76.1,1016.0,26,7.867
2026-05-15 17:45:00+08:00,25.92,76.5,992.0,17,7.981
2026-05-15 17:50:00+08:00,26.31,75.5,1007.0,34,8.829
2026-05-15 17:55:00+08:00,26.13,73.6,1006.0,31,8.417
2026-05-15 18:00:00+08:00,29.99,68.1,946.0,0,3.457
2026-05-15 18:05:00+08:00,29.02,73.3,898.0,0,3.52
2026-05-15 18:10:00+08:00,28.88,74.5,853.0,0,3.177
2026-05-15 18:15:00+08:00,29.83,69.6,801.0,0,3.725
2026-05-15 18:20:00+08:00,29.79,69.8,772.0,0,3.805
2026-05-15 18:25:00+08:00,29.63,65.2,745.0,0,3.646
2026-05-15 18:30:00+08:00,29.8,69.1,706.0,0,3.74
2026-05-15 18:35:00+08:00,29.96,71.3,673.0,0,4.035
2026-05-15 18:40:00+08:00,29.64,69.1,643.0,0,3.468
2026-05-15 18:45:00+08:00,28.94,70.3,616.0,0,3.423
2026-05-15 18:50:00+08:00,29.13,69.6,599.0,0,3.304
2026-05-15 18:55:00+08:00,28.56,75.5,573.0,0,3.476
2026-05-15 19:00:00+08:00,29.37,74.4,554.0,0,3.632
2026-05-15 19:05:00+08:00,28.43,73.7,544.0,0,3.513
2026-05-15 19:10:00+08:00,29.6,72.5,519.0,0,3.524
2026-05-15 19:15:00+08:00,28.41,72.5,505.0,0,3.24
2026-05-15 19:20:00+08:00,28.77,69.9,499.0,0,3.527
2026-05-15 19:25:00+08:00,28.73,74.5,500.0,0,3.382
2026-05-15 19:30:00+08:00,28.12,74.0,486.0,0,3.094
2026-05-15 19:35:00+08:00,29.15,68.6,475.0,0,3.561
2026-05-15 19:40:00+08:00,28.31,74.2,474.0,0,3.312
2026-05-15 19:45:00+08:00,28.4,70.1,468.0,0,3.41
2026-05-15 19:50:00+08:00,27.89,72.3,463.0,0,3.603
2026-05-15 19:55:00+08:00,29.33,68.7,456.0,0,3.811
2026-05-15 20:00:00+08:00,28.02,69.0,444.0,0,2.742
2026-05-15 20:05:00+08:00,28.71,69.7,447.0,0,3.209
2026-05-15 20:10:00+08:00,27.86,73.2,448.0,0,3.59
2026-05-15 20:15:00+08:00,27.76,70.0,446.0,0,3.03
2026-05-15 20:20:00+08:00,27.01,75.6,450.0,0,2.923
2026-05-15 20:25:00+08:00,28.26,72.7,456.0,0,3.22
2026-05-15 20:30:00+08:00,28.52,68.6,461.0,0,3.149
2026-05-15 20:35:00+08:00,28.32,69.7,463.0,0,2.918
2026-05-15 20:40:00+08:00,27.9,69.7,459.0,0,3.053
2026-05-15 20:45:00+08:00,27.93,69.6,452.0,0,2.937
2026-05-15 20:50:00+08:00,27.03,72.0,450.0,0,2.759
2026-05-15 20:55:00+08:00,26.99,69.0,446.0,0,2.55
2026-05-15 21:00:00+08:00,28.43,72.9,444.0,0,2.959
2026-05-15 21:05:00+08:00,27.34,73.3,442.0,0,3.055
2026-05-15 21:10:00+08:00,26.31,76.4,440.0,0,2.632
2026-05-15 21:15:00+08:00,28.31,69.9,435.0,0,2.842
2026-05-15 21:20:00+08:00,27.0,74.7,427.0,0,2.847
2026-05-15 21:25:00+08:00,26.43,74.4,432.0,0,2.483
2026-05-15 21:30:00+08:00,26.99,79.8,432.0,0,2.865
2026-05-15 21:35:00+08:00,26.99,74.0,430.0,0,2.773
2026-05-15 21:40:00+08:00,26.33,74.2,430.0,0,2.576
2026-05-15 21:45:00+08:00,25.92,74.7,429.0,0,2.211
2026-05-15 21:50:00+08:00,25.69,70.5,438.0,0,2.501
2026-05-15 21:55:00+08:00,25.97,74.4,433.0,0,2.493
2026-05-15 22:00:00+08:00,26.06,75.2,428.0,0,2.543
2026-05-15 22:05:00+08:00,26.89,71.8,428.0,0,2.408
2026-05-15 22:10:00+08:00,26.37,78.2,427.0,0,2.738
2026-05-15 22:15:00+08:00,26.47,72.5,426.0,0,2.535
2026-05-15 22:20:00+08:00,25.57,77.8,429.0,0,2.475
2026-05-15 22:25:00+08:00,26.12,77.2,433.0,0,2.332
2026-05-15 22:30:00+08:00,26.14,80.1,429.0,0,2.732
2026-05-15 22:35:00+08:00,26.24,74.4,430.0,0,2.577
2026-05-15 22:40:00+08:00,26.05,75.4,430.0,0,2.471
2026-05-15 22:45:00+08:00,25.29,77.4,428.0,0,2.488
2026-05-15 22:50:00+08:00,25.69,78.7,428.0,0,2.428
2026-05-15 22:55:00+08:00,25.77,74.1,425.0,0,2.292
2026-05-15 23:00:00+08:00,25.76,80.2,428.0,0,2.302
2026-05-15 23:05:00+08:00,25.5,73.7,422.0,0,2.349
2026-05-15 23:10:00+08:00,25.79,74.7,420.0,0,2.452
2026-05-15 23:15:00+08:00,25.46,74.5,428.0,0,2.454
2026-05-15 23:20:00+08:00,25.36,81.8,432.0,0,2.517
2026-05-15 23:25:00+08:00,24.98,80.1,428.0,0,2.236
2026-05-15 23:30:00+08:00,25.07,82.4,428.0,0,2.619
2026-05-15 23:35:00+08:00,25.84,72.8,429.0,0,2.561
2026-05-15 23:40:00+08:00,24.22,80.2,436.0,0,2.189
2026-05-15 23:45:00+08:00,24.7,78.4,436.0,0,2.332
2026-05-15 23:50:00+08:00,25.24,75.9,433.0,0,2.213
2026-05-15 23:55:00+08:00,25.27,78.5,450.0,0,2.153
2026-05-16 00:00:00+08:00,25.69,74.8,440.0,0,2.167
2026-05-16 00:05:00+08:00,25.43,77.4,439.0,0,2.366
2026-05-16 00:10:00+08:00,25.06,78.8,433.0,0,2.355
2026-05-16 00:15:00+08:00,25.02,75.4,431.0,0,2.196
2026-05-16 00:20:00+08:00,24.53,78.4,420.0,0,1.799
2026-05-16 00:25:00+08:00,24.47,78.5,426.0,0,1.896
2026-05-16 00:30:00+08:00,23.96,81.3,425.0,0,1.776
2026-05-16 00:35:00+08:00,24.83,79.6,425.0,0,2.136
2026-05-16 00:40:00+08:00,24.21,80.3,413.0,0,1.418
2026-05-16 00:45:00+08:00,24.66,78.8,417.0,0,2.135
2026-05-16 00:50:00+08:00,24.99,74.0,414.0,0,2.03
2026-05-16 00:55:00+08:00,24.13,82.6,417.0,0,2.023
2026-05-16 01:00:00+08:00,24.05,82.9,418.0,0,1.901
2026-05-16 01:05:00+08:00,24.1,80.4,420.0,0,1.83
2026-05-16 01:10:00+08:00,24.78,77.6,422.0,0,1.794
2026-05-16 01:15:00+08:00,24.31,78.2,419.0,0,1.906
2026-05-16 01:20:00+08:00,23.55,83.5,416.0,0,1.775
2026-05-16 01:25:00+08:00,23.87,82.9,418.0,0,1.757
2026-05-16 01:30:00+08:00,24.0,80.5,421.0,0,1.74
2026-05-16 01:35:00+08:00,23.82,79.5,420.0,0,1.744
2026-05-16 01:40:00+08:00,23.49,81.0,411.0,0,1.795
2026-05-16 01:45:00+08:00,23.89,80.8,407.0,0,1.755
2026-05-16 01:50:00+08:00,23.87,80.1,401.0,0,2.014
2026-05-16 01:55:00+08:00,23.56,83.0,405.0,0,1.627
2026-05-16 02:00:00+08:00,24.27,78.6,404.0,0,2.069
2026-05-16 02:00:00+08:00,24.27,78.6,404.0,0,2.069
2026-05-16 02:05:00+08:00,24.29,77.1,404.0,0,1.817
2026-05-16 02:10:00+08:00,23.97,80.6,414.0,0,1.824
2026-05-16 02:15:00+08:00,24.1,83.0,415.0,0,1.958
2026-05-16 02:20:00+08:00,24.3,76.5,417.0,0,1.894
2026-05-16 02:25:00+08:00,23.57,85.0,416.0,0,1.604
2026-05-16 02:30:00+08:00,23.23,79.7,415.0,0,2.099
2026-05-16 02:35:00+08:00,23.45,81.7,422.0,0,1.267
2026-05-16 02:40:00+08:00,24.14,85.3,419.0,0,1.877
2026-05-16 02:45:00+08:00,23.97,87.6,426.0,0,1.812
2026-05-16 02:50:00+08:00,22.98,81.4,424.0,0,1.697
2026-05-16 02:55:00+08:00,23.94,80.7,427.0,0,1.677
2026-05-16 03:00:00+08:00,24.28,76.5,429.0,0,2.041
2026-05-16 03:05:00+08:00,24.25,75.2,425.0,0,2.081
2026-05-16 03:10:00+08:00,23.94,79.8,422.0,0,1.597
2026-05-16 03:15:00+08:00,24.18,78.0,419.0,0,1.435
2026-05-16 03:20:00+08:00,24.09,79.9,421.0,0,1.738
2026-05-16 03:25:00+08:00,23.63,79.5,422.0,0,1.763
2026-05-16 03:30:00+08:00,24.74,81.7,425.0,0,2.049
2026-05-16 03:35:00+08:00,23.83,74.8,427.0,0,1.478
2026-05-16 03:40:00+08:00,23.35,82.2,422.0,0,1.949
2026-05-16 03:45:00+08:00,24.14,80.3,420.0,0,1.789
2026-05-16 03:50:00+08:00,24.27,80.1,421.0,0,2.179
2026-05-16 03:55:00+08:00,23.98,81.3,419.0,0,2.409
2026-05-16 04:00:00+08:00,23.31,81.2,411.0,0,1.645
2026-05-16 04:05:00+08:00,23.62,80.7,414.0,0,1.516
2026-05-16 04:10:00+08:00,24.26,78.7,422.0,0,1.812
2026-05-16 04:15:00+08:00,24.9,79.2,424.0,0,2.362
2026-05-16 04:20:00+08:00,23.59,85.8,418.0,0,1.832
2026-05-16 04:25:00+08:00,24.05,80.5,409.0,0,1.756
2026-05-16 04:30:00+08:00,23.59,78.9,413.0,0,1.817
2026-05-16 04:35:00+08:00,24.63,82.2,415.0,0,2.18
2026-05-16 04:40:00+08:00,23.75,80.2,410.0,0,1.835
2026-05-16 04:45:00+08:00,24.03,81.8,416.0,0,2.033
2026-05-16 04:50:00+08:00,24.42,75.7,417.0,0,1.796
2026-05-16 04:55:00+08:00,24.81,78.9,418.0,0,1.839
2026-05-16 05:00:00+08:00,24.6,79.0,424.0,0,2.077
2026-05-16 05:05:00+08:00,24.84,79.2,424.0,0,2.02
2026-05-16 05:10:00+08:00,23.79,81.0,416.0,0,1.803
2026-05-16 05:15:00+08:00,24.14,79.9,422.0,0,1.899
2026-05-16 05:20:00+08:00,23.91,80.7,412.0,0,1.908
2026-05-16 05:25:00+08:00,24.51,74.2,410.0,0,1.614
2026-05-16 05:30:00+08:00,24.89,83.3,404.0,0,2.137
2026-05-16 05:35:00+08:00,25.13,78.9,402.0,0,1.895
2026-05-16 05:40:00+08:00,24.54,76.3,404.0,0,2.124
2026-05-16 05:45:00+08:00,24.33,76.3,416.0,0,1.954
2026-05-16 05:50:00+08:00,24.93,74.8,414.0,0,2.29
2026-05-16 05:55:00+08:00,24.84,76.3,408.0,0,1.99
2026-05-16 06:00:00+08:00,24.64,80.0,402.0,0,2.004
2026-05-16 06:05:00+08:00,24.39,77.9,408.0,0,2.03
2026-05-16 06:10:00+08:00,25.93,76.9,402.0,0,1.793
2026-05-16 06:15:00+08:00,25.27,79.3,409.0,0,2.32
2026-05-16 06:20:00+08:00,25.4,76.6,396.0,0,2.183
2026-05-16 06:25:00+08:00,24.94,81.2,398.0,0,2.261
2026-05-16 06:30:00+08:00,25.76,75.0,395.0,0,2.529
2026-05-16 06:35:00+08:00,25.19,77.2,394.0,0,2.185
2026-05-16 06:40:00+08:00,26.14,77.1,392.0,0,2.072
2026-05-16 06:45:00+08:00,25.59,81.7,399.0,0,2.185
2026-05-16 06:50:00+08:00,25.41,73.1,402.0,0,2.157
2026-05-16 06:55:00+08:00,25.56,81.2,402.0,0,2.115
2026-05-16 07:00:00+08:00,25.69,76.7,408.0,0,2.453
2026-05-16 07:05:00+08:00,25.19,73.7,407.0,0,2.439
2026-05-16 07:10:00+08:00,26.46,76.2,408.0,0,2.402
2026-05-16 07:15:00+08:00,25.27,78.0,403.0,0,2.071
2026-05-16 07:20:00+08:00,26.31,79.1,398.0,0,2.657
2026-05-16 07:25:00+08:00,26.01,72.9,396.0,0,2.78
2026-05-16 07:30:00+08:00,25.9,76.4,398.0,0,2.296
2026-05-16 07:35:00+08:00,25.96,78.9,400.0,0,2.542
2026-05-16 07:40:00+08:00,25.94,73.1,397.0,0,2.429
2026-05-16 07:45:00+08:00,26.5,69.2,392.0,0,2.618
2026-05-16 07:50:00+08:00,26.03,73.5,393.0,0,2.919
2026-05-16 07:55:00+08:00,26.96,76.4,397.0,0,2.88
2026-05-16 08:00:00+08:00,26.82,72.4,408.0,0,2.791
2026-05-16 08:05:00+08:00,26.18,76.9,404.0,0,2.782
2026-05-16 08:10:00+08:00,26.69,80.4,408.0,0,2.579
2026-05-16 08:15:00+08:00,26.54,80.1,407.0,0,2.913
2026-05-16 08:20:00+08:00,27.01,75.0,399.0,0,2.867
2026-05-16 08:25:00+08:00,26.21,77.6,395.0,0,2.572
2026-05-16 08:30:00+08:00,26.75,76.5,400.0,0,2.886
2026-05-16 08:35:00+08:00,26.98,74.5,403.0,0,2.762
2026-05-16 08:40:00+08:00,27.02,77.1,406.0,0,2.852
2026-05-16 08:45:00+08:00,26.65,75.8,404.0,0,2.803
2026-05-16 08:50:00+08:00,27.89,69.8,400.0,0,3.178
2026-05-16 08:55:00+08:00,27.35,77.3,412.0,0,2.901
2026-05-16 09:00:00+08:00,27.36,74.9,415.0,0,2.814
2026-05-16 09:05:00+08:00,28.04,69.8,410.0,0,2.79
2026-05-16 09:10:00+08:00,27.4,73.9,411.0,0,2.992
2026-05-16 09:15:00+08:00,28.13,72.9,404.0,0,3.006
2026-05-16 09:20:00+08:00,27.92,67.7,399.0,0,3.168
2026-05-16 09:25:00+08:00,28.22,73.4,401.0,0,3.284
2026-05-16 09:30:00+08:00,28.2,72.9,406.0,0,3.452
2026-05-16 09:35:00+08:00,27.74,68.6,402.0,0,2.977
2026-05-16 09:40:00+08:00,28.28,68.9,404.0,0,3.247
2026-05-16 09:45:00+08:00,28.42,72.7,406.0,0,3.324
2026-05-16 09:50:00+08:00,28.35,74.0,405.0,0,3.083
2026-05-16 09:55:00+08:00,28.53,72.6,406.0,0,2.853
2026-05-16 10:00:00+08:00,29.21,70.8,403.0,0,3.613
2026-05-16 10:05:00+08:00,27.92,74.3,411.0,0,2.807
2026-05-16 10:10:00+08:00,27.79,72.6,420.0,0,3.019
2026-05-16 10:15:00+08:00,28.71,70.2,423.0,0,3.451
2026-05-16 10:20:00+08:00,28.14,70.7,419.0,0,3.101
2026-05-16 10:25:00+08:00,28.31,71.3,418.0,0,3.275
2026-05-16 10:30:00+08:00,28.38,76.2,430.0,0,3.559
2026-05-16 10:35:00+08:00,28.17,73.8,427.0,0,3.284
2026-05-16 10:40:00+08:00,28.55,70.4,429.0,0,2.898
2026-05-16 10:45:00+08:00,29.08,73.5,417.0,0,3.259
2026-05-16 10:50:00+08:00,28.68,72.7,412.0,0,3.217
2026-05-16 10:55:00+08:00,28.75,73.2,424.0,0,3.275
2026-05-16 11:00:00+08:00,29.99,69.5,422.0,0,3.799
2026-05-16 11:05:00+08:00,29.41,70.4,418.0,0,3.775
2026-05-16 11:10:00+08:00,29.3,70.9,420.0,0,3.22
2026-05-16 11:15:00+08:00,29.59,70.2,426.0,0,3.695
2026-05-16 11:20:00+08:00,28.93,73.6,432.0,0,3.076
2026-05-16 11:25:00+08:00,29.95,69.9,426.0,0,3.571
2026-05-16 11:30:00+08:00,29.43,76.3,429.0,0,3.655
2026-05-16 11:35:00+08:00,29.86,72.3,438.0,0,3.967
2026-05-16 11:40:00+08:00,29.84,69.0,437.0,0,3.638
2026-05-16 11:45:00+08:00,29.47,71.4,433.0,0,3.733
2026-05-16 11:50:00+08:00,29.81,69.9,425.0,0,3.794
2026-05-16 11:55:00+08:00,29.94,68.0,424.0,0,3.562
2026-05-16 12:00:00+08:00,29.7,68.9,417.0,0,4.155
2026-05-16 12:05:00+08:00,29.85,68.9,411.0,0,3.789
2026-05-16 12:10:00+08:00,30.29,70.1,412.0,0,3.513
2026-05-16 12:15:00+08:00,29.91,71.0,417.0,0,3.479
2026-05-16 12:20:00+08:00,29.26,71.2,409.0,0,3.815
2026-05-16 12:25:00+08:00,30.82,69.4,399.0,0,3.706
2026-05-16 12:30:00+08:00,29.66,71.9,400.0,0,3.661
2026-05-16 12:35:00+08:00,30.3,69.3,408.0,0,3.549
2026-05-16 12:40:00+08:00,30.5,70.1,407.0,0,3.94
2026-05-16 12:45:00+08:00,30.65,65.5,407.0,0,4.038
2026-05-16 12:50:00+08:00,30.17,66.0,409.0,0,3.434
2026-05-16 12:55:00+08:00,29.94,71.1,413.0,0,3.518
2026-05-16 13:00:00+08:00,30.1,64.3,413.0,0,3.367
2026-05-16 13:05:00+08:00,30.27,69.8,404.0,0,3.624
2026-05-16 13:10:00+08:00,29.93,68.2,408.0,0,3.915
2026-05-16 13:15:00+08:00,30.61,60.5,405.0,0,4.042
2026-05-16 13:20:00+08:00,30.12,68.0,407.0,0,3.782
2026-05-16 13:25:00+08:00,30.05,65.3,404.0,0,3.438
2026-05-16 13:30:00+08:00,30.72,66.4,400.0,0,4.05
2026-05-16 13:35:00+08:00,30.55,64.4,405.0,0,4.028
2026-05-16 13:40:00+08:00,30.59,65.3,400.0,0,3.523
2026-05-16 13:45:00+08:00,30.74,70.2,408.0,0,3.949
2026-05-16 13:50:00+08:00,30.88,67.0,419.0,0,3.914
2026-05-16 13:55:00+08:00,29.93,71.4,425.0,0,4.046
2026-05-16 14:00:00+08:00,31.61,66.6,422.0,0,3.993
2026-05-16 14:05:00+08:00,30.2,68.9,425.0,0,3.866
2026-05-16 14:10:00+08:00,30.27,67.4,431.0,0,3.963
2026-05-16 14:15:00+08:00,31.49,67.9,427.0,0,4.095
2026-05-16 14:20:00+08:00,31.06,70.1,432.0,0,3.987
2026-05-16 14:25:00+08:00,30.25,66.0,426.0,0,3.909
2026-05-16 14:30:00+08:00,30.69,68.9,425.0,0,3.847
2026-05-16 14:35:00+08:00,30.64,66.6,427.0,0,3.927
2026-05-16 14:40:00+08:00,30.67,67.9,426.0,0,4.375
2026-05-16 14:45:00+08:00,31.18,72.3,432.0,0,3.846
2026-05-16 14:50:00+08:00,31.53,68.2,428.0,0,4.41
2026-05-16 14:55:00+08:00,31.03,66.4,428.0,0,3.948
2026-05-16 15:00:00+08:00,30.94,68.6,424.0,0,4.293
2026-05-16 15:05:00+08:00,31.62,67.4,427.0,0,3.781
2026-05-16 15:10:00+08:00,31.18,66.6,420.0,0,3.716
2026-05-16 15:15:00+08:00,30.49,68.4,422.0,0,3.68
2026-05-16 15:20:00+08:00,30.93,64.5,421.0,0,4.021
2026-05-16 15:25:00+08:00,31.03,67.0,420.0,0,3.755
2026-05-16 15:30:00+08:00,30.99,66.4,421.0,0,4.077
2026-05-16 15:35:00+08:00,30.7,71.0,422.0,0,3.945
2026-05-16 15:40:00+08:00,30.97,66.6,419.0,0,3.992
2026-05-16 15:45:00+08:00,31.21,65.0,418.0,0,4.053
2026-05-16 15:50:00+08:00,30.43,69.9,413.0,0,3.938
2026-05-16 15:55:00+08:00,30.52,71.2,418.0,0,4.279
2026-05-16 16:00:00+08:00,30.65,69.4,422.0,0,4.025
2026-05-16 16:05:00+08:00,29.94,71.4,429.0,0,4.136
2026-05-16 16:10:00+08:00,30.39,71.1,433.0,0,3.804
2026-05-16 16:15:00+08:00,30.11,67.8,424.0,0,4.268
2026-05-16 16:20:00+08:00,30.57,67.6,423.0,0,3.921
2026-05-16 16:25:00+08:00,29.65,71.2,426.0,0,3.771
2026-05-16 16:30:00+08:00,30.35,71.5,429.0,0,4.005
2026-05-16 16:35:00+08:00,30.1,68.8,431.0,0,3.975
2026-05-16 16:40:00+08:00,30.45,65.0,435.0,0,3.983
2026-05-16 16:45:00+08:00,30.79,70.6,437.0,0,3.795
2026-05-16 16:50:00+08:00,30.78,69.2,438.0,0,4.118
2026-05-16 16:55:00+08:00,30.33,70.0,434.0,0,3.699
2026-05-16 17:00:00+08:00,30.16,70.0,428.0,0,3.993
2026-05-16 17:05:00+08:00,30.84,66.9,421.0,0,3.832
2026-05-16 17:10:00+08:00,30.09,66.6,433.0,0,3.796
2026-05-16 17:15:00+08:00,30.1,66.9,438.0,0,3.97
2026-05-16 17:20:00+08:00,30.08,67.4,446.0,0,4.243
2026-05-16 17:25:00+08:00,29.95,68.4,447.0,0,3.658
2026-05-16 17:30:00+08:00,30.33,67.3,440.0,0,3.693
2026-05-16 17:35:00+08:00,30.05,65.2,444.0,0,3.546
2026-05-16 17:40:00+08:00,29.93,75.2,441.0,0,3.756
2026-05-16 17:45:00+08:00,29.58,73.4,443.0,0,3.569
2026-05-16 17:50:00+08:00,29.84,66.7,439.0,0,3.661
2026-05-16 17:55:00+08:00,29.88,71.9,438.0,0,3.9
2026-05-16 18:00:00+08:00,29.2,67.9,442.0,0,3.633
2026-05-16 18:05:00+08:00,29.69,68.9,433.0,0,3.748
2026-05-16 18:10:00+08:00,29.65,70.3,440.0,0,3.578
2026-05-16 18:15:00+08:00,29.47,69.8,445.0,0,3.694
2026-05-16 18:20:00+08:00,29.72,69.7,444.0,0,3.489
2026-05-16 18:25:00+08:00,29.02,69.6,443.0,0,3.216
2026-05-16 18:30:00+08:00,29.68,69.7,448.0,0,3.792
2026-05-16 18:35:00+08:00,29.52,73.8,444.0,0,3.801
2026-05-16 18:40:00+08:00,28.53,73.2,445.0,0,3.215
2026-05-16 18:45:00+08:00,29.16,70.0,434.0,0,3.487
2026-05-16 18:50:00+08:00,29.24,70.0,436.0,0,3.639
2026-05-16 18:55:00+08:00,28.62,71.4,436.0,0,3.431
2026-05-16 19:00:00+08:00,29.13,70.4,428.0,0,3.566
2026-05-16 19:05:00+08:00,29.44,69.8,430.0,0,3.675
2026-05-16 19:10:00+08:00,28.92,69.6,432.0,0,3.665
2026-05-16 19:15:00+08:00,28.54,73.1,431.0,0,3.076
2026-05-16 19:20:00+08:00,29.01,71.0,436.0,0,3.496
2026-05-16 19:25:00+08:00,27.72,70.5,428.0,0,3.178
2026-05-16 19:30:00+08:00,28.48,67.8,433.0,0,3.238
2026-05-16 19:35:00+08:00,28.85,70.5,430.0,0,3.275
2026-05-16 19:40:00+08:00,28.19,75.0,428.0,0,3.315
2026-05-16 19:45:00+08:00,27.42,76.9,428.0,0,2.915
2026-05-16 19:50:00+08:00,28.59,71.5,421.0,0,3.083
2026-05-16 19:55:00+08:00,28.75,74.5,416.0,0,3.638
2026-05-16 20:00:00+08:00,27.93,76.4,413.0,0,3.304
2026-05-16 20:05:00+08:00,28.64,73.9,413.0,0,3.117
2026-05-16 20:10:00+08:00,27.79,73.8,402.0,0,3.196
2026-05-16 20:15:00+08:00,28.36,72.2,403.0,0,3.239
2026-05-16 20:20:00+08:00,28.34,71.7,406.0,0,3.386
2026-05-16 20:25:00+08:00,27.56,73.1,401.0,0,2.792
2026-05-16 20:30:00+08:00,27.45,79.2,399.0,0,2.505
2026-05-16 20:35:00+08:00,28.32,73.4,401.0,0,3.211
2026-05-16 20:40:00+08:00,27.5,76.4,401.0,0,2.628
2026-05-16 20:45:00+08:00,27.0,71.3,399.0,0,2.999
2026-05-16 20:50:00+08:00,27.3,73.4,400.0,0,2.791
2026-05-16 20:55:00+08:00,26.81,78.7,402.0,0,2.759
2026-05-16 21:00:00+08:00,26.54,77.3,405.0,0,2.852
2026-05-16 21:05:00+08:00,27.04,76.1,411.0,0,3.02
2026-05-16 21:10:00+08:00,27.8,74.4,408.0,0,2.567
2026-05-16 21:15:00+08:00,27.57,71.7,413.0,0,3.279
2026-05-16 21:20:00+08:00,27.43,71.6,420.0,0,2.777
2026-05-16 21:25:00+08:00,26.12,72.6,420.0,0,2.372
2026-05-16 21:30:00+08:00,27.23,75.5,413.0,0,2.697
2026-05-16 21:35:00+08:00,26.19,72.5,411.0,0,2.357
2026-05-16 21:40:00+08:00,27.56,72.3,422.0,0,2.786
2026-05-16 21:45:00+08:00,26.89,72.3,426.0,0,2.762
2026-05-16 21:50:00+08:00,27.81,77.9,423.0,0,2.601
2026-05-16 21:55:00+08:00,26.46,76.4,413.0,0,2.588
2026-05-16 22:00:00+08:00,25.86,84.4,415.0,0,2.299
2026-05-16 22:05:00+08:00,26.06,78.1,417.0,0,2.288
2026-05-16 22:10:00+08:00,26.1,76.1,413.0,0,2.552
2026-05-16 22:15:00+08:00,26.33,77.5,407.0,0,2.6
2026-05-16 22:20:00+08:00,25.68,76.8,400.0,0,2.453
2026-05-16 22:25:00+08:00,26.54,73.3,408.0,0,2.424
2026-05-16 22:30:00+08:00,26.35,76.2,414.0,0,2.452
2026-05-16 22:35:00+08:00,26.19,73.3,421.0,0,2.333
2026-05-16 22:40:00+08:00,25.55,78.0,416.0,0,2.342
2026-05-16 22:45:00+08:00,26.82,70.4,416.0,0,2.658
2026-05-16 22:50:00+08:00,26.08,75.9,411.0,0,2.463
2026-05-16 22:55:00+08:00,26.06,73.5,413.0,0,2.311
2026-05-16 23:00:00+08:00,25.65,77.1,413.0,0,2.177
2026-05-16 23:05:00+08:00,26.02,77.7,418.0,0,2.282
2026-05-16 23:10:00+08:00,25.18,78.5,419.0,0,2.242
2026-05-16 23:15:00+08:00,25.55,75.8,415.0,0,2.186
2026-05-16 23:20:00+08:00,25.26,76.1,411.0,0,2.512
2026-05-16 23:25:00+08:00,25.46,76.7,409.0,0,2.206
2026-05-16 23:30:00+08:00,24.34,82.4,406.0,0,2.098
2026-05-16 23:35:00+08:00,24.98,79.8,405.0,0,2.021
2026-05-16 23:40:00+08:00,25.58,79.9,420.0,0,2.193
2026-05-16 23:45:00+08:00,25.28,76.3,415.0,0,2.027
2026-05-16 23:50:00+08:00,25.24,79.4,413.0,0,1.867
2026-05-16 23:55:00+08:00,24.98,81.1,409.0,0,2.143
2026-05-17 00:00:00+08:00,25.5,78.1,410.0,0,2.204
2026-05-17 00:05:00+08:00,24.32,83.1,415.0,0,1.812
2026-05-17 00:10:00+08:00,24.65,77.5,416.0,0,1.931
2026-05-17 00:15:00+08:00,24.71,77.8,418.0,0,1.968
2026-05-17 00:20:00+08:00,25.11,74.0,419.0,0,2.213
2026-05-17 00:25:00+08:00,25.09,78.9,410.0,0,2.064
2026-05-17 00:30:00+08:00,24.98,75.8,409.0,0,2.121
2026-05-17 00:35:00+08:00,24.6,77.0,414.0,0,2.199
2026-05-17 00:40:00+08:00,24.31,79.3,405.0,0,2.099
2026-05-17 00:45:00+08:00,24.96,77.5,407.0,0,2.401
2026-05-17 00:50:00+08:00,24.37,77.3,402.0,0,2.095
2026-05-17 00:55:00+08:00,24.52,79.1,402.0,0,1.84
2026-05-17 01:00:00+08:00,24.08,81.6,408.0,0,1.739
2026-05-17 01:05:00+08:00,24.37,75.5,408.0,0,1.96
2026-05-17 01:10:00+08:00,24.32,77.6,408.0,0,2.384
2026-05-17 01:15:00+08:00,23.84,82.9,406.0,0,2.138
2026-05-17 01:20:00+08:00,23.56,80.8,419.0,0,1.551
2026-05-17 01:25:00+08:00,24.4,79.3,415.0,0,1.438
2026-05-17 01:30:00+08:00,24.76,77.7,409.0,0,2.003
2026-05-17 01:35:00+08:00,24.25,74.9,409.0,0,2.106
2026-05-17 01:40:00+08:00,24.27,81.9,412.0,0,1.914
2026-05-17 01:45:00+08:00,23.98,82.0,413.0,0,1.909
2026-05-17 01:50:00+08:00,24.39,79.9,409.0,0,2.238
2026-05-17 01:55:00+08:00,24.14,79.4,412.0,0,2.247
2026-05-17 02:00:00+08:00,23.59,80.6,420.0,0,1.738
2026-05-17 02:05:00+08:00,24.57,80.8,421.0,0,2.017
2026-05-17 02:10:00+08:00,24.18,75.6,423.0,0,1.744
2026-05-17 02:15:00+08:00,24.28,76.7,419.0,0,1.89
2026-05-17 02:20:00+08:00,23.83,80.4,416.0,0,1.766
2026-05-17 02:25:00+08:00,24.22,78.0,408.0,0,1.845
2026-05-17 02:30:00+08:00,23.88,75.0,409.0,0,1.832
2026-05-17 02:35:00+08:00,24.02,78.8,415.0,0,2.158
2026-05-17 02:40:00+08:00,23.87,81.1,414.0,0,1.563
2026-05-17 02:45:00+08:00,23.63,80.3,422.0,0,1.902
2026-05-17 02:50:00+08:00,24.18,80.4,425.0,0,1.764
2026-05-17 02:55:00+08:00,24.3,77.7,426.0,0,1.637
2026-05-17 03:00:00+08:00,24.4,84.9,422.0,0,1.916
2026-05-17 03:05:00+08:00,24.02,78.8,423.0,0,1.669
2026-05-17 03:10:00+08:00,23.23,78.3,422.0,0,1.895
2026-05-17 03:15:00+08:00,23.61,78.0,422.0,0,1.828
2026-05-17 03:20:00+08:00,24.11,77.4,432.0,0,1.922
2026-05-17 03:25:00+08:00,23.84,82.0,430.0,0,1.966
2026-05-17 03:30:00+08:00,23.85,81.9,433.0,0,1.619
2026-05-17 03:35:00+08:00,24.19,74.3,442.0,0,1.656
2026-05-17 03:40:00+08:00,23.7,82.6,444.0,0,1.89
2026-05-17 03:45:00+08:00,23.76,80.5,439.0,0,1.404
2026-05-17 03:50:00+08:00,23.89,79.7,438.0,0,1.954
2026-05-17 03:50:00+08:00,23.89,79.7,438.0,0,1.954
2026-05-17 03:55:00+08:00,23.81,84.1,439.0,0,1.558
2026-05-17 04:00:00+08:00,23.83,76.4,429.0,0,1.996
2026-05-17 04:05:00+08:00,24.11,79.9,427.0,0,1.803
2026-05-17 04:10:00+08:00,23.53,83.0,428.0,0,1.683
2026-05-17 04:15:00+08:00,23.94,80.4,425.0,0,1.542
2026-05-17 04:20:00+08:00,23.37,81.6,424.0,0,1.909
2026-05-17 04:25:00+08:00,24.31,80.8,422.0,0,1.872
2026-05-17 04:30:00+08:00,24.03,78.9,424.0,0,1.748
2026-05-17 04:35:00+08:00,24.48,76.6,419.0,0,1.897
2026-05-17 04:40:00+08:00,24.48,82.2,417.0,0,2.073
2026-05-17 04:45:00+08:00,24.72,77.7,422.0,0,1.914
2026-05-17 04:50:00+08:00,24.25,80.1,421.0,0,2.023
2026-05-17 04:55:00+08:00,24.55,79.0,416.0,0,1.704
2026-05-17 05:00:00+08:00,24.68,80.1,423.0,0,2.201
2026-05-17 05:05:00+08:00,23.97,74.6,424.0,0,1.762
2026-05-17 05:10:00+08:00,24.61,80.6,426.0,0,2.088
2026-05-17 05:15:00+08:00,24.39,81.8,416.0,0,1.792
2026-05-17 05:20:00+08:00,24.07,79.8,414.0,0,2.297
2026-05-17 05:25:00+08:00,24.15,81.3,411.0,0,1.889
2026-05-17 05:30:00+08:00,25.1,74.9,417.0,0,1.928
2026-05-17 05:35:00+08:00,24.63,79.9,418.0,0,1.955
2026-05-17 05:40:00+08:00,25.44,78.1,423.0,0,2.145
2026-05-17 05:45:00+08:00,24.88,78.4,420.0,0,2.079
2026-05-17 05:50:00+08:00,24.89,82.7,417.0,0,1.74
2026-05-17 05:55:00+08:00,25.39,72.5,416.0,0,2.293
2026-05-17 06:00:00+08:00,23.87,82.1,410.0,0,2.056
2026-05-17 06:05:00+08:00,24.82,77.0,414.0,0,2.475
2026-05-17 06:10:00+08:00,25.0,77.9,411.0,0,2.311
2026-05-17 06:15:00+08:00,24.53,78.7,411.0,0,2.172
2026-05-17 06:20:00+08:00,24.84,74.2,408.0,0,1.8
2026-05-17 06:25:00+08:00,25.61,73.3,407.0,0,2.607
2026-05-17 06:30:00+08:00,24.26,79.8,402.0,0,1.691
2026-05-17 06:35:00+08:00,25.74,83.1,399.0,0,2.194
2026-05-17 06:40:00+08:00,25.93,76.1,403.0,0,2.329
2026-05-17 06:45:00+08:00,25.58,77.8,408.0,0,2.5
2026-05-17 06:50:00+08:00,25.38,-999.0,410.0,0,2.131
2026-05-17 06:55:00+08:00,25.71,76.4,416.0,0,2.595
2026-05-17 07:00:00+08:00,25.61,77.2,414.0,0,2.292
2026-05-17 07:05:00+08:00,25.9,75.3,413.0,0,2.665
2026-05-17 07:10:00+08:00,25.44,75.6,412.0,0,2.186
2026-05-17 07:15:00+08:00,26.08,77.8,413.0,0,2.504
2026-05-17 07:20:00+08:00,25.54,75.2,414.0,0,2.118
2026-05-17 07:25:00+08:00,26.12,75.5,410.0,0,2.482
2026-05-17 07:30:00+08:00,26.08,74.6,406.0,0,2.462
2026-05-17 07:35:00+08:00,26.25,73.2,414.0,0,2.649
2026-05-17 07:40:00+08:00,25.62,79.4,420.0,0,2.39
2026-05-17 07:45:00+08:00,25.26,71.9,413.0,0,2.295
2026-05-17 07:50:00+08:00,26.96,74.1,404.0,0,2.594
2026-05-17 07:55:00+08:00,26.81,76.3,397.0,0,2.511
2026-05-17 08:00:00+08:00,26.57,76.6,396.0,0,2.725
2026-05-17 08:05:00+08:00,26.69,77.0,400.0,0,2.57
2026-05-17 08:10:00+08:00,26.06,78.2,407.0,0,2.653
2026-05-17 08:15:00+08:00,27.54,73.2,415.0,0,2.834
2026-05-17 08:20:00+08:00,26.63,74.0,417.0,0,2.975
2026-05-17 08:25:00+08:00,26.74,72.3,414.0,0,2.573
2026-05-17 08:30:00+08:00,26.56,76.7,414.0,0,2.829
2026-05-17 08:35:00+08:00,26.9,74.7,411.0,0,2.966
2026-05-17 08:40:00+08:00,26.39,71.4,406.0,0,2.885
2026-05-17 08:45:00+08:00,27.56,73.9,404.0,0,3.196
2026-05-17 08:50:00+08:00,26.9,71.4,404.0,0,3.27
2026-05-17 08:55:00+08:00,27.19,68.3,410.0,0,2.779
2026-05-17 09:00:00+08:00,27.57,70.2,406.0,0,2.823
2026-05-17 09:05:00+08:00,27.5,73.8,412.0,0,2.985
2026-05-17 09:10:00+08:00,26.96,74.6,403.0,0,2.752
2026-05-17 09:15:00+08:00,27.31,73.3,402.0,0,3.073
2026-05-17 09:20:00+08:00,27.58,75.6,394.0,0,3.053
2026-05-17 09:25:00+08:00,27.34,74.3,401.0,0,2.938
2026-05-17 09:30:00+08:00,27.32,72.6,411.0,0,3.054
2026-05-17 09:35:00+08:00,28.37,72.3,414.0,0,3.388
2026-05-17 09:40:00+08:00,27.9,70.8,408.0,0,2.886
2026-05-17 09:45:00+08:00,28.23,71.4,404.0,0,3.11
2026-05-17 09:50:00+08:00,26.87,75.7,404.0,0,2.804
2026-05-17 09:55:00+08:00,27.67,71.2,408.0,0,3.119
2026-05-17 10:00:00+08:00,27.89,72.7,409.0,0,3.316
2026-05-17 10:05:00+08:00,28.05,73.7,403.0,0,3.022
2026-05-17 10:10:00+08:00,28.54,70.0,406.0,0,3.113
2026-05-17 10:15:00+08:00,28.27,69.7,417.0,0,3.264
2026-05-17 10:20:00+08:00,29.27,68.2,417.0,0,3.196
2026-05-17 10:25:00+08:00,28.94,71.9,421.0,0,3.136
2026-05-17 10:30:00+08:00,29.22,68.5,416.0,0,3.6
2026-05-17 10:35:00+08:00,29.32,72.4,417.0,0,3.294
2026-05-17 10:40:00+08:00,28.09,73.0,422.0,0,2.966
2026-05-17 10:45:00+08:00,28.27,70.5,420.0,0,3.34
2026-05-17 10:50:00+08:00,29.24,70.1,426.0,0,3.661
2026-05-17 10:55:00+08:00,29.02,68.0,427.0,0,3.765
2026-05-17 11:00:00+08:00,29.44,65.4,426.0,0,3.311
2026-05-17 11:05:00+08:00,28.58,72.2,429.0,0,3.456
2026-05-17 11:10:00+08:00,29.75,72.9,422.0,0,3.677
2026-05-17 11:15:00+08:00,29.5,71.9,427.0,0,3.577
2026-05-17 11:20:00+08:00,29.24,69.4,426.0,0,3.488
2026-05-17 11:25:00+08:00,29.71,74.0,423.0,0,3.746
2026-05-17 11:25:00+08:00,29.71,74.0,423.0,0,3.746
2026-05-17 11:30:00+08:00,29.56,72.4,415.0,0,3.655
2026-05-17 11:35:00+08:00,29.81,73.5,418.0,0,3.625
2026-05-17 11:40:00+08:00,29.41,70.1,419.0,0,3.617
2026-05-17 11:45:00+08:00,29.93,67.3,431.0,0,3.772
2026-05-17 11:50:00+08:00,29.04,70.6,432.0,0,3.375
2026-05-17 11:55:00+08:00,29.69,63.6,422.0,0,3.541
2026-05-17 12:00:00+08:00,30.03,71.1,424.0,0,3.899
2026-05-17 12:05:00+08:00,29.39,73.5,422.0,0,3.27
2026-05-17 12:10:00+08:00,29.69,72.5,421.0,0,3.666
2026-05-17 12:15:00+08:00,29.87,68.3,420.0,0,3.907
2026-05-17 12:20:00+08:00,30.67,63.7,425.0,0,3.688
2026-05-17 12:25:00+08:00,29.4,71.0,415.0,0,3.733
2026-05-17 12:30:00+08:00,29.82,67.9,416.0,0,3.5
2026-05-17 12:35:00+08:00,29.89,66.1,418.0,0,3.973
2026-05-17 12:40:00+08:00,29.29,67.8,419.0,0,3.527
2026-05-17 12:45:00+08:00,30.02,68.5,426.0,0,3.841
2026-05-17 12:50:00+08:00,30.42,69.2,430.0,0,3.758
2026-05-17 12:55:00+08:00,30.27,70.2,421.0,0,4.004
2026-05-17 13:00:00+08:00,30.37,63.6,418.0,0,3.793
2026-05-17 13:05:00+08:00,30.35,71.0,415.0,0,3.81
2026-05-17 13:10:00+08:00,30.14,66.3,410.0,0,3.551
2026-05-17 13:15:00+08:00,30.75,64.2,416.0,0,4.116
2026-05-17 13:20:00+08:00,29.97,68.7,419.0,0,3.789
2026-05-17 13:25:00+08:00,30.26,69.9,411.0,0,3.82
2026-05-17 13:30:00+08:00,30.49,62.9,417.0,0,4.472
2026-05-17 13:35:00+08:00,30.49,70.8,414.0,0,3.938
2026-05-17 13:40:00+08:00,29.94,69.1,421.0,0,3.805
2026-05-17 13:45:00+08:00,30.59,67.2,426.0,0,3.716
2026-05-17 13:50:00+08:00,30.78,66.3,418.0,0,3.756
2026-05-17 13:55:00+08:00,30.55,68.5,409.0,0,4.175
2026-05-17 14:00:00+08:00,30.6,63.3,411.0,0,3.906
2026-05-17 14:05:00+08:00,30.71,65.2,414.0,0,4.25
2026-05-17 14:10:00+08:00,30.71,65.9,409.0,0,3.922
2026-05-17 14:15:00+08:00,31.15,68.4,409.0,0,4.207
2026-05-17 14:20:00+08:00,30.53,71.9,408.0,0,4.191
2026-05-17 14:25:00+08:00,30.86,68.7,402.0,0,4.016
2026-05-17 14:30:00+08:00,30.7,72.0,411.0,0,4.017
2026-05-17 14:35:00+08:00,30.99,71.8,414.0,0,4.183
2026-05-17 14:40:00+08:00,31.46,69.1,418.0,0,4.128
2026-05-17 14:45:00+08:00,31.65,69.4,418.0,0,4.277
2026-05-17 14:50:00+08:00,30.84,65.0,429.0,0,3.719
2026-05-17 14:55:00+08:00,30.69,65.4,425.0,0,4.192
2026-05-17 15:00:00+08:00,31.59,63.8,425.0,0,4.259
2026-05-17 15:05:00+08:00,30.73,66.7,433.0,0,3.926
2026-05-17 15:10:00+08:00,30.61,69.6,428.0,0,3.737
2026-05-17 15:15:00+08:00,30.91,65.0,435.0,0,3.716
2026-05-17 15:20:00+08:00,31.06,67.3,435.0,0,3.819
2026-05-17 15:25:00+08:00,31.08,68.5,427.0,0,4.113
2026-05-17 15:30:00+08:00,30.87,69.6,431.0,0,3.973
2026-05-17 15:35:00+08:00,30.92,65.8,433.0,0,3.812
2026-05-17 15:35:00+08:00,30.92,65.8,433.0,0,3.812
2026-05-17 15:40:00+08:00,30.66,70.1,437.0,0,3.823
2026-05-17 15:45:00+08:00,30.33,68.7,438.0,0,3.936
2026-05-17 15:50:00+08:00,30.91,67.4,438.0,0,4.26
2026-05-17 15:55:00+08:00,30.78,66.9,436.0,0,4.018
2026-05-17 16:00:00+08:00,30.91,66.8,434.0,0,4.217
2026-05-17 16:05:00+08:00,30.56,68.0,430.0,0,3.757
2026-05-17 16:10:00+08:00,30.83,65.6,430.0,0,3.954
2026-05-17 16:15:00+08:00,31.15,72.4,434.0,0,4.192
2026-05-17 16:20:00+08:00,30.16,68.5,430.0,0,3.884
2026-05-17 16:25:00+08:00,30.26,64.9,431.0,0,3.639
2026-05-17 16:30:00+08:00,30.52,66.8,426.0,0,3.913
2026-05-17 16:35:00+08:00,30.3,66.5,432.0,0,3.694
2026-05-17 16:40:00+08:00,30.57,71.6,429.0,0,3.771
2026-05-17 16:45:00+08:00,30.99,67.8,422.0,0,4.135
2026-05-17 16:50:00+08:00,31.13,69.1,416.0,0,4.069
2026-05-17 16:55:00+08:00,30.57,68.4,417.0,0,4.159
2026-05-17 17:00:00+08:00,29.25,67.7,418.0,0,3.72
2026-05-17 17:05:00+08:00,30.41,72.2,417.0,0,3.851
2026-05-17 17:10:00+08:00,29.92,69.7,420.0,0,3.757
2026-05-17 17:15:00+08:00,30.32,70.0,419.0,0,3.409
2026-05-17 17:20:00+08:00,30.22,67.4,419.0,0,4.145
2026-05-17 17:25:00+08:00,30.41,70.1,420.0,0,4.059
2026-05-17 17:30:00+08:00,30.39,74.0,429.0,0,4.006
2026-05-17 17:35:00+08:00,30.13,67.3,429.0,0,3.9
2026-05-17 17:40:00+08:00,29.18,75.6,418.0,0,3.644
2026-05-17 17:45:00+08:00,29.59,69.3,419.0,0,3.313
2026-05-17 17:50:00+08:00,30.1,66.4,423.0,0,3.833
2026-05-17 17:55:00+08:00,30.16,66.7,425.0,0,3.646
2026-05-17 18:00:00+08:00,29.52,71.4,426.0,0,3.265
2026-05-17 18:05:00+08:00,29.74,68.4,424.0,0,3.645
2026-05-17 18:10:00+08:00,29.58,73.9,426.0,0,3.396
2026-05-17 18:15:00+08:00,29.98,65.1,424.0,0,3.899
2026-05-17 18:20:00+08:00,29.13,69.5,422.0,0,3.166
2026-05-17 18:25:00+08:00,28.95,71.2,415.0,0,3.342
2026-05-17 18:30:00+08:00,29.37,71.0,417.0,0,3.267
2026-05-17 18:35:00+08:00,28.53,68.8,423.0,0,3.125
2026-05-17 18:40:00+08:00,28.95,73.3,427.0,0,3.17
2026-05-17 18:45:00+08:00,29.25,70.4,411.0,0,3.616
2026-05-17 18:50:00+08:00,28.49,71.9,417.0,0,3.654
2026-05-17 18:55:00+08:00,29.07,66.1,422.0,0,3.154
2026-05-17 19:00:00+08:00,29.02,71.5,414.0,0,3.359
2026-05-17 19:05:00+08:00,28.79,70.0,417.0,0,3.319
2026-05-17 19:10:00+08:00,28.26,70.6,409.0,0,3.469
2026-05-17 19:15:00+08:00,28.44,74.0,415.0,0,3.509
2026-05-17 19:20:00+08:00,28.89,73.6,406.0,0,3.407
2026-05-17 19:25:00+08:00,28.5,73.4,408.0,0,3.45
2026-05-17 19:30:00+08:00,29.02,69.4,410.0,0,3.466
2026-05-17 19:35:00+08:00,29.34,71.2,415.0,0,3.182
2026-05-17 19:40:00+08:00,28.32,73.9,413.0,0,3.288
2026-05-17 19:45:00+08:00,28.71,70.8,417.0,0,3.37
2026-05-17 19:50:00+08:00,28.86,72.6,405.0,0,3.42
2026-05-17 19:55:00+08:00,28.28,69.4,405.0,0,3.063
2026-05-17 20:00:00+08:00,28.56,73.2,404.0,0,3.254
2026-05-17 20:05:00+08:00,27.81,71.7,407.0,0,3.084
2026-05-17 20:10:00+08:00,28.07,69.9,415.0,0,3.074
2026-05-17 20:15:00+08:00,27.39,68.3,421.0,0,2.949
2026-05-17 20:20:00+08:00,28.05,69.0,415.0,0,3.268
2026-05-17 20:25:00+08:00,28.46,72.5,412.0,0,3.17
2026-05-17 20:30:00+08:00,28.38,71.4,413.0,0,3.103
2026-05-17 20:35:00+08:00,28.04,75.2,420.0,0,3.03
2026-05-17 20:40:00+08:00,26.96,70.9,413.0,0,2.813
2026-05-17 20:45:00+08:00,27.85,73.3,399.0,0,3.179
2026-05-17 20:50:00+08:00,26.81,73.0,404.0,0,2.946
2026-05-17 20:55:00+08:00,27.54,70.0,403.0,0,3.13
2026-05-17 21:00:00+08:00,27.24,74.9,400.0,0,2.633
2026-05-17 21:05:00+08:00,27.49,75.9,411.0,0,2.871
2026-05-17 21:10:00+08:00,27.23,73.8,412.0,0,2.777
2026-05-17 21:15:00+08:00,26.57,74.4,417.0,0,2.403
2026-05-17 21:20:00+08:00,27.23,69.2,419.0,0,2.542
2026-05-17 21:25:00+08:00,26.32,78.6,413.0,0,2.505
2026-05-17 21:30:00+08:00,26.67,77.9,419.0,0,2.76
2026-05-17 21:35:00+08:00,26.51,74.8,427.0,0,2.26
2026-05-17 21:40:00+08:00,26.67,74.5,425.0,0,2.552
2026-05-17 21:45:00+08:00,25.56,72.6,430.0,0,2.944
2026-05-17 21:50:00+08:00,26.96,76.5,424.0,0,2.915
2026-05-17 21:55:00+08:00,26.33,76.4,426.0,0,2.486
2026-05-17 22:00:00+08:00,26.33,74.5,423.0,0,2.573
2026-05-17 22:05:00+08:00,26.58,71.9,419.0,0,2.691
2026-05-17 22:10:00+08:00,25.81,78.7,434.0,0,2.767
2026-05-17 22:15:00+08:00,26.33,73.1,434.0,0,2.469
2026-05-17 22:20:00+08:00,26.15,72.9,428.0,0,2.465
2026-05-17 22:25:00+08:00,26.82,74.9,423.0,0,2.625
2026-05-17 22:30:00+08:00,25.27,82.6,431.0,0,1.901
2026-05-17 22:35:00+08:00,26.21,76.2,433.0,0,2.537
2026-05-17 22:40:00+08:00,26.46,79.8,433.0,0,2.707
2026-05-17 22:45:00+08:00,25.94,81.0,431.0,0,2.545
2026-05-17 22:50:00+08:00,25.43,82.7,433.0,0,2.505
2026-05-17 22:55:00+08:00,25.66,74.2,427.0,0,2.386
2026-05-17 23:00:00+08:00,25.77,75.5,437.0,0,2.355
2026-05-17 23:05:00+08:00,25.63,79.3,430.0,0,2.319
2026-05-17 23:10:00+08:00,25.83,70.3,427.0,0,2.554
2026-05-17 23:15:00+08:00,25.38,77.8,425.0,0,2.443
2026-05-17 23:20:00+08:00,25.3,75.9,419.0,0,2.369
2026-05-17 23:25:00+08:00,25.38,77.8,418.0,0,2.151
2026-05-17 23:30:00+08:00,24.54,75.7,420.0,0,2.458
2026-05-17 23:35:00+08:00,25.25,74.3,427.0,0,2.195
2026-05-17 23:40:00+08:00,25.58,72.7,422.0,0,2.497
2026-05-17 23:45:00+08:00,24.59,78.9,414.0,0,2.058
2026-05-17 23:50:00+08:00,24.99,77.0,411.0,0,2.13
2026-05-17 23:55:00+08:00,24.81,79.5,410.0,0,2.049
2026-05-18 00:00:00+08:00,25.01,73.6,413.0,0,1.947
2026-05-18 00:05:00+08:00,25.47,79.4,415.0,0,2.148
2026-05-18 00:10:00+08:00,24.36,80.3,418.0,0,2.162
2026-05-18 00:15:00+08:00,25.37,77.1,417.0,0,2.484
2026-05-18 00:20:00+08:00,24.19,80.5,415.0,0,1.805
2026-05-18 00:25:00+08:00,25.13,77.1,422.0,0,2.347
2026-05-18 00:30:00+08:00,24.41,79.6,429.0,0,2.128
2026-05-18 00:35:00+08:00,24.17,81.4,417.0,0,2.059
2026-05-18 00:40:00+08:00,23.92,79.8,416.0,0,2.022
2026-05-18 00:45:00+08:00,23.8,81.1,416.0,0,2.195
2026-05-18 00:50:00+08:00,24.21,84.2,426.0,0,1.749
2026-05-18 00:55:00+08:00,23.95,78.7,418.0,0,1.796
2026-05-18 01:00:00+08:00,24.64,74.7,423.0,0,1.981
2026-05-18 01:05:00+08:00,23.73,79.0,438.0,0,1.743
2026-05-18 01:10:00+08:00,24.34,81.0,438.0,0,1.445
2026-05-18 01:15:00+08:00,23.92,80.7,436.0,0,1.649
2026-05-18 01:20:00+08:00,24.2,78.4,434.0,0,1.717
2026-05-18 01:25:00+08:00,24.48,75.4,435.0,0,2.267
2026-05-18 01:30:00+08:00,24.15,80.1,434.0,0,1.712
2026-05-18 01:35:00+08:00,24.32,79.3,442.0,0,1.886
2026-05-18 01:40:00+08:00,24.31,84.1,440.0,0,1.672
2026-05-18 01:45:00+08:00,24.12,81.7,444.0,0,1.802
2026-05-18 01:50:00+08:00,24.16,77.8,443.0,0,1.732
2026-05-18 01:55:00+08:00,24.15,81.5,440.0,0,1.752
2026-05-18 02:00:00+08:00,24.41,81.6,437.0,0,1.781
2026-05-18 02:05:00+08:00,23.65,77.0,441.0,0,1.536
2026-05-18 02:10:00+08:00,24.72,80.4,440.0,0,1.832
2026-05-18 02:15:00+08:00,24.42,81.1,440.0,0,1.796
2026-05-18 02:20:00+08:00,23.92,81.9,440.0,0,1.442
2026-05-18 02:25:00+08:00,24.84,78.9,426.0,0,1.984
2026-05-18 02:30:00+08:00,23.86,74.9,431.0,0,1.396
2026-05-18 02:35:00+08:00,23.43,82.8,432.0,0,1.858
2026-05-18 02:40:00+08:00,24.79,76.2,426.0,0,2.091
2026-05-18 02:45:00+08:00,23.74,83.2,428.0,0,1.968
2026-05-18 02:50:00+08:00,23.88,80.7,431.0,0,1.623
2026-05-18 02:55:00+08:00,23.59,83.0,428.0,0,1.444
2026-05-18 03:00:00+08:00,23.67,77.0,429.0,0,2.022
2026-05-18 03:05:00+08:00,23.76,75.8,432.0,0,1.94
2026-05-18 03:10:00+08:00,24.03,82.6,435.0,0,1.643
2026-05-18 03:15:00+08:00,23.59,79.9,427.0,0,1.707
2026-05-18 03:20:00+08:00,25.09,75.7,426.0,0,1.972
2026-05-18 03:25:00+08:00,23.93,79.6,425.0,0,1.881
2026-05-18 03:30:00+08:00,24.61,79.5,424.0,0,1.836
2026-05-18 03:35:00+08:00,24.14,78.0,420.0,0,1.814
2026-05-18 03:40:00+08:00,24.29,80.5,421.0,0,1.837
2026-05-18 03:45:00+08:00,23.61,79.8,416.0,0,2.063
2026-05-18 03:50:00+08:00,24.07,74.6,418.0,0,1.808
2026-05-18 03:55:00+08:00,24.04,81.2,420.0,0,1.506
2026-05-18 04:00:00+08:00,24.42,82.3,423.0,0,1.667
2026-05-18 04:05:00+08:00,24.56,85.2,426.0,0,2.002
2026-05-18 04:10:00+08:00,23.73,81.8,430.0,0,1.88
2026-05-18 04:15:00+08:00,23.79,78.0,429.0,0,1.983
2026-05-18 04:20:00+08:00,24.33,85.2,429.0,0,1.975
2026-05-18 04:25:00+08:00,23.83,78.1,430.0,0,1.91
2026-05-18 04:30:00+08:00,24.35,77.7,430.0,0,1.793
2026-05-18 04:35:00+08:00,24.22,78.9,434.0,0,1.979
2026-05-18 04:40:00+08:00,24.7,77.1,431.0,0,2.274
2026-05-18 04:45:00+08:00,24.6,80.0,439.0,0,2.262
2026-05-18 04:50:00+08:00,23.56,83.1,441.0,0,1.791
2026-05-18 04:55:00+08:00,24.4,77.6,447.0,0,1.862
2026-05-18 05:00:00+08:00,24.11,78.1,437.0,0,1.779
2026-05-18 05:05:00+08:00,24.14,79.4,444.0,0,1.823
2026-05-18 05:10:00+08:00,24.58,76.2,437.0,0,1.854
2026-05-18 05:15:00+08:00,24.17,78.1,431.0,0,1.753
2026-05-18 05:20:00+08:00,25.36,77.8,421.0,0,2.012
2026-05-18 05:25:00+08:00,24.86,78.9,422.0,0,2.321
2026-05-18 05:30:00+08:00,24.4,79.7,429.0,0,1.742
2026-05-18 05:35:00+08:00,25.44,76.1,426.0,0,2.306
2026-05-18 05:40:00+08:00,24.82,82.2,417.0,0,1.978
2026-05-18 05:45:00+08:00,24.48,81.6,421.0,0,2.337
2026-05-18 05:50:00+08:00,25.42,73.7,417.0,0,2.056
2026-05-18 05:55:00+08:00,24.51,79.1,417.0,0,1.87
2026-05-18 06:00:00+08:00,24.31,79.5,414.0,0,2.275
2026-05-18 06:05:00+08:00,24.89,73.9,413.0,0,2.161
2026-05-18 06:10:00+08:00,25.26,78.4,410.0,0,2.04
2026-05-18 06:15:00+08:00,25.13,76.7,405.0,0,2.423
2026-05-18 06:20:00+08:00,25.44,80.5,403.0,0,2.176
2026-05-18 06:25:00+08:00,25.49,75.6,407.0,0,2.656
2026-05-18 06:30:00+08:00,25.08,78.1,404.0,0,2.227
2026-05-18 06:35:00+08:00,25.62,77.3,403.0,0,2.051
2026-05-18 06:40:00+08:00,24.78,79.2,406.0,0,2.453
2026-05-18 06:45:00+08:00,25.29,75.1,411.0,0,2.094
2026-05-18 06:50:00+08:00,25.11,79.6,427.0,0,2.115
2026-05-18 06:55:00+08:00,25.3,73.4,437.0,0,2.322
2026-05-18 07:00:00+08:00,26.02,75.5,433.0,0,2.495
2026-05-18 07:05:00+08:00,25.2,74.1,435.0,0,2.558
2026-05-18 07:10:00+08:00,25.51,74.9,432.0,0,2.491
2026-05-18 07:15:00+08:00,25.84,77.2,436.0,0,2.343
2026-05-18 07:20:00+08:00,26.54,77.9,440.0,0,2.61
2026-05-18 07:25:00+08:00,27.07,76.1,442.0,0,2.747
2026-05-18 07:30:00+08:00,26.02,77.6,438.0,0,2.604
2026-05-18 07:35:00+08:00,25.9,77.0,430.0,0,2.004
2026-05-18 07:40:00+08:00,26.03,73.8,429.0,0,2.336
2026-05-18 07:45:00+08:00,25.94,75.0,423.0,0,3.133
2026-05-18 07:50:00+08:00,26.41,76.7,417.0,0,2.593
2026-05-18 07:55:00+08:00,26.85,71.4,416.0,0,2.493
2026-05-18 08:00:00+08:00,22.59,83.0,456.0,14,6.302
2026-05-18 08:05:00+08:00,22.55,83.7,524.0,38,7.556
2026-05-18 08:10:00+08:00,23.09,81.5,559.0,23,7.168
2026-05-18 08:15:00+08:00,22.97,81.6,585.0,20,7.136
2026-05-18 08:20:00+08:00,22.35,81.6,628.0,30,7.543
2026-05-18 08:25:00+08:00,23.51,80.2,658.0,21,7.372
2026-05-18 08:30:00+08:00,22.79,80.5,684.0,24,7.195
2026-05-18 08:35:00+08:00,23.13,82.7,701.0,22,7.466
2026-05-18 08:40:00+08:00,22.73,78.9,708.0,19,7.053
2026-05-18 08:45:00+08:00,23.89,77.6,731.0,22,7.09
2026-05-18 08:50:00+08:00,22.84,83.4,726.0,15,6.826
2026-05-18 08:50:00+08:00,22.84,83.4,726.0,15,6.826
2026-05-18 08:55:00+08:00,23.48,82.0,771.0,39,8.059
2026-05-18 09:00:00+08:00,22.75,82.4,794.0,30,7.682
2026-05-18 09:05:00+08:00,23.13,83.3,800.0,20,7.258
2026-05-18 09:10:00+08:00,24.26,79.4,833.0,37,8.361
2026-05-18 09:15:00+08:00,23.43,79.1,842.0,21,7.172
2026-05-18 09:20:00+08:00,23.36,85.0,852.0,31,7.599
2026-05-18 09:25:00+08:00,23.76,82.0,843.0,17,7.338
2026-05-18 09:30:00+08:00,24.12,74.9,851.0,22,7.121
2026-05-18 09:35:00+08:00,23.75,80.6,850.0,19,7.369
2026-05-18 09:40:00+08:00,23.94,77.7,865.0,26,7.414
2026-05-18 09:45:00+08:00,24.59,80.9,889.0,32,8.108
2026-05-18 09:50:00+08:00,24.26,81.0,920.0,39,8.004
2026-05-18 09:55:00+08:00,24.69,79.2,929.0,27,7.634
2026-05-18 10:00:00+08:00,25.11,81.3,898.0,11,7.317
2026-05-18 10:05:00+08:00,24.84,79.4,918.0,32,7.851
2026-05-18 10:10:00+08:00,24.07,80.5,933.0,31,8.194
2026-05-18 10:15:00+08:00,24.97,73.5,928.0,20,7.75
2026-05-18 10:20:00+08:00,24.94,79.5,932.0,23,7.722
2026-05-18 10:25:00+08:00,24.85,78.6,939.0,29,8.32
2026-05-18 10:30:00+08:00,24.72,78.1,925.0,20,7.882
2026-05-18 10:35:00+08:00,24.54,79.9,923.0,21,7.518
2026-05-18 10:40:00+08:00,24.37,80.8,952.0,38,8.06
2026-05-18 10:45:00+08:00,25.0,82.6,960.0,26,7.904
2026-05-18 10:50:00+08:00,25.69,77.2,978.0,33,8.449
2026-05-18 10:55:00+08:00,25.08,82.9,986.0,31,8.075
2026-05-18 11:00:00+08:00,24.81,78.8,984.0,25,8.248
2026-05-18 11:05:00+08:00,25.34,-999.0,969.0,22,7.84
2026-05-18 11:10:00+08:00,25.3,75.4,977.0,24,8.017
2026-05-18 11:15:00+08:00,25.66,75.6,947.0,13,7.767
2026-05-18 11:20:00+08:00,25.23,76.9,971.0,34,8.398
2026-05-18 11:25:00+08:00,25.82,76.0,985.0,35,8.455
2026-05-18 11:30:00+08:00,25.31,77.3,992.0,31,8.269
2026-05-18 11:35:00+08:00,25.06,78.5,998.0,32,7.945
2026-05-18 11:40:00+08:00,25.74,73.8,974.0,19,8.035
2026-05-18 11:45:00+08:00,25.24,76.2,965.0,19,7.942
2026-05-18 11:50:00+08:00,25.31,78.9,946.0,19,8.036
2026-05-18 11:55:00+08:00,25.93,74.4,946.0,27,8.207
2026-05-18 12:00:00+08:00,26.37,75.2,914.0,8,7.599
2026-05-18 12:05:00+08:00,25.38,-999.0,886.0,9,7.449
2026-05-18 12:10:00+08:00,26.12,77.2,858.0,12,8.181
2026-05-18 12:15:00+08:00,26.76,76.2,829.0,8,7.878
2026-05-18 12:20:00+08:00,26.45,72.6,802.0,10,7.918
2026-05-18 12:25:00+08:00,26.64,77.6,785.0,9,7.762
2026-05-18 12:30:00+08:00,26.38,76.8,765.0,11,7.466
2026-05-18 12:35:00+08:00,26.11,75.9,750.0,7,8.021
2026-05-18 12:40:00+08:00,26.1,73.6,746.0,12,7.945
2026-05-18 12:45:00+08:00,26.67,73.3,740.0,10,7.54
2026-05-18 12:50:00+08:00,26.62,75.8,742.0,13,7.914
2026-05-18 12:55:00+08:00,25.76,74.9,732.0,10,7.59
2026-05-18 13:00:00+08:00,26.35,76.9,781.0,33,8.504
2026-05-18 13:05:00+08:00,26.53,74.3,798.0,25,8.85
2026-05-18 13:10:00+08:00,26.7,70.4,809.0,28,8.56
2026-05-18 13:15:00+08:00,26.27,74.9,817.0,27,8.414
2026-05-18 13:20:00+08:00,26.4,73.6,814.0,21,8.106
2026-05-18 13:25:00+08:00,26.22,78.1,820.0,22,8.166
2026-05-18 13:30:00+08:00,26.31,74.9,836.0,28,8.44
2026-05-18 13:35:00+08:00,27.19,73.8,858.0,32,8.697
2026-05-18 13:40:00+08:00,26.8,77.8,862.0,25,8.453
2026-05-18 13:45:00+08:00,26.24,76.1,860.0,20,8.091
2026-05-18 13:50:00+08:00,26.79,76.5,905.0,44,8.934
2026-05-18 13:55:00+08:00,26.83,74.5,932.0,40,8.923
2026-05-18 14:00:00+08:00,26.38,73.7,933.0,29,8.696
2026-05-18 14:05:00+08:00,26.45,77.8,930.0,20,8.219
2026-05-18 14:10:00+08:00,26.39,78.5,931.0,26,8.377
2026-05-18 14:15:00+08:00,26.22,75.1,936.0,27,8.613
2026-05-18 14:20:00+08:00,27.19,71.4,951.0,32,9.19
2026-05-18 14:25:00+08:00,26.74,75.7,954.0,24,8.606
2026-05-18 14:30:00+08:00,27.31,80.1,946.0,20,8.391
2026-05-18 14:35:00+08:00,27.09,71.3,961.0,30,8.648
2026-05-18 14:40:00+08:00,26.52,80.0,978.0,34,8.425
2026-05-18 14:45:00+08:00,27.01,70.1,984.0,31,8.723
2026-05-18 14:50:00+08:00,26.78,76.2,975.0,21,8.54
2026-05-18 14:55:00+08:00,27.19,75.4,989.0,34,9.122
2026-05-18 15:00:00+08:00,26.82,72.9,968.0,17,8.674
2026-05-18 15:05:00+08:00,27.85,70.8,956.0,25,8.967
2026-05-18 15:10:00+08:00,26.62,74.1,944.0,21,8.285
2026-05-18 15:15:00+08:00,26.19,74.5,970.0,41,9.26
2026-05-18 15:20:00+08:00,26.29,68.9,958.0,23,8.128
2026-05-18 15:25:00+08:00,26.51,74.4,965.0,32,9.032
2026-05-18 15:25:00+08:00,26.51,74.4,965.0,32,9.032
2026-05-18 15:30:00+08:00,26.68,77.1,957.0,22,8.513
2026-05-18 15:35:00+08:00,26.78,79.4,984.0,34,9.121
2026-05-18 15:40:00+08:00,26.97,72.3,1020.0,43,9.167
2026-05-18 15:45:00+08:00,26.63,73.3,990.0,20,8.534
2026-05-18 15:50:00+08:00,26.94,73.0,992.0,25,8.593
2026-05-18 15:55:00+08:00,27.0,73.3,998.0,28,8.871
2026-05-18 16:00:00+08:00,26.31,75.5,985.0,22,8.339
2026-05-18 16:05:00+08:00,26.4,75.5,1001.0,31,8.9
2026-05-18 16:10:00+08:00,26.52,78.6,1012.0,29,8.617
2026-05-18 16:15:00+08:00,26.59,72.1,1035.0,37,8.714
2026-05-18 16:20:00+08:00,26.57,75.8,1033.0,29,8.524
2026-05-18 16:25:00+08:00,26.26,73.1,1035.0,31,8.56
2026-05-18 16:30:00+08:00,26.61,74.7,1022.0,24,8.449
2026-05-18 16:35:00+08:00,26.37,73.7,1018.0,25,8.326
2026-05-18 16:40:00+08:00,26.68,75.8,1025.0,29,8.492
2026-05-18 16:45:00+08:00,27.18,69.5,1025.0,26,8.615
2026-05-18 16:50:00+08:00,27.03,74.3,1033.0,34,8.673
2026-05-18 16:55:00+08:00,26.75,80.1,1013.0,23,8.299
2026-05-18 17:00:00+08:00,25.94,76.2,999.0,24,8.469
2026-05-18 17:05:00+08:00,26.44,74.7,1002.0,29,8.701
2026-05-18 17:10:00+08:00,26.23,76.7,1007.0,28,8.378
2026-05-18 17:15:00+08:00,26.36,75.8,1004.0,23,8.329
2026-05-18 17:20:00+08:00,25.9,73.8,1002.0,26,8.374
2026-05-18 17:25:00+08:00,26.03,76.8,1032.0,43,8.918
2026-05-18 17:30:00+08:00,26.91,71.4,1044.0,32,8.741
2026-05-18 17:35:00+08:00,24.97,80.5,1036.0,28,8.092
2026-05-18 17:40:00+08:00,25.7,76.2,1019.0,26,8.337
2026-05-18 17:45:00+08:00,26.44,78.5,1044.0,38,8.857
2026-05-18 17:50:00+08:00,25.92,73.4,1045.0,30,8.311
2026-05-18 17:55:00+08:00,25.68,76.0,1070.0,40,8.777
2026-05-18 18:00:00+08:00,29.88,70.7,1003.0,0,3.95
2026-05-18 18:05:00+08:00,29.77,72.2,947.0,0,3.579
2026-05-18 18:10:00+08:00,30.21,71.9,894.0,0,3.742
2026-05-18 18:15:00+08:00,29.28,69.3,853.0,0,3.745
2026-05-18 18:20:00+08:00,28.66,73.7,807.0,0,3.55
2026-05-18 18:25:00+08:00,29.11,70.4,764.0,0,3.02
2026-05-18 18:30:00+08:00,29.79,68.0,729.0,0,3.995
2026-05-18 18:35:00+08:00,29.23,67.9,702.0,0,3.215
2026-05-18 18:40:00+08:00,29.08,66.6,672.0,0,3.454
2026-05-18 18:45:00+08:00,29.64,71.4,650.0,0,3.665
2026-05-18 18:50:00+08:00,29.57,70.6,624.0,0,3.342
2026-05-18 18:55:00+08:00,29.2,71.1,598.0,0,3.729
2026-05-18 19:00:00+08:00,29.48,65.4,580.0,0,3.745
2026-05-18 19:05:00+08:00,29.86,69.2,559.0,0,3.8
2026-05-18 19:10:00+08:00,28.05,68.2,542.0,0,3.305
2026-05-18 19:15:00+08:00,29.34,70.4,522.0,0,3.329
2026-05-18 19:20:00+08:00,29.19,68.8,511.0,0,3.5
2026-05-18 19:25:00+08:00,29.22,74.0,503.0,0,3.307
2026-05-18 19:30:00+08:00,28.83,71.7,496.0,0,3.137
2026-05-18 19:35:00+08:00,28.57,66.1,489.0,0,3.616
2026-05-18 19:40:00+08:00,28.25,71.6,478.0,0,3.271
2026-05-18 19:45:00+08:00,28.84,71.0,477.0,0,3.779
2026-05-18 19:50:00+08:00,28.37,72.7,477.0,0,3.516
2026-05-18 19:55:00+08:00,27.97,73.2,473.0,0,2.803
2026-05-18 20:00:00+08:00,28.68,73.6,464.0,0,3.414
2026-05-18 20:05:00+08:00,28.1,70.8,464.0,0,2.905
2026-05-18 20:10:00+08:00,27.44,72.7,455.0,0,2.973
2026-05-18 20:15:00+08:00,27.06,74.8,454.0,0,2.563
2026-05-18 20:20:00+08:00,27.76,78.9,451.0,0,3.179
2026-05-18 20:25:00+08:00,27.98,77.8,449.0,0,3.208
2026-05-18 20:30:00+08:00,27.45,72.4,442.0,0,3.277
2026-05-18 20:35:00+08:00,27.94,71.0,447.0,0,3.076
2026-05-18 20:40:00+08:00,27.65,73.0,450.0,0,3.125
2026-05-18 20:45:00+08:00,27.6,68.2,450.0,0,3.097
2026-05-18 20:50:00+08:00,27.75,76.2,451.0,0,2.755
2026-05-18 20:55:00+08:00,27.74,75.3,444.0,0,2.784
2026-05-18 21:00:00+08:00,27.45,75.7,439.0,0,2.749
2026-05-18 21:05:00+08:00,27.23,75.5,444.0,0,2.519
2026-05-18 21:10:00+08:00,27.78,71.7,434.0,0,3.476
2026-05-18 21:15:00+08:00,26.9,72.3,430.0,0,2.808
2026-05-18 21:20:00+08:00,27.07,68.9,423.0,0,2.574
2026-05-18 21:25:00+08:00,26.18,74.2,431.0,0,2.661
2026-05-18 21:30:00+08:00,27.52,74.5,434.0,0,2.772
2026-05-18 21:35:00+08:00,26.74,73.1,438.0,0,3.017
2026-05-18 21:40:00+08:00,26.8,74.2,439.0,0,2.978
2026-05-18 21:45:00+08:00,26.72,75.0,429.0,0,2.939
2026-05-18 21:50:00+08:00,26.4,79.0,427.0,0,2.693
2026-05-18 21:55:00+08:00,26.7,77.2,426.0,0,2.416
2026-05-18 22:00:00+08:00,25.85,76.7,419.0,0,2.145
2026-05-18 22:05:00+08:00,27.02,75.1,420.0,0,2.955
2026-05-18 22:10:00+08:00,25.81,78.1,415.0,0,2.701
2026-05-18 22:15:00+08:00,25.77,78.6,409.0,0,2.679
2026-05-18 22:20:00+08:00,25.72,70.9,415.0,0,2.409
2026-05-18 22:25:00+08:00,26.6,78.0,416.0,0,2.413
2026-05-18 22:30:00+08:00,25.4,80.1,411.0,0,2.474
2026-05-18 22:35:00+08:00,25.66,77.0,407.0,0,2.781
2026-05-18 22:40:00+08:00,25.38,76.9,408.0,0,2.13
2026-05-18 22:45:00+08:00,25.4,78.8,410.0,0,2.406
2026-05-18 22:50:00+08:00,25.78,76.6,415.0,0,2.352
2026-05-18 22:55:00+08:00,26.35,80.2,419.0,0,2.648
2026-05-18 23:00:00+08:00,25.33,74.5,425.0,0,2.395
2026-05-18 23:00:00+08:00,25.33,74.5,425.0,0,2.395
2026-05-18 23:05:00+08:00,25.64,78.6,420.0,0,2.408
2026-05-18 23:10:00+08:00,25.68,75.8,416.0,0,2.609
2026-05-18 23:15:00+08:00,25.05,79.1,415.0,0,2.078
2026-05-18 23:20:00+08:00,25.67,82.0,415.0,0,2.248
2026-05-18 23:25:00+08:00,24.55,76.7,410.0,0,1.858
2026-05-18 23:30:00+08:00,25.13,80.2,409.0,0,2.622
2026-05-18 23:35:00+08:00,24.68,79.4,408.0,0,2.412
2026-05-18 23:40:00+08:00,24.85,82.4,407.0,0,1.986
2026-05-18 23:45:00+08:00,24.62,76.5,407.0,0,2.09
2026-05-18 23:50:00+08:00,24.35,77.1,412.0,0,2.198
2026-05-18 23:55:00+08:00,24.53,80.5,415.0,0,2.509
2026-05-19 00:00:00+08:00,24.74,78.9,407.0,0,2.281
2026-05-19 00:05:00+08:00,24.9,76.0,406.0,0,2.111
2026-05-19 00:10:00+08:00,24.63,80.3,406.0,0,2.099
2026-05-19 00:15:00+08:00,24.28,-999.0,403.0,0,2.086
2026-05-19 00:20:00+08:00,24.26,75.6,404.0,0,1.88
2026-05-19 00:25:00+08:00,25.12,79.3,410.0,0,2.158
2026-05-19 00:30:00+08:00,24.52,80.2,409.0,0,1.92
2026-05-19 00:35:00+08:00,24.52,82.5,411.0,0,2.114
2026-05-19 00:40:00+08:00,24.16,79.8,412.0,0,2.152
2026-05-19 00:45:00+08:00,24.03,81.2,411.0,0,1.986
2026-05-19 00:50:00+08:00,24.19,76.0,413.0,0,2.188
2026-05-19 00:55:00+08:00,24.32,78.9,410.0,0,1.992
2026-05-19 01:00:00+08:00,24.35,80.3,411.0,0,2.0
2026-05-19 01:05:00+08:00,23.81,77.6,408.0,0,1.645
2026-05-19 01:10:00+08:00,23.45,81.4,415.0,0,1.71
2026-05-19 01:15:00+08:00,24.75,80.1,412.0,0,1.841
2026-05-19 01:20:00+08:00,24.53,75.2,415.0,0,1.963
2026-05-19 01:25:00+08:00,24.13,80.9,411.0,0,1.926
2026-05-19 01:30:00+08:00,24.02,79.5,408.0,0,1.649
2026-05-19 01:35:00+08:00,25.18,78.3,403.0,0,1.768
2026-05-19 01:40:00+08:00,24.25,80.5,408.0,0,2.09
2026-05-19 01:45:00+08:00,23.51,79.5,406.0,0,1.811
2026-05-19 01:50:00+08:00,24.15,81.8,406.0,0,2.339
2026-05-19 01:55:00+08:00,24.01,82.9,414.0,0,1.846
2026-05-19 02:00:00+08:00,23.66,81.9,418.0,0,1.98
2026-05-19 02:05:00+08:00,24.3,77.8,426.0,0,2.016
2026-05-19 02:10:00+08:00,24.17,82.7,423.0,0,1.836
2026-05-19 02:15:00+08:00,23.81,82.0,421.0,0,1.575
2026-05-19 02:20:00+08:00,24.52,77.1,427.0,0,2.127
2026-05-19 02:25:00+08:00,24.46,78.4,426.0,0,1.986
2026-05-19 02:30:00+08:00,23.8,83.4,427.0,0,1.966
2026-05-19 02:35:00+08:00,25.0,74.9,416.0,0,1.887
2026-05-19 02:40:00+08:00,23.87,81.2,413.0,0,1.738
2026-05-19 02:45:00+08:00,23.53,77.8,418.0,0,1.536
2026-05-19 02:50:00+08:00,22.95,84.6,416.0,0,1.346
2026-05-19 02:55:00+08:00,23.7,77.4,421.0,0,2.318
2026-05-19 03:00:00+08:00,24.13,79.7,423.0,0,1.776
2026-05-19 03:05:00+08:00,23.92,77.8,417.0,0,1.914
2026-05-19 03:10:00+08:00,24.03,79.6,425.0,0,1.976
2026-05-19 03:15:00+08:00,23.44,82.1,428.0,0,1.887
2026-05-19 03:20:00+08:00,23.75,79.6,424.0,0,1.786
2026-05-19 03:25:00+08:00,23.52,75.8,429.0,0,2.13
2026-05-19 03:30:00+08:00,23.95,83.1,428.0,0,1.96
2026-05-19 03:35:00+08:00,24.31,78.7,421.0,0,2.001
2026-05-19 03:40:00+08:00,23.86,75.3,425.0,0,1.39
2026-05-19 03:45:00+08:00,23.99,77.3,425.0,0,1.973
2026-05-19 03:50:00+08:00,24.44,78.5,429.0,0,2.055
2026-05-19 03:55:00+08:00,23.91,79.3,420.0,0,1.689
2026-05-19 04:00:00+08:00,23.5,77.3,416.0,0,1.719
2026-05-19 04:05:00+08:00,24.31,82.7,410.0,0,1.828
2026-05-19 04:10:00+08:00,24.46,78.5,406.0,0,1.991
2026-05-19 04:15:00+08:00,23.98,79.8,413.0,0,1.622
2026-05-19 04:20:00+08:00,23.97,76.8,405.0,0,1.805
2026-05-19 04:25:00+08:00,24.24,78.4,410.0,0,2.03
2026-05-19 04:30:00+08:00,24.16,74.2,404.0,0,2.111
2026-05-19 04:35:00+08:00,23.76,81.0,407.0,0,1.774
2026-05-19 04:40:00+08:00,23.79,82.6,406.0,0,1.786
2026-05-19 04:45:00+08:00,23.6,78.2,404.0,0,1.699
2026-05-19 04:50:00+08:00,24.34,76.0,417.0,0,1.825
2026-05-19 04:55:00+08:00,24.62,82.2,417.0,0,1.45
2026-05-19 05:00:00+08:00,24.44,78.3,421.0,0,1.73
2026-05-19 05:05:00+08:00,24.37,80.7,418.0,0,1.913
2026-05-19 05:10:00+08:00,24.51,83.4,421.0,0,1.898
2026-05-19 05:15:00+08:00,24.6,79.2,421.0,0,2.234
2026-05-19 05:20:00+08:00,24.81,78.3,419.0,0,2.183
2026-05-19 05:25:00+08:00,24.48,78.8,420.0,0,2.037
2026-05-19 05:30:00+08:00,24.3,78.6,423.0,0,1.943
2026-05-19 05:35:00+08:00,24.34,80.9,422.0,0,2.014
2026-05-19 05:40:00+08:00,24.84,77.5,423.0,0,2.399
2026-05-19 05:45:00+08:00,24.38,84.6,417.0,0,1.649
2026-05-19 05:50:00+08:00,24.87,79.4,421.0,0,2.267
2026-05-19 05:55:00+08:00,25.04,74.9,420.0,0,1.872
2026-05-19 06:00:00+08:00,24.23,78.2,418.0,0,2.274
2026-05-19 06:05:00+08:00,25.0,79.0,419.0,0,2.186
2026-05-19 06:10:00+08:00,24.12,79.3,416.0,0,2.122
2026-05-19 06:15:00+08:00,24.75,78.0,410.0,0,2.253
2026-05-19 06:20:00+08:00,25.15,74.5,406.0,0,2.332
2026-05-19 06:25:00+08:00,25.6,76.5,409.0,0,2.193
2026-05-19 06:30:00+08:00,25.77,72.3,411.0,0,2.405
2026-05-19 06:35:00+08:00,25.63,76.3,413.0,0,2.46
2026-05-19 06:40:00+08:00,25.12,74.1,412.0,0,2.243
2026-05-19 06:45:00+08:00,25.19,77.9,407.0,0,2.506
2026-05-19 06:50:00+08:00,26.02,72.4,407.0,0,2.339
2026-05-19 06:55:00+08:00,25.69,78.4,410.0,0,2.517
2026-05-19 07:00:00+08:00,25.78,77.3,406.0,0,2.339
2026-05-19 07:05:00+08:00,25.27,77.2,412.0,0,2.506
2026-05-19 07:10:00+08:00,25.68,76.4,412.0,0,2.525
2026-05-19 07:15:00+08:00,25.21,76.0,420.0,0,2.083
2026-05-19 07:20:00+08:00,25.86,77.3,413.0,0,2.585
2026-05-19 07:25:00+08:00,25.76,73.4,411.0,0,2.498
2026-05-19 07:30:00+08:00,26.19,74.2,416.0,0,2.893
2026-05-19 07:35:00+08:00,27.16,75.4,415.0,0,2.82
2026-05-19 07:40:00+08:00,26.26,77.8,417.0,0,2.821
2026-05-19 07:45:00+08:00,26.13,81.8,416.0,0,2.287
2026-05-19 07:50:00+08:00,26.58,74.1,414.0,0,2.685
2026-05-19 07:55:00+08:00,26.31,75.5,420.0,0,2.456
2026-05-19 08:00:00+08:00,22.87,83.5,495.0,33,7.713
2026-05-19 08:05:00+08:00,22.59,86.1,550.0,32,7.417
2026-05-19 08:10:00+08:00,23.37,77.5,589.0,24,7.299
2026-05-19 08:15:00+08:00,22.83,80.0,628.0,26,7.144
2026-05-19 08:20:00+08:00,23.33,80.3,671.0,30,7.228
2026-05-19 08:25:00+08:00,22.85,86.8,705.0,28,7.365
2026-05-19 08:30:00+08:00,23.45,80.8,741.0,32,7.467
2026-05-19 08:35:00+08:00,22.49,82.0,757.0,24,7.484
2026-05-19 08:40:00+08:00,23.74,83.7,767.0,21,7.357
2026-05-19 08:45:00+08:00,23.73,80.8,775.0,19,7.224
2026-05-19 08:50:00+08:00,22.92,86.5,818.0,36,7.739
2026-05-19 08:55:00+08:00,22.7,83.7,838.0,27,7.303
2026-05-19 09:00:00+08:00,23.28,87.2,850.0,23,7.314
2026-05-19 09:05:00+08:00,24.1,81.9,858.0,29,7.664
2026-05-19 09:10:00+08:00,24.03,81.7,878.0,28,7.344
2026-05-19 09:15:00+08:00,23.66,79.7,869.0,16,7.344
2026-05-19 09:20:00+08:00,23.62,77.3,899.0,36,7.918
2026-05-19 09:25:00+08:00,24.4,78.2,900.0,25,7.588
2026-05-19 09:30:00+08:00,24.12,79.3,913.0,29,7.926
2026-05-19 09:35:00+08:00,23.71,78.1,945.0,36,8.007
2026-05-19 09:40:00+08:00,24.09,81.2,947.0,28,8.165
2026-05-19 09:45:00+08:00,23.86,79.9,927.0,18,7.238
2026-05-19 09:50:00+08:00,23.87,80.1,924.0,24,8.147
2026-05-19 09:55:00+08:00,24.41,76.8,926.0,26,7.604
2026-05-19 10:00:00+08:00,24.34,81.3,914.0,20,7.452
2026-05-19 10:05:00+08:00,24.64,78.0,923.0,28,7.672
2026-05-19 10:10:00+08:00,24.94,76.4,915.0,24,7.594
2026-05-19 10:15:00+08:00,24.51,76.0,911.0,23,7.8
2026-05-19 10:20:00+08:00,25.18,79.5,934.0,36,8.481
2026-05-19 10:25:00+08:00,24.62,78.0,929.0,17,7.48
2026-05-19 10:30:00+08:00,25.02,80.5,955.0,35,8.237
2026-05-19 10:35:00+08:00,24.81,80.1,980.0,40,8.456
2026-05-19 10:40:00+08:00,24.65,78.8,979.0,25,7.8
2026-05-19 10:45:00+08:00,25.11,79.9,973.0,24,8.177
2026-05-19 10:50:00+08:00,25.78,77.9,959.0,18,8.062
2026-05-19 10:55:00+08:00,25.11,78.0,958.0,24,8.309
2026-05-19 11:00:00+08:00,25.57,77.1,956.0,29,8.159
2026-05-19 11:05:00+08:00,25.98,77.4,975.0,32,8.237
2026-05-19 11:10:00+08:00,25.12,79.0,1003.0,39,8.539
2026-05-19 11:15:00+08:00,25.12,76.0,1017.0,36,8.532
2026-05-19 11:20:00+08:00,25.8,79.2,1032.0,35,8.445
2026-05-19 11:25:00+08:00,25.32,77.3,1041.0,32,8.695
2026-05-19 11:30:00+08:00,25.68,74.7,1043.0,32,7.924
2026-05-19 11:35:00+08:00,25.3,75.3,1040.0,25,8.148
2026-05-19 11:40:00+08:00,26.38,76.3,1066.0,42,9.013
2026-05-19 11:45:00+08:00,25.77,76.4,1067.0,31,8.366
2026-05-19 11:50:00+08:00,25.28,78.4,1071.0,32,8.679
2026-05-19 11:55:00+08:00,25.73,74.7,1076.0,29,8.452
2026-05-19 12:00:00+08:00,25.32,77.4,1032.0,9,7.473
2026-05-19 12:05:00+08:00,25.5,83.2,985.0,9,7.734
2026-05-19 12:10:00+08:00,26.2,75.8,956.0,12,8.058
2026-05-19 12:15:00+08:00,25.39,77.5,912.0,12,7.542
2026-05-19 12:20:00+08:00,25.95,75.1,872.0,8,7.654
2026-05-19 12:25:00+08:00,25.87,76.7,860.0,12,7.826
2026-05-19 12:30:00+08:00,26.53,75.9,827.0,9,7.754
2026-05-19 12:35:00+08:00,25.27,79.7,819.0,12,7.987
2026-05-19 12:40:00+08:00,25.87,75.1,795.0,8,7.619
2026-05-19 12:45:00+08:00,26.19,73.9,777.0,11,8.156
2026-05-19 12:50:00+08:00,26.09,72.8,762.0,12,7.984
2026-05-19 12:55:00+08:00,26.25,78.8,746.0,12,8.131
2026-05-19 13:00:00+08:00,26.1,77.6,767.0,23,8.399
2026-05-19 13:05:00+08:00,26.25,74.8,798.0,29,8.556
2026-05-19 13:10:00+08:00,26.32,77.6,826.0,28,8.745
2026-05-19 13:15:00+08:00,26.67,78.6,825.0,27,8.544
2026-05-19 13:20:00+08:00,25.96,76.3,838.0,23,8.073
2026-05-19 13:25:00+08:00,26.26,73.8,871.0,36,8.435
2026-05-19 13:30:00+08:00,26.86,72.7,885.0,30,8.669
2026-05-19 13:35:00+08:00,26.43,72.0,907.0,30,8.323
2026-05-19 13:40:00+08:00,26.9,79.0,910.0,26,8.572
2026-05-19 13:45:00+08:00,26.54,72.7,911.0,25,8.389
2026-05-19 13:50:00+08:00,26.42,73.9,953.0,40,8.882
2026-05-19 13:55:00+08:00,27.14,77.5,971.0,36,8.912
2026-05-19 14:00:00+08:00,27.05,72.6,973.0,27,8.522
2026-05-19 14:05:00+08:00,26.98,76.0,989.0,33,8.962
2026-05-19 14:10:00+08:00,26.93,76.0,1002.0,32,8.843
2026-05-19 14:15:00+08:00,26.84,73.6,1013.0,32,8.581
2026-05-19 14:20:00+08:00,26.52,72.9,1009.0,30,8.569
2026-05-19 14:25:00+08:00,27.42,74.7,996.0,21,8.749
2026-05-19 14:30:00+08:00,27.22,72.0,983.0,22,8.464
2026-05-19 14:35:00+08:00,26.7,69.0,984.0,30,8.633
2026-05-19 14:40:00+08:00,26.0,74.6,972.0,21,7.921
2026-05-19 14:45:00+08:00,27.15,74.1,979.0,27,9.291
2026-05-19 14:50:00+08:00,26.31,73.1,972.0,25,8.583
2026-05-19 14:55:00+08:00,26.9,71.9,961.0,20,8.308
2026-05-19 15:00:00+08:00,27.84,74.1,961.0,27,8.878
2026-05-19 15:05:00+08:00,27.16,73.9,992.0,42,9.387
2026-05-19 15:10:00+08:00,26.65,71.0,1007.0,34,8.59
2026-05-19 15:15:00+08:00,26.38,76.0,1009.0,32,8.653
2026-05-19 15:20:00+08:00,26.96,74.9,995.0,22,8.261
2026-05-19 15:25:00+08:00,26.73,70.2,983.0,23,8.551
2026-05-19 15:30:00+08:00,27.32,78.0,961.0,16,8.295
2026-05-19 15:35:00+08:00,26.85,76.0,971.0,30,8.717
2026-05-19 15:35:00+08:00,26.85,76.0,971.0,30,8.717
2026-05-19 15:40:00+08:00,26.91,71.8,977.0,29,8.762
2026-05-19 15:45:00+08:00,26.19,80.3,987.0,26,8.292
2026-05-19 15:50:00+08:00,26.74,70.9,1015.0,37,8.637
2026-05-19 15:55:00+08:00,27.58,72.6,1019.0,29,8.813
2026-05-19 15:55:00+08:00,27.58,72.6,1019.0,29,8.813
2026-05-19 16:00:00+08:00,26.91,75.9,1006.0,25,8.787
2026-05-19 16:05:00+08:00,27.1,73.9,1008.0,29,8.437
2026-05-19 16:10:00+08:00,26.04,72.8,1003.0,23,8.461
2026-05-19 16:15:00+08:00,27.13,73.6,980.0,19,8.241
2026-05-19 16:20:00+08:00,26.63,79.5,990.0,28,8.373
2026-05-19 16:25:00+08:00,26.11,75.3,996.0,30,8.463
2026-05-19 16:30:00+08:00,26.41,74.5,985.0,20,8.438
2026-05-19 16:35:00+08:00,26.4,75.8,989.0,34,8.616
2026-05-19 16:40:00+08:00,26.39,74.6,994.0,28,8.76
2026-05-19 16:45:00+08:00,27.01,66.9,995.0,26,8.449
2026-05-19 16:50:00+08:00,26.73,75.8,990.0,23,8.142
2026-05-19 16:55:00+08:00,26.06,72.3,1013.0,37,8.908
2026-05-19 17:00:00+08:00,26.34,72.3,999.0,22,8.487
2026-05-19 17:05:00+08:00,26.56,74.4,1005.0,28,8.528
2026-05-19 17:10:00+08:00,27.17,73.7,997.0,27,8.606
2026-05-19 17:15:00+08:00,27.05,72.5,990.0,25,8.702
2026-05-19 17:20:00+08:00,27.03,74.4,983.0,25,8.419
2026-05-19 17:25:00+08:00,26.14,75.7,979.0,24,7.931
2026-05-19 17:30:00+08:00,26.26,73.2,976.0,26,8.507
2026-05-19 17:35:00+08:00,26.03,78.8,976.0,25,8.319
2026-05-19 17:40:00+08:00,26.33,73.6,988.0,28,8.203
2026-05-19 17:45:00+08:00,26.52,75.6,982.0,28,8.369
2026-05-19 17:50:00+08:00,26.45,71.6,1002.0,33,8.536
2026-05-19 17:55:00+08:00,26.59,76.1,983.0,19,8.23
2026-05-19 18:00:00+08:00,29.71,69.1,933.0,0,4.114
2026-05-19 18:05:00+08:00,28.38,79.9,876.0,0,3.2
2026-05-19 18:10:00+08:00,30.51,66.9,836.0,0,3.547
2026-05-19 18:15:00+08:00,29.78,67.3,796.0,0,3.941
2026-05-19 18:20:00+08:00,29.2,71.9,762.0,0,3.578
2026-05-19 18:25:00+08:00,29.34,72.1,726.0,0,3.5
2026-05-19 18:30:00+08:00,28.7,69.8,693.0,0,3.161
2026-05-19 18:35:00+08:00,29.39,69.3,674.0,0,3.378
2026-05-19 18:40:00+08:00,29.44,67.9,648.0,0,3.642
2026-05-19 18:45:00+08:00,29.29,72.3,626.0,0,3.622
2026-05-19 18:50:00+08:00,29.45,72.2,598.0,0,3.326
2026-05-19 18:55:00+08:00,28.62,76.1,578.0,0,3.33
2026-05-19 19:00:00+08:00,28.55,70.3,560.0,0,3.451
2026-05-19 19:05:00+08:00,29.12,67.5,551.0,0,3.67
2026-05-19 19:10:00+08:00,28.91,69.2,533.0,0,3.547
2026-05-19 19:15:00+08:00,29.25,69.2,531.0,0,4.128
2026-05-19 19:20:00+08:00,28.17,75.3,523.0,0,2.999
2026-05-19 19:25:00+08:00,28.65,72.6,515.0,0,3.436
2026-05-19 19:30:00+08:00,28.94,68.2,508.0,0,3.305
2026-05-19 19:35:00+08:00,27.73,72.4,499.0,0,3.124
2026-05-19 19:40:00+08:00,28.62,68.0,487.0,0,3.348
2026-05-19 19:45:00+08:00,28.44,70.4,481.0,0,2.996
2026-05-19 19:50:00+08:00,28.84,69.7,481.0,0,3.292
2026-05-19 19:55:00+08:00,28.12,73.2,483.0,0,3.415
2026-05-19 20:00:00+08:00,28.31,73.8,477.0,0,3.146
2026-05-19 20:05:00+08:00,27.79,76.1,472.0,0,3.067
2026-05-19 20:10:00+08:00,27.77,74.3,479.0,0,3.053
2026-05-19 20:15:00+08:00,28.78,71.5,472.0,0,3.393
2026-05-19 20:20:00+08:00,27.55,75.0,462.0,0,3.04
2026-05-19 20:25:00+08:00,27.63,72.5,464.0,0,3.266
2026-05-19 20:30:00+08:00,28.05,72.0,461.0,0,3.083
2026-05-19 20:35:00+08:00,27.9,70.7,459.0,0,3.033
2026-05-19 20:40:00+08:00,27.1,72.6,448.0,0,3.106
2026-05-19 20:45:00+08:00,27.74,75.8,441.0,0,2.871
2026-05-19 20:50:00+08:00,26.71,76.0,442.0,0,2.64
2026-05-19 20:55:00+08:00,26.47,77.0,438.0,0,2.691
2026-05-19 21:00:00+08:00,27.0,74.0,431.0,0,3.166
2026-05-19 21:05:00+08:00,27.03,71.5,428.0,0,2.699
2026-05-19 21:10:00+08:00,27.51,73.6,432.0,0,2.792
2026-05-19 21:15:00+08:00,27.85,74.5,432.0,0,3.302
2026-05-19 21:20:00+08:00,27.22,71.8,430.0,0,2.767
2026-05-19 21:25:00+08:00,26.47,73.0,417.0,0,2.821
2026-05-19 21:30:00+08:00,26.93,79.4,419.0,0,3.138
2026-05-19 21:35:00+08:00,27.51,73.5,420.0,0,3.061
2026-05-19 21:40:00+08:00,26.66,76.3,422.0,0,2.561
2026-05-19 21:45:00+08:00,27.36,74.2,412.0,0,2.492
2026-05-19 21:50:00+08:00,27.72,72.9,415.0,0,3.065
2026-05-19 21:55:00+08:00,26.74,73.0,416.0,0,2.697
2026-05-19 22:00:00+08:00,26.63,76.1,432.0,0,2.693
2026-05-19 22:05:00+08:00,26.1,71.4,429.0,0,2.246
2026-05-19 22:10:00+08:00,25.6,74.4,425.0,0,2.371
2026-05-19 22:15:00+08:00,26.51,78.1,419.0,0,2.718
2026-05-19 22:20:00+08:00,27.09,75.7,421.0,0,2.869
2026-05-19 22:25:00+08:00,26.03,79.4,419.0,0,2.502
2026-05-19 22:30:00+08:00,25.9,77.8,417.0,0,2.355
2026-05-19 22:35:00+08:00,26.64,72.0,409.0,0,2.581
2026-05-19 22:40:00+08:00,26.19,77.2,409.0,0,2.342
2026-05-19 22:45:00+08:00,26.11,81.5,411.0,0,2.888
2026-05-19 22:50:00+08:00,26.26,71.4,422.0,0,2.476
2026-05-19 22:55:00+08:00,25.03,80.2,415.0,0,2.409
2026-05-19 23:00:00+08:00,25.47,75.2,412.0,0,2.338
2026-05-19 23:05:00+08:00,26.01,78.1,407.0,0,2.694
2026-05-19 23:05:00+08:00,26.01,78.1,407.0,0,2.694
2026-05-19 23:10:00+08:00,25.71,78.1,405.0,0,2.604
2026-05-19 23:15:00+08:00,25.02,77.9,410.0,0,2.373
2026-05-19 23:20:00+08:00,25.32,76.0,405.0,0,2.495
2026-05-19 23:25:00+08:00,26.02,73.6,408.0,0,2.534
2026-05-19 23:30:00+08:00,24.97,83.5,402.0,0,2.058
2026-05-19 23:35:00+08:00,25.56,78.6,404.0,0,2.046
2026-05-19 23:40:00+08:00,25.4,76.5,395.0,0,2.453
2026-05-19 23:45:00+08:00,25.06,80.0,395.0,0,2.041
2026-05-19 23:50:00+08:00,25.0,79.7,391.0,0,1.957
2026-05-19 23:55:00+08:00,25.5,76.2,392.0,0,2.157
2026-05-20 00:00:00+08:00,25.02,77.2,400.0,0,2.128
2026-05-20 00:05:00+08:00,24.56,79.7,397.0,0,1.998
2026-05-20 00:10:00+08:00,25.67,77.7,403.0,0,2.346
2026-05-20 00:15:00+08:00,24.75,77.7,406.0,0,1.861
2026-05-20 00:20:00+08:00,24.76,77.4,404.0,0,2.197
2026-05-20 00:25:00+08:00,24.89,80.6,405.0,0,2.087
2026-05-20 00:30:00+08:00,24.24,78.3,406.0,0,2.169
2026-05-20 00:35:00+08:00,24.76,80.7,416.0,0,1.754
2026-05-20 00:40:00+08:00,24.59,75.3,416.0,0,2.014
2026-05-20 00:45:00+08:00,24.0,76.7,421.0,0,2.147
2026-05-20 00:50:00+08:00,24.31,77.0,423.0,0,2.084
2026-05-20 00:55:00+08:00,24.01,79.9,426.0,0,1.927
2026-05-20 01:00:00+08:00,24.77,78.3,424.0,0,2.281
2026-05-20 01:05:00+08:00,25.05,78.9,419.0,0,1.819
2026-05-20 01:10:00+08:00,23.99,79.8,414.0,0,1.833
2026-05-20 01:15:00+08:00,23.42,84.3,411.0,0,2.105
2026-05-20 01:20:00+08:00,23.27,75.0,414.0,0,1.789
2026-05-20 01:25:00+08:00,23.7,82.3,417.0,0,1.695
2026-05-20 01:30:00+08:00,24.06,80.4,417.0,0,2.029
2026-05-20 01:35:00+08:00,23.9,79.9,420.0,0,1.498
2026-05-20 01:40:00+08:00,23.75,78.6,421.0,0,2.008
2026-05-20 01:45:00+08:00,23.26,81.8,422.0,0,1.536
2026-05-20 01:50:00+08:00,24.14,77.9,419.0,0,1.901
2026-05-20 01:55:00+08:00,24.46,84.1,420.0,0,1.741
2026-05-20 02:00:00+08:00,23.77,79.5,414.0,0,1.558
2026-05-20 02:05:00+08:00,23.96,80.5,412.0,0,1.768
2026-05-20 02:10:00+08:00,24.81,81.9,414.0,0,1.925
2026-05-20 02:15:00+08:00,23.88,76.5,409.0,0,1.957
2026-05-20 02:20:00+08:00,24.26,76.8,405.0,0,1.579
2026-05-20 02:25:00+08:00,23.52,75.2,409.0,0,1.756
2026-05-20 02:30:00+08:00,23.97,80.4,406.0,0,2.04
2026-05-20 02:35:00+08:00,24.03,80.9,401.0,0,2.005
2026-05-20 02:40:00+08:00,23.38,82.0,396.0,0,1.573
2026-05-20 02:45:00+08:00,24.44,77.1,399.0,0,2.031
2026-05-20 02:50:00+08:00,23.9,82.0,402.0,0,1.883
2026-05-20 02:55:00+08:00,23.97,78.0,395.0,0,1.993
2026-05-20 03:00:00+08:00,24.57,79.1,389.0,0,1.703
2026-05-20 03:05:00+08:00,23.19,86.9,394.0,0,2.013
2026-05-20 03:10:00+08:00,23.73,78.8,395.0,0,1.894
2026-05-20 03:15:00+08:00,23.5,79.7,399.0,0,1.672
2026-05-20 03:20:00+08:00,23.53,79.7,400.0,0,1.675
2026-05-20 03:25:00+08:00,24.45,80.4,404.0,0,1.844
2026-05-20 03:30:00+08:00,23.68,77.0,402.0,0,1.86
2026-05-20 03:35:00+08:00,24.18,82.0,404.0,0,1.817
2026-05-20 03:40:00+08:00,23.5,84.0,404.0,0,1.556
2026-05-20 03:45:00+08:00,24.41,79.3,403.0,0,1.712
2026-05-20 03:50:00+08:00,23.93,82.0,409.0,0,1.858
2026-05-20 03:55:00+08:00,24.25,80.7,410.0,0,2.085
2026-05-20 04:00:00+08:00,24.29,79.5,409.0,0,2.141
2026-05-20 04:05:00+08:00,24.35,79.9,413.0,0,1.836
2026-05-20 04:10:00+08:00,24.07,84.1,409.0,0,1.844
2026-05-20 04:15:00+08:00,23.93,77.7,414.0,0,1.775
2026-05-20 04:20:00+08:00,23.63,77.0,414.0,0,1.647
2026-05-20 04:20:00+08:00,23.63,77.0,414.0,0,1.647
2026-05-20 04:25:00+08:00,23.85,79.7,418.0,0,2.035
2026-05-20 04:30:00+08:00,24.01,78.2,420.0,0,1.65
2026-05-20 04:35:00+08:00,24.46,78.5,416.0,0,1.774
2026-05-20 04:40:00+08:00,23.7,79.5,424.0,0,1.77
2026-05-20 04:45:00+08:00,24.21,83.3,420.0,0,2.081
2026-05-20 04:50:00+08:00,24.38,80.2,416.0,0,2.097
2026-05-20 04:55:00+08:00,23.96,82.7,416.0,0,1.657
2026-05-20 05:00:00+08:00,24.39,73.9,415.0,0,1.742
2026-05-20 05:05:00+08:00,23.82,75.1,414.0,0,1.768
2026-05-20 05:10:00+08:00,24.76,79.8,420.0,0,2.315
2026-05-20 05:15:00+08:00,24.0,82.9,427.0,0,2.172
2026-05-20 05:20:00+08:00,24.06,78.0,413.0,0,1.746
2026-05-20 05:25:00+08:00,24.22,75.5,413.0,0,2.018
2026-05-20 05:30:00+08:00,24.48,77.1,415.0,0,1.835
2026-05-20 05:35:00+08:00,24.16,78.1,412.0,0,2.136
2026-05-20 05:40:00+08:00,24.8,77.4,423.0,0,2.004
2026-05-20 05:45:00+08:00,25.35,75.3,427.0,0,2.479
2026-05-20 05:50:00+08:00,25.07,78.8,423.0,0,2.145
2026-05-20 05:55:00+08:00,24.29,77.0,425.0,0,2.167
2026-05-20 06:00:00+08:00,24.69,78.5,417.0,0,2.473
2026-05-20 06:05:00+08:00,25.11,75.0,413.0,0,2.04
2026-05-20 06:10:00+08:00,25.47,75.9,424.0,0,2.311
2026-05-20 06:15:00+08:00,24.88,80.0,415.0,0,2.304
2026-05-20 06:20:00+08:00,24.64,79.9,410.0,0,2.247
2026-05-20 06:25:00+08:00,25.02,77.6,409.0,0,2.25
2026-05-20 06:25:00+08:00,25.02,77.6,409.0,0,2.25
2026-05-20 06:30:00+08:00,25.64,74.8,409.0,0,2.284
2026-05-20 06:35:00+08:00,25.11,78.3,414.0,0,2.178
2026-05-20 06:40:00+08:00,25.0,78.7,416.0,0,1.934
2026-05-20 06:45:00+08:00,25.39,78.1,414.0,0,2.333
2026-05-20 06:50:00+08:00,25.12,80.1,417.0,0,2.475
2026-05-20 06:55:00+08:00,25.66,75.1,415.0,0,2.707
2026-05-20 07:00:00+08:00,25.89,75.8,413.0,0,2.419
2026-05-20 07:05:00+08:00,25.69,78.5,417.0,0,2.367
2026-05-20 07:10:00+08:00,25.03,80.2,417.0,0,2.297
2026-05-20 07:15:00+08:00,25.13,75.7,420.0,0,2.081
2026-05-20 07:20:00+08:00,26.02,78.0,416.0,0,2.617
2026-05-20 07:25:00+08:00,26.13,75.5,418.0,0,2.656
2026-05-20 07:30:00+08:00,25.43,79.8,416.0,0,2.181
2026-05-20 07:35:00+08:00,26.92,75.5,420.0,0,2.717
2026-05-20 07:40:00+08:00,26.5,75.6,417.0,0,2.324
2026-05-20 07:45:00+08:00,26.39,74.8,427.0,0,2.779
2026-05-20 07:50:00+08:00,25.89,76.3,425.0,0,2.769
2026-05-20 07:55:00+08:00,26.72,77.0,426.0,0,2.37
2026-05-20 08:00:00+08:00,22.82,79.7,476.0,24,7.29
2026-05-20 08:05:00+08:00,22.72,84.9,517.0,21,6.861
2026-05-20 08:10:00+08:00,22.46,82.7,557.0,26,7.122
2026-05-20 08:15:00+08:00,22.9,82.5,611.0,32,7.677
2026-05-20 08:20:00+08:00,23.18,82.1,642.0,27,7.875
2026-05-20 08:25:00+08:00,22.65,84.4,683.0,30,7.218
2026-05-20 08:30:00+08:00,22.54,83.9,705.0,19,6.918
2026-05-20 08:35:00+08:00,23.1,80.3,751.0,36,7.967
2026-05-20 08:40:00+08:00,23.31,81.7,795.0,35,7.937
2026-05-20 08:45:00+08:00,23.77,78.5,839.0,34,7.382
2026-05-20 08:50:00+08:00,22.86,82.9,859.0,25,6.905
2026-05-20 08:55:00+08:00,23.54,84.3,885.0,34,7.738
2026-05-20 09:00:00+08:00,23.43,80.9,902.0,31,7.698
2026-05-20 09:05:00+08:00,22.91,82.0,913.0,27,7.139
2026-05-20 09:10:00+08:00,23.7,75.9,916.0,26,8.087
2026-05-20 09:15:00+08:00,23.82,75.1,922.0,30,7.655
2026-05-20 09:20:00+08:00,23.63,86.0,935.0,31,7.454
2026-05-20 09:25:00+08:00,24.39,77.9,946.0,30,7.889
2026-05-20 09:30:00+08:00,24.06,80.6,932.0,19,7.101
2026-05-20 09:35:00+08:00,23.66,80.8,928.0,24,7.655
2026-05-20 09:40:00+08:00,24.31,84.1,932.0,25,7.586
2026-05-20 09:45:00+08:00,24.33,80.4,969.0,39,8.022
2026-05-20 09:50:00+08:00,24.86,75.9,998.0,36,8.447
2026-05-20 09:55:00+08:00,24.48,78.7,983.0,21,7.786
2026-05-20 10:00:00+08:00,24.24,79.5,1006.0,34,8.223
2026-05-20 10:05:00+08:00,24.32,77.2,1003.0,26,7.539
2026-05-20 10:10:00+08:00,24.5,77.9,1026.0,37,8.145
2026-05-20 10:15:00+08:00,24.51,81.3,1038.0,31,8.012
2026-05-20 10:20:00+08:00,24.76,77.5,1047.0,35,8.274
2026-05-20 10:25:00+08:00,24.71,78.7,1023.0,21,7.773
2026-05-20 10:30:00+08:00,25.56,70.5,1018.0,22,7.716
2026-05-20 10:35:00+08:00,25.08,74.2,1027.0,33,8.493
2026-05-20 10:40:00+08:00,25.0,80.3,1015.0,22,7.842
2026-05-20 10:45:00+08:00,24.78,77.4,1024.0,30,7.953
2026-05-20 10:50:00+08:00,25.18,76.9,1030.0,30,8.066
2026-05-20 10:55:00+08:00,24.48,78.2,1016.0,26,7.805
2026-05-20 11:00:00+08:00,24.99,76.5,1031.0,37,8.387
2026-05-20 11:05:00+08:00,25.51,77.5,1017.0,22,8.221
2026-05-20 11:10:00+08:00,24.74,76.1,1006.0,25,7.79
2026-05-20 11:15:00+08:00,24.73,78.2,1030.0,35,8.457
2026-05-20 11:20:00+08:00,25.51,78.2,1044.0,34,8.579
2026-05-20 11:25:00+08:00,25.45,77.4,1041.0,28,8.33
2026-05-20 11:30:00+08:00,25.58,74.9,1028.0,26,8.005
2026-05-20 11:35:00+08:00,25.29,73.6,1013.0,22,7.697
2026-05-20 11:40:00+08:00,25.89,77.2,988.0,15,7.886
2026-05-20 11:45:00+08:00,26.23,78.7,979.0,24,8.287
2026-05-20 11:50:00+08:00,25.74,74.7,982.0,27,8.115
2026-05-20 11:55:00+08:00,25.88,77.6,989.0,31,8.352
2026-05-20 12:00:00+08:00,25.34,78.4,958.0,12,7.556
2026-05-20 12:05:00+08:00,26.11,77.7,923.0,9,7.823
2026-05-20 12:10:00+08:00,25.54,77.4,897.0,9,7.839
2026-05-20 12:15:00+08:00,25.58,83.6,859.0,7,7.455
2026-05-20 12:20:00+08:00,26.57,76.9,828.0,11,8.011
2026-05-20 12:25:00+08:00,26.99,77.2,807.0,10,8.147
2026-05-20 12:30:00+08:00,26.26,76.5,791.0,10,7.667
2026-05-20 12:35:00+08:00,27.26,75.3,784.0,11,8.288
2026-05-20 12:40:00+08:00,25.97,77.5,766.0,9,7.734
2026-05-20 12:45:00+08:00,26.83,71.2,750.0,10,7.868
2026-05-20 12:50:00+08:00,26.53,78.9,737.0,8,7.959
2026-05-20 12:55:00+08:00,26.06,76.4,740.0,10,7.446
2026-05-20 13:00:00+08:00,27.39,69.8,783.0,38,9.167
2026-05-20 13:05:00+08:00,26.37,75.0,804.0,28,8.409
2026-05-20 13:10:00+08:00,26.08,78.7,850.0,39,8.472
2026-05-20 13:15:00+08:00,26.56,80.7,861.0,29,8.294
2026-05-20 13:20:00+08:00,26.91,74.9,874.0,25,8.424
2026-05-20 13:25:00+08:00,26.59,75.1,893.0,31,8.76
2026-05-20 13:30:00+08:00,26.24,-999.0,915.0,33,8.84
2026-05-20 13:35:00+08:00,26.47,72.6,918.0,25,8.391
2026-05-20 13:40:00+08:00,25.8,79.5,926.0,29,8.542
2026-05-20 13:45:00+08:00,26.39,75.3,918.0,23,8.583
2026-05-20 13:50:00+08:00,26.73,74.6,926.0,29,8.977
2026-05-20 13:55:00+08:00,27.03,78.6,940.0,29,8.886
2026-05-20 14:00:00+08:00,26.82,78.8,937.0,22,8.296
2026-05-20 14:05:00+08:00,26.33,73.5,936.0,28,8.361
2026-05-20 14:10:00+08:00,26.67,69.0,931.0,23,8.204
2026-05-20 14:15:00+08:00,26.67,74.8,929.0,23,8.495
2026-05-20 14:20:00+08:00,26.35,79.4,923.0,22,8.43
2026-05-20 14:25:00+08:00,26.52,77.1,913.0,19,8.355
2026-05-20 14:30:00+08:00,26.96,77.3,922.0,27,8.373
2026-05-20 14:35:00+08:00,26.81,73.7,930.0,29,8.392
2026-05-20 14:40:00+08:00,26.49,72.8,940.0,30,8.547
2026-05-20 14:45:00+08:00,26.24,73.8,949.0,28,8.705
2026-05-20 14:50:00+08:00,27.1,74.7,934.0,21,8.614
2026-05-20 14:55:00+08:00,26.32,75.2,939.0,26,8.123
2026-05-20 15:00:00+08:00,26.95,73.5,934.0,24,8.34
2026-05-20 15:05:00+08:00,26.98,79.3,930.0,22,8.637
2026-05-20 15:10:00+08:00,26.85,74.2,957.0,34,8.872
2026-05-20 15:15:00+08:00,27.0,77.4,983.0,41,8.74
2026-05-20 15:20:00+08:00,27.47,70.7,985.0,27,8.641
2026-05-20 15:25:00+08:00,27.08,72.3,958.0,19,8.013
2026-05-20 15:30:00+08:00,27.72,68.9,973.0,29,9.049
2026-05-20 15:35:00+08:00,26.88,71.9,976.0,27,8.793
2026-05-20 15:40:00+08:00,27.0,77.1,984.0,28,8.664
2026-05-20 15:45:00+08:00,27.01,75.9,992.0,31,8.998
2026-05-20 15:50:00+08:00,26.56,77.4,1011.0,33,9.077
2026-05-20 15:55:00+08:00,26.45,75.1,1001.0,23,8.177
2026-05-20 16:00:00+08:00,26.32,77.7,1000.0,26,8.624
2026-05-20 16:05:00+08:00,26.92,73.5,1010.0,30,8.821
2026-05-20 16:10:00+08:00,26.91,75.2,1010.0,31,8.692
2026-05-20 16:15:00+08:00,26.76,75.2,1001.0,24,8.26
2026-05-20 16:20:00+08:00,26.73,73.4,1004.0,31,8.564
2026-05-20 16:25:00+08:00,26.53,75.3,1001.0,28,8.75
2026-05-20 16:30:00+08:00,27.26,75.7,989.0,24,8.348
2026-05-20 16:35:00+08:00,27.08,73.2,961.0,16,8.445
2026-05-20 16:40:00+08:00,26.14,72.2,967.0,29,8.448
2026-05-20 16:45:00+08:00,26.69,72.2,980.0,31,8.797
2026-05-20 16:50:00+08:00,26.71,72.4,955.0,19,8.325
2026-05-20 16:55:00+08:00,25.94,74.9,962.0,29,8.383
2026-05-20 17:00:00+08:00,26.66,72.1,967.0,28,8.158
2026-05-20 17:05:00+08:00,26.87,70.0,973.0,28,8.624
2026-05-20 17:10:00+08:00,26.74,77.0,983.0,32,8.446
2026-05-20 17:15:00+08:00,25.77,78.7,972.0,20,7.796
2026-05-20 17:20:00+08:00,26.82,75.9,956.0,24,8.574
2026-05-20 17:25:00+08:00,26.61,75.2,972.0,31,8.982
2026-05-20 17:30:00+08:00,25.91,76.0,983.0,32,8.69
2026-05-20 17:35:00+08:00,26.12,75.6,969.0,19,8.227
2026-05-20 17:40:00+08:00,26.45,72.7,964.0,27,8.524
2026-05-20 17:45:00+08:00,26.42,76.4,976.0,33,8.883
2026-05-20 17:50:00+08:00,25.58,77.9,961.0,19,7.598
2026-05-20 17:55:00+08:00,25.7,-999.0,965.0,29,7.991
2026-05-20 18:00:00+08:00,28.94,72.6,913.0,0,3.444
2026-05-20 18:05:00+08:00,29.79,71.5,866.0,0,3.729
2026-05-20 18:10:00+08:00,29.35,70.7,828.0,0,3.66
2026-05-20 18:15:00+08:00,29.56,77.1,782.0,0,3.768
2026-05-20 18:20:00+08:00,30.01,70.8,747.0,0,3.768
2026-05-20 18:25:00+08:00,30.03,70.4,712.0,0,3.723
2026-05-20 18:30:00+08:00,29.4,70.1,690.0,0,3.644
2026-05-20 18:35:00+08:00,29.24,73.8,661.0,0,3.718
2026-05-20 18:40:00+08:00,29.27,70.2,640.0,0,3.526
2026-05-20 18:45:00+08:00,29.69,69.3,619.0,0,3.631
2026-05-20 18:50:00+08:00,29.12,70.0,591.0,0,3.329
2026-05-20 18:55:00+08:00,28.64,69.0,574.0,0,3.252
2026-05-20 19:00:00+08:00,29.28,67.0,561.0,0,3.509
2026-05-20 19:05:00+08:00,28.01,72.0,549.0,0,3.564
2026-05-20 19:10:00+08:00,29.1,75.7,541.0,0,3.456
2026-05-20 19:15:00+08:00,28.01,72.6,531.0,0,2.982
2026-05-20 19:20:00+08:00,28.29,72.5,527.0,0,3.168
2026-05-20 19:25:00+08:00,28.48,73.2,514.0,0,3.408
2026-05-20 19:30:00+08:00,28.62,69.9,506.0,0,3.23
2026-05-20 19:35:00+08:00,28.78,74.9,496.0,0,3.058
2026-05-20 19:40:00+08:00,28.67,71.4,490.0,0,3.253
2026-05-20 19:45:00+08:00,28.79,71.7,477.0,0,3.706
2026-05-20 19:50:00+08:00,27.63,77.4,471.0,0,3.192
2026-05-20 19:55:00+08:00,28.69,71.8,470.0,0,3.156
2026-05-20 20:00:00+08:00,28.19,71.3,473.0,0,3.253
2026-05-20 20:05:00+08:00,27.88,73.3,464.0,0,3.102
2026-05-20 20:10:00+08:00,28.7,68.5,463.0,0,3.364
2026-05-20 20:15:00+08:00,28.08,75.4,465.0,0,3.283
2026-05-20 20:20:00+08:00,26.8,72.7,463.0,0,2.691
2026-05-20 20:25:00+08:00,27.48,74.6,455.0,0,3.232
2026-05-20 20:30:00+08:00,27.05,74.9,459.0,0,2.861
2026-05-20 20:35:00+08:00,27.56,73.1,458.0,0,2.954
2026-05-20 20:40:00+08:00,27.74,71.8,459.0,0,3.012
2026-05-20 20:45:00+08:00,27.23,81.9,456.0,0,2.914
2026-05-20 20:50:00+08:00,27.17,77.3,440.0,0,2.682
2026-05-20 20:55:00+08:00,27.01,75.8,445.0,0,2.643
2026-05-20 21:00:00+08:00,26.88,71.4,448.0,0,2.76
2026-05-20 21:05:00+08:00,26.71,74.9,446.0,0,2.432
2026-05-20 21:10:00+08:00,27.45,71.6,447.0,0,2.432
2026-05-20 21:15:00+08:00,27.72,71.6,439.0,0,3.058
2026-05-20 21:20:00+08:00,27.09,75.5,434.0,0,3.018
2026-05-20 21:25:00+08:00,27.41,76.5,440.0,0,3.032
2026-05-20 21:30:00+08:00,26.08,76.6,449.0,0,2.709
2026-05-20 21:35:00+08:00,26.96,71.1,451.0,0,2.669
2026-05-20 21:40:00+08:00,26.86,75.8,443.0,0,2.619
2026-05-20 21:45:00+08:00,26.82,73.8,436.0,0,3.309
2026-05-20 21:50:00+08:00,25.75,72.9,429.0,0,2.59
2026-05-20 21:55:00+08:00,26.34,76.1,434.0,0,2.652
2026-05-20 22:00:00+08:00,26.08,75.8,429.0,0,3.055
2026-05-20 22:05:00+08:00,26.01,81.6,434.0,0,2.171
2026-05-20 22:10:00+08:00,26.45,76.8,433.0,0,2.584
2026-05-20 22:15:00+08:00,25.37,75.7,433.0,0,2.411
2026-05-20 22:20:00+08:00,26.33,73.2,433.0,0,2.719
2026-05-20 22:25:00+08:00,25.87,76.6,434.0,0,2.38
2026-05-20 22:30:00+08:00,25.9,75.6,435.0,0,2.254
2026-05-20 22:35:00+08:00,25.85,72.7,440.0,0,2.504
2026-05-20 22:40:00+08:00,26.21,77.6,435.0,0,2.137
2026-05-20 22:45:00+08:00,25.04,76.6,425.0,0,1.91
2026-05-20 22:50:00+08:00,24.97,76.7,424.0,0,2.227
2026-05-20 22:55:00+08:00,26.69,77.4,423.0,0,2.561
2026-05-20 23:00:00+08:00,25.6,77.1,427.0,0,2.123
2026-05-20 23:05:00+08:00,25.52,76.1,429.0,0,2.031
2026-05-20 23:10:00+08:00,25.38,78.8,421.0,0,2.51
2026-05-20 23:15:00+08:00,24.86,79.6,435.0,0,2.094
2026-05-20 23:20:00+08:00,25.32,77.1,436.0,0,2.356
2026-05-20 23:25:00+08:00,25.31,74.7,439.0,0,2.289
2026-05-20 23:30:00+08:00,24.5,77.9,435.0,0,2.211
2026-05-20 23:35:00+08:00,25.24,79.1,435.0,0,2.399
2026-05-20 23:40:00+08:00,25.1,78.7,437.0,0,1.898
2026-05-20 23:45:00+08:00,25.4,79.3,439.0,0,2.152
2026-05-20 23:50:00+08:00,25.26,75.8,437.0,0,2.001
2026-05-20 23:55:00+08:00,24.12,77.5,437.0,0,1.953
2026-05-21 00:00:00+08:00,24.6,78.2,436.0,0,1.746
2026-05-21 00:05:00+08:00,25.53,77.2,427.0,0,2.557
2026-05-21 00:10:00+08:00,24.16,80.5,424.0,0,1.944
2026-05-21 00:15:00+08:00,24.55,78.7,419.0,0,1.583
2026-05-21 00:20:00+08:00,25.38,80.5,414.0,0,2.327
2026-05-21 00:25:00+08:00,23.87,78.6,417.0,0,2.09
2026-05-21 00:30:00+08:00,24.54,78.1,422.0,0,2.039
2026-05-21 00:35:00+08:00,24.81,81.7,422.0,0,2.139
2026-05-21 00:40:00+08:00,24.64,79.1,416.0,0,2.495
2026-05-21 00:45:00+08:00,24.39,78.2,409.0,0,2.07
2026-05-21 00:50:00+08:00,24.21,75.4,403.0,0,1.981
2026-05-21 00:55:00+08:00,24.54,79.1,407.0,0,2.155
2026-05-21 01:00:00+08:00,23.75,79.5,416.0,0,1.887
2026-05-21 01:05:00+08:00,23.55,78.2,423.0,0,2.077
2026-05-21 01:10:00+08:00,23.88,76.9,426.0,0,1.656
2026-05-21 01:15:00+08:00,24.85,78.6,429.0,0,2.223
2026-05-21 01:20:00+08:00,24.89,79.3,423.0,0,2.04
2026-05-21 01:25:00+08:00,24.33,79.2,430.0,0,2.142
2026-05-21 01:30:00+08:00,23.62,77.4,419.0,0,1.987
2026-05-21 01:35:00+08:00,24.37,82.4,427.0,0,1.724
2026-05-21 01:40:00+08:00,24.39,80.5,433.0,0,2.081
2026-05-21 01:45:00+08:00,23.4,79.8,431.0,0,1.67
2026-05-21 01:50:00+08:00,24.09,81.3,427.0,0,1.744
2026-05-21 01:55:00+08:00,24.62,80.0,435.0,0,1.958
2026-05-21 02:00:00+08:00,23.57,76.7,434.0,0,2.0
2026-05-21 02:05:00+08:00,23.5,84.1,433.0,0,1.808
2026-05-21 02:10:00+08:00,24.08,78.3,432.0,0,1.859
2026-05-21 02:15:00+08:00,23.55,82.9,422.0,0,1.788
2026-05-21 02:20:00+08:00,24.18,82.5,424.0,0,1.633
2026-05-21 02:25:00+08:00,23.94,79.8,422.0,0,1.734
2026-05-21 02:30:00+08:00,23.47,78.9,411.0,0,1.924
2026-05-21 02:35:00+08:00,24.12,80.5,416.0,0,2.034
2026-05-21 02:40:00+08:00,23.75,76.7,404.0,0,1.794
2026-05-21 02:45:00+08:00,24.1,79.0,411.0,0,1.754
2026-05-21 02:50:00+08:00,24.02,79.4,411.0,0,1.548
2026-05-21 02:55:00+08:00,23.92,77.3,422.0,0,1.731
2026-05-21 03:00:00+08:00,24.05,77.5,420.0,0,2.243
2026-05-21 03:00:00+08:00,24.05,77.5,420.0,0,2.243
2026-05-21 03:05:00+08:00,24.03,80.2,423.0,0,1.814
2026-05-21 03:10:00+08:00,23.1,79.4,418.0,0,1.706
2026-05-21 03:15:00+08:00,23.92,83.5,420.0,0,2.124
2026-05-21 03:20:00+08:00,23.54,80.4,422.0,0,1.841
2026-05-21 03:25:00+08:00,23.67,84.1,429.0,0,1.617
2026-05-21 03:30:00+08:00,24.06,81.0,434.0,0,1.989
2026-05-21 03:35:00+08:00,23.71,80.3,430.0,0,1.79
2026-05-21 03:40:00+08:00,24.31,80.4,428.0,0,1.787
2026-05-21 03:45:00+08:00,23.92,83.7,434.0,0,1.953
2026-05-21 03:50:00+08:00,24.29,77.3,444.0,0,1.82
2026-05-21 03:55:00+08:00,24.25,76.9,443.0,0,1.754
2026-05-21 04:00:00+08:00,24.27,78.2,450.0,0,2.358
2026-05-21 04:05:00+08:00,24.33,78.6,449.0,0,1.543
2026-05-21 04:10:00+08:00,24.2,81.5,446.0,0,1.668
2026-05-21 04:15:00+08:00,23.9,75.9,437.0,0,2.277
2026-05-21 04:20:00+08:00,23.36,80.3,436.0,0,1.859
2026-05-21 04:25:00+08:00,24.06,82.1,444.0,0,1.688
2026-05-21 04:30:00+08:00,24.3,77.6,436.0,0,1.962
2026-05-21 04:35:00+08:00,24.9,80.0,435.0,0,2.409
2026-05-21 04:40:00+08:00,23.2,82.7,426.0,0,1.651
2026-05-21 04:45:00+08:00,24.49,79.2,432.0,0,2.087
2026-05-21 04:50:00+08:00,24.12,81.8,433.0,0,2.061
2026-05-21 04:55:00+08:00,25.08,77.3,427.0,0,2.259
2026-05-21 05:00:00+08:00,24.75,77.8,434.0,0,2.004
2026-05-21 05:05:00+08:00,24.57,79.8,434.0,0,1.886
2026-05-21 05:10:00+08:00,24.23,80.8,425.0,0,1.782
2026-05-21 05:15:00+08:00,24.4,76.5,428.0,0,1.932
2026-05-21 05:20:00+08:00,25.05,78.8,423.0,0,1.986
2026-05-21 05:20:00+08:00,25.05,78.8,423.0,0,1.986
2026-05-21 05:25:00+08:00,25.69,75.7,428.0,0,2.231
2026-05-21 05:30:00+08:00,24.43,83.2,437.0,0,2.442
2026-05-21 05:35:00+08:00,24.6,78.5,438.0,0,1.731
2026-05-21 05:40:00+08:00,24.98,76.3,432.0,0,2.106
2026-05-21 05:45:00+08:00,24.68,79.9,429.0,0,2.096
2026-05-21 05:50:00+08:00,25.8,80.9,425.0,0,2.323
2026-05-21 05:55:00+08:00,25.07,77.3,430.0,0,2.457
2026-05-21 06:00:00+08:00,25.19,74.9,431.0,0,2.137
2026-05-21 06:05:00+08:00,25.69,74.1,429.0,0,2.245
2026-05-21 06:10:00+08:00,25.3,82.9,433.0,0,2.407
2026-05-21 06:15:00+08:00,24.91,74.7,425.0,0,2.153
2026-05-21 06:20:00+08:00,24.55,79.0,424.0,0,2.262
2026-05-21 06:25:00+08:00,24.9,76.7,418.0,0,2.295
2026-05-21 06:30:00+08:00,26.37,77.4,415.0,0,2.724
2026-05-21 06:35:00+08:00,25.64,73.6,417.0,0,2.375
2026-05-21 06:40:00+08:00,24.53,81.4,426.0,0,2.376
2026-05-21 06:45:00+08:00,25.7,79.8,427.0,0,2.578
2026-05-21 06:50:00+08:00,24.96,73.4,432.0,0,2.28
2026-05-21 06:55:00+08:00,25.71,74.4,429.0,0,2.369
2026-05-21 07:00:00+08:00,25.59,78.7,429.0,0,2.329
2026-05-21 07:05:00+08:00,25.26,71.2,420.0,0,2.309
2026-05-21 07:10:00+08:00,26.23,76.3,416.0,0,2.372
2026-05-21 07:15:00+08:00,26.55,74.3,415.0,0,2.403
2026-05-21 07:20:00+08:00,26.53,77.3,421.0,0,2.727
2026-05-21 07:25:00+08:00,26.02,76.8,421.0,0,2.41
2026-05-21 07:30:00+08:00,26.01,71.5,411.0,0,2.921
2026-05-21 07:35:00+08:00,26.62,75.2,411.0,0,3.088
2026-05-21 07:40:00+08:00,25.38,79.5,418.0,0,2.263
2026-05-21 07:45:00+08:00,25.47,73.7,412.0,0,1.962
2026-05-21 07:50:00+08:00,25.82,78.1,415.0,0,2.447
2026-05-21 07:55:00+08:00,26.2,78.8,409.0,0,2.589
2026-05-21 08:00:00+08:00,22.58,83.2,467.0,29,7.157
2026-05-21 08:05:00+08:00,21.88,82.7,544.0,37,7.134
2026-05-21 08:10:00+08:00,22.12,87.7,586.0,28,6.842
2026-05-21 08:15:00+08:00,22.46,81.4,605.0,19,7.294
2026-05-21 08:20:00+08:00,22.99,77.2,621.0,20,7.521
2026-05-21 08:25:00+08:00,22.54,79.9,655.0,26,7.247
2026-05-21 08:30:00+08:00,23.87,76.3,672.0,17,7.066
2026-05-21 08:35:00+08:00,22.63,85.5,703.0,23,6.983
2026-05-21 08:40:00+08:00,23.36,81.1,744.0,35,7.284
2026-05-21 08:45:00+08:00,23.59,80.1,785.0,30,7.337
2026-05-21 08:50:00+08:00,23.41,78.8,804.0,25,7.76
2026-05-21 08:55:00+08:00,23.59,81.1,860.0,43,8.371
2026-05-21 09:00:00+08:00,23.46,81.8,870.0,29,7.628
2026-05-21 09:05:00+08:00,22.77,78.0,871.0,21,6.877
2026-05-21 09:10:00+08:00,24.28,81.6,884.0,28,7.992
2026-05-21 09:15:00+08:00,23.62,78.0,901.0,27,7.625
2026-05-21 09:20:00+08:00,23.12,80.5,930.0,32,7.668
2026-05-21 09:25:00+08:00,23.43,83.4,962.0,42,8.02
2026-05-21 09:30:00+08:00,24.06,82.3,976.0,27,7.609
2026-05-21 09:35:00+08:00,24.3,76.4,977.0,27,7.746
2026-05-21 09:40:00+08:00,23.34,79.2,977.0,26,7.43
2026-05-21 09:45:00+08:00,23.79,80.9,1001.0,40,8.108
2026-05-21 09:50:00+08:00,24.5,77.2,1011.0,37,8.538
2026-05-21 09:55:00+08:00,24.54,76.8,994.0,23,8.091
2026-05-21 10:00:00+08:00,24.34,83.1,988.0,26,7.578
2026-05-21 10:05:00+08:00,23.98,83.0,1012.0,39,8.171
2026-05-21 10:10:00+08:00,24.43,80.1,1011.0,29,7.805
2026-05-21 10:15:00+08:00,24.91,76.4,1027.0,36,8.366
2026-05-21 10:20:00+08:00,24.99,77.9,1019.0,29,7.926
2026-05-21 10:25:00+08:00,25.3,77.1,1028.0,38,8.421
2026-05-21 10:30:00+08:00,25.08,77.0,998.0,13,7.418
2026-05-21 10:35:00+08:00,24.92,78.6,1000.0,28,7.785
2026-05-21 10:40:00+08:00,25.07,74.8,983.0,21,7.988
2026-05-21 10:45:00+08:00,25.64,79.6,992.0,28,8.235
2026-05-21 10:50:00+08:00,24.14,81.1,1008.0,30,7.774
2026-05-21 10:55:00+08:00,25.17,75.2,1007.0,27,8.16
2026-05-21 11:00:00+08:00,25.15,78.9,991.0,22,7.709
2026-05-21 11:05:00+08:00,25.49,80.2,1013.0,36,8.54
2026-05-21 11:10:00+08:00,24.58,80.7,1003.0,24,7.639
2026-05-21 11:15:00+08:00,25.08,77.7,971.0,17,7.878
2026-05-21 11:20:00+08:00,25.54,74.3,962.0,24,8.406
2026-05-21 11:25:00+08:00,25.96,75.2,977.0,29,8.324
2026-05-21 11:30:00+08:00,25.52,74.6,974.0,29,8.198
2026-05-21 11:35:00+08:00,25.18,73.9,988.0,33,8.086
2026-05-21 11:40:00+08:00,24.95,78.0,1004.0,33,8.296
2026-05-21 11:45:00+08:00,25.63,75.9,997.0,26,8.369
2026-05-21 11:50:00+08:00,25.47,74.7,1001.0,30,8.311
2026-05-21 11:55:00+08:00,25.87,74.9,1030.0,38,8.719
2026-05-21 12:00:00+08:00,25.9,74.1,1008.0,10,7.7
2026-05-21 12:05:00+08:00,25.59,80.8,988.0,12,8.034
2026-05-21 12:10:00+08:00,24.92,81.3,948.0,9,7.341
2026-05-21 12:15:00+08:00,25.3,79.0,902.0,5,7.213
2026-05-21 12:20:00+08:00,25.4,75.5,876.0,10,7.923
2026-05-21 12:25:00+08:00,25.43,73.1,848.0,10,7.647
2026-05-21 12:30:00+08:00,25.8,75.7,822.0,9,7.476
2026-05-21 12:35:00+08:00,26.57,72.3,796.0,9,8.042
2026-05-21 12:40:00+08:00,26.78,72.7,779.0,10,8.132
2026-05-21 12:45:00+08:00,26.06,81.1,757.0,9,7.421
2026-05-21 12:50:00+08:00,26.7,79.8,749.0,15,8.274
2026-05-21 12:55:00+08:00,26.52,74.8,732.0,10,8.053
2026-05-21 13:00:00+08:00,26.24,78.5,738.0,19,8.067
2026-05-21 13:05:00+08:00,27.14,76.1,770.0,32,8.618
2026-05-21 13:10:00+08:00,26.34,71.9,786.0,26,8.292
2026-05-21 13:15:00+08:00,26.62,75.7,777.0,15,7.994
2026-05-21 13:20:00+08:00,26.92,72.9,793.0,25,8.318
2026-05-21 13:25:00+08:00,26.33,76.0,788.0,15,7.854
2026-05-21 13:30:00+08:00,25.98,75.2,795.0,27,8.392
2026-05-21 13:35:00+08:00,26.44,78.3,803.0,22,8.189
2026-05-21 13:40:00+08:00,26.4,76.7,807.0,19,8.064
2026-05-21 13:45:00+08:00,26.24,78.4,827.0,31,8.557
2026-05-21 13:50:00+08:00,26.82,73.2,840.0,28,8.263
2026-05-21 13:55:00+08:00,26.81,72.2,874.0,36,8.981
2026-05-21 14:00:00+08:00,26.39,69.5,887.0,27,8.673
2026-05-21 14:05:00+08:00,27.42,75.7,878.0,17,8.383
2026-05-21 14:10:00+08:00,26.6,74.4,906.0,33,8.639
2026-05-21 14:15:00+08:00,26.45,73.8,911.0,31,8.886
2026-05-21 14:20:00+08:00,26.91,77.8,894.0,12,8.103
2026-05-21 14:25:00+08:00,27.62,75.2,885.0,21,8.882
2026-05-21 14:30:00+08:00,26.91,75.4,902.0,29,8.816
2026-05-21 14:35:00+08:00,26.8,73.6,928.0,36,8.799
2026-05-21 14:40:00+08:00,26.88,71.7,957.0,37,8.732
2026-05-21 14:45:00+08:00,26.87,70.0,952.0,25,8.705
2026-05-21 14:50:00+08:00,26.87,70.3,971.0,34,8.661
2026-05-21 14:55:00+08:00,26.75,69.1,969.0,25,8.643
2026-05-21 15:00:00+08:00,27.08,74.4,941.0,16,8.08
2026-05-21 15:05:00+08:00,26.18,77.0,958.0,33,8.656
2026-05-21 15:10:00+08:00,26.73,73.4,956.0,24,8.786
2026-05-21 15:15:00+08:00,27.05,75.3,958.0,24,8.29
2026-05-21 15:20:00+08:00,27.28,72.8,937.0,14,8.344
2026-05-21 15:25:00+08:00,27.16,78.2,948.0,30,8.629
2026-05-21 15:30:00+08:00,26.82,73.0,933.0,17,8.131
2026-05-21 15:35:00+08:00,26.99,74.7,937.0,27,8.683
2026-05-21 15:40:00+08:00,27.11,74.1,933.0,22,8.725
2026-05-21 15:45:00+08:00,26.92,74.9,934.0,26,8.615
2026-05-21 15:50:00+08:00,26.84,77.4,944.0,29,8.623
2026-05-21 15:55:00+08:00,26.3,79.7,942.0,25,8.379
2026-05-21 16:00:00+08:00,26.6,76.1,936.0,24,8.562
2026-05-21 16:05:00+08:00,26.72,71.7,963.0,33,8.664
2026-05-21 16:10:00+08:00,26.07,77.1,945.0,20,8.0
2026-05-21 16:15:00+08:00,26.79,76.6,943.0,26,8.431
2026-05-21 16:20:00+08:00,27.25,78.1,946.0,26,8.788
2026-05-21 16:25:00+08:00,26.72,71.7,978.0,39,9.135
2026-05-21 16:30:00+08:00,27.08,75.0,979.0,27,8.907
2026-05-21 16:35:00+08:00,26.69,72.1,985.0,26,8.533
2026-05-21 16:40:00+08:00,27.55,70.7,992.0,26,8.615
2026-05-21 16:45:00+08:00,26.75,73.3,1021.0,38,8.908
2026-05-21 16:50:00+08:00,26.51,73.8,1035.0,35,9.012
2026-05-21 16:55:00+08:00,27.38,73.1,1022.0,27,8.77
2026-05-21 17:00:00+08:00,26.85,74.4,1028.0,29,9.034
2026-05-21 17:05:00+08:00,26.13,77.1,1036.0,32,8.534
2026-05-21 17:10:00+08:00,25.72,72.6,1032.0,28,8.146
2026-05-21 17:15:00+08:00,26.61,73.8,1025.0,26,8.42
2026-05-21 17:20:00+08:00,25.91,-999.0,1031.0,29,8.428
2026-05-21 17:25:00+08:00,25.85,80.9,1024.0,27,8.65
2026-05-21 17:30:00+08:00,25.96,78.1,1018.0,29,8.439
2026-05-21 17:35:00+08:00,25.89,75.0,997.0,21,8.243
2026-05-21 17:40:00+08:00,25.54,73.6,971.0,20,7.851
2026-05-21 17:45:00+08:00,25.65,75.1,993.0,36,8.594
2026-05-21 17:50:00+08:00,25.7,76.6,1003.0,33,8.363
2026-05-21 17:55:00+08:00,25.73,72.6,1000.0,26,8.421
2026-05-21 18:00:00+08:00,29.58,72.8,936.0,0,3.612
2026-05-21 18:05:00+08:00,30.33,64.0,875.0,0,3.826
2026-05-21 18:10:00+08:00,29.89,64.4,826.0,0,3.8
2026-05-21 18:15:00+08:00,29.54,68.2,793.0,0,3.907
2026-05-21 18:20:00+08:00,28.67,71.9,760.0,0,3.42
2026-05-21 18:25:00+08:00,29.09,72.0,726.0,0,3.56
2026-05-21 18:30:00+08:00,29.24,65.1,690.0,0,3.561
2026-05-21 18:35:00+08:00,29.26,67.5,666.0,0,3.192
2026-05-21 18:40:00+08:00,29.35,68.0,641.0,0,3.866
2026-05-21 18:45:00+08:00,29.58,73.0,618.0,0,3.806
2026-05-21 18:50:00+08:00,29.17,70.1,600.0,0,3.348
2026-05-21 18:55:00+08:00,29.21,73.6,586.0,0,3.411
2026-05-21 19:00:00+08:00,28.99,70.9,564.0,0,3.201
2026-05-21 19:05:00+08:00,28.88,70.3,542.0,0,3.284
2026-05-21 19:10:00+08:00,28.42,74.7,528.0,0,3.336
2026-05-21 19:15:00+08:00,28.8,76.0,517.0,0,3.291
2026-05-21 19:20:00+08:00,29.22,73.0,514.0,0,3.504
2026-05-21 19:25:00+08:00,28.37,72.2,515.0,0,3.367
2026-05-21 19:30:00+08:00,28.79,69.7,507.0,0,3.046
2026-05-21 19:35:00+08:00,28.84,71.8,493.0,0,3.532
2026-05-21 19:40:00+08:00,28.29,71.0,492.0,0,3.382
2026-05-21 19:45:00+08:00,28.48,71.4,477.0,0,3.465
2026-05-21 19:50:00+08:00,27.43,71.0,471.0,0,2.871
2026-05-21 19:55:00+08:00,28.48,68.4,462.0,0,3.579
2026-05-21 20:00:00+08:00,27.72,72.6,457.0,0,3.149
2026-05-21 20:05:00+08:00,28.49,74.2,456.0,0,3.177
2026-05-21 20:10:00+08:00,28.05,73.4,450.0,0,3.458
2026-05-21 20:15:00+08:00,27.65,74.2,446.0,0,3.293
2026-05-21 20:20:00+08:00,27.67,71.0,449.0,0,3.208
2026-05-21 20:25:00+08:00,28.18,75.0,449.0,0,3.125
2026-05-21 20:30:00+08:00,27.95,76.4,451.0,0,3.211
2026-05-21 20:35:00+08:00,27.37,75.5,449.0,0,3.48
2026-05-21 20:40:00+08:00,27.04,70.9,450.0,0,2.789
2026-05-21 20:45:00+08:00,27.69,69.8,442.0,0,2.931
2026-05-21 20:50:00+08:00,27.6,74.2,436.0,0,3.014
2026-05-21 20:55:00+08:00,28.5,73.8,435.0,0,3.466
2026-05-21 21:00:00+08:00,27.15,74.6,429.0,0,2.775
2026-05-21 21:05:00+08:00,27.34,71.8,436.0,0,2.774
2026-05-21 21:10:00+08:00,27.41,72.9,432.0,0,2.901
2026-05-21 21:15:00+08:00,26.87,72.3,431.0,0,2.819
2026-05-21 21:20:00+08:00,26.54,73.8,434.0,0,2.838
2026-05-21 21:25:00+08:00,26.46,76.4,432.0,0,2.497
2026-05-21 21:30:00+08:00,27.23,73.5,434.0,0,2.724
2026-05-21 21:35:00+08:00,26.81,72.4,430.0,0,2.553
2026-05-21 21:40:00+08:00,26.57,72.6,429.0,0,2.537
2026-05-21 21:45:00+08:00,26.59,71.3,432.0,0,2.645
2026-05-21 21:50:00+08:00,26.2,76.6,436.0,0,2.532
2026-05-21 21:55:00+08:00,26.88,75.0,441.0,0,2.589
2026-05-21 22:00:00+08:00,26.32,74.5,435.0,0,2.717
2026-05-21 22:05:00+08:00,27.15,70.4,435.0,0,2.67
2026-05-21 22:10:00+08:00,26.1,74.1,439.0,0,2.208
2026-05-21 22:15:00+08:00,25.92,76.3,436.0,0,2.377
2026-05-21 22:20:00+08:00,26.8,73.4,432.0,0,2.714
2026-05-21 22:25:00+08:00,26.18,77.4,435.0,0,2.233
2026-05-21 22:30:00+08:00,26.08,80.7,437.0,0,2.46
2026-05-21 22:35:00+08:00,25.64,74.2,441.0,0,2.154
2026-05-21 22:40:00+08:00,25.98,77.2,439.0,0,2.482
2026-05-21 22:45:00+08:00,26.19,73.8,432.0,0,2.16
2026-05-21 22:50:00+08:00,25.81,77.6,428.0,0,2.353
2026-05-21 22:55:00+08:00,25.67,75.9,434.0,0,2.396
2026-05-21 23:00:00+08:00,26.13,80.2,435.0,0,2.597
2026-05-21 23:05:00+08:00,25.31,79.2,432.0,0,2.077
2026-05-21 23:10:00+08:00,25.46,78.6,434.0,0,2.229
2026-05-21 23:15:00+08:00,24.59,76.6,434.0,0,1.908
2026-05-21 23:20:00+08:00,25.43,78.6,436.0,0,2.089
2026-05-21 23:25:00+08:00,24.83,75.2,438.0,0,1.919
2026-05-21 23:30:00+08:00,24.89,77.1,433.0,0,2.21
2026-05-21 23:35:00+08:00,25.23,77.5,431.0,0,2.5
2026-05-21 23:40:00+08:00,25.22,76.9,432.0,0,2.036
2026-05-21 23:45:00+08:00,25.37,77.9,429.0,0,2.533
2026-05-21 23:50:00+08:00,24.06,80.2,430.0,0,2.063
2026-05-21 23:55:00+08:00,25.42,74.5,434.0,0,1.94
2026-05-22 00:00:00+08:00,25.35,75.6,432.0,0,2.321
2026-05-22 00:05:00+08:00,24.96,76.2,425.0,0,2.362
2026-05-22 00:10:00+08:00,24.7,75.4,423.0,0,2.109
2026-05-22 00:15:00+08:00,24.41,79.2,420.0,0,2.032
2026-05-22 00:20:00+08:00,24.14,82.8,418.0,0,1.862
2026-05-22 00:25:00+08:00,24.59,80.0,405.0,0,2.355
2026-05-22 00:30:00+08:00,24.35,79.6,400.0,0,1.758
2026-05-22 00:35:00+08:00,24.9,79.6,406.0,0,2.264
2026-05-22 00:40:00+08:00,24.6,80.3,404.0,0,2.338
2026-05-22 00:45:00+08:00,24.47,77.3,406.0,0,2.123
2026-05-22 00:50:00+08:00,24.29,77.8,404.0,0,1.91
2026-05-22 00:55:00+08:00,24.2,74.7,408.0,0,1.886
2026-05-22 01:00:00+08:00,23.68,76.4,411.0,0,1.9
2026-05-22 01:00:00+08:00,23.68,76.4,411.0,0,1.9
2026-05-22 01:05:00+08:00,24.36,79.3,406.0,0,1.874
2026-05-22 01:10:00+08:00,25.24,74.3,409.0,0,2.401
2026-05-22 01:15:00+08:00,23.85,82.7,412.0,0,1.533
2026-05-22 01:20:00+08:00,24.73,80.8,404.0,0,1.725
2026-05-22 01:25:00+08:00,23.53,74.4,405.0,0,1.568
2026-05-22 01:30:00+08:00,24.71,76.4,405.0,0,2.059
2026-05-22 01:35:00+08:00,24.52,77.8,408.0,0,2.157
2026-05-22 01:40:00+08:00,23.71,80.4,409.0,0,1.675
2026-05-22 01:45:00+08:00,24.32,80.6,416.0,0,1.873
2026-05-22 01:50:00+08:00,24.06,82.2,416.0,0,2.243
2026-05-22 01:55:00+08:00,24.33,76.8,412.0,0,1.526
2026-05-22 02:00:00+08:00,24.72,78.5,409.0,0,2.185
2026-05-22 02:05:00+08:00,24.02,82.6,418.0,0,1.861
2026-05-22 02:10:00+08:00,24.56,74.3,426.0,0,1.693
2026-05-22 02:15:00+08:00,23.77,82.0,429.0,0,2.052
2026-05-22 02:20:00+08:00,23.23,83.5,422.0,0,1.838
2026-05-22 02:25:00+08:00,24.98,78.7,420.0,0,1.806
2026-05-22 02:30:00+08:00,24.54,79.4,412.0,0,2.219
2026-05-22 02:35:00+08:00,23.02,83.1,419.0,0,1.71
2026-05-22 02:40:00+08:00,23.56,80.0,419.0,0,1.855
2026-05-22 02:45:00+08:00,23.9,77.7,412.0,0,1.789
2026-05-22 02:50:00+08:00,23.63,79.2,405.0,0,1.749
2026-05-22 02:55:00+08:00,23.62,80.5,411.0,0,1.83
2026-05-22 03:00:00+08:00,23.3,78.5,424.0,0,1.563
2026-05-22 03:05:00+08:00,23.55,79.3,422.0,0,1.923
2026-05-22 03:10:00+08:00,23.69,78.4,419.0,0,1.957
2026-05-22 03:15:00+08:00,23.78,78.9,422.0,0,1.323
2026-05-22 03:20:00+08:00,24.27,79.8,417.0,0,1.613
2026-05-22 03:25:00+08:00,23.82,80.0,416.0,0,1.551
2026-05-22 03:30:00+08:00,24.21,82.0,410.0,0,1.644
2026-05-22 03:35:00+08:00,23.75,82.4,419.0,0,1.774
2026-05-22 03:40:00+08:00,23.9,78.6,419.0,0,2.158
2026-05-22 03:45:00+08:00,23.89,79.1,420.0,0,1.978
2026-05-22 03:50:00+08:00,24.09,80.5,421.0,0,1.79
2026-05-22 03:55:00+08:00,24.47,79.9,413.0,0,2.183
2026-05-22 04:00:00+08:00,23.62,80.9,406.0,0,1.806
2026-05-22 04:05:00+08:00,23.79,81.6,404.0,0,1.829
2026-05-22 04:10:00+08:00,24.1,77.8,410.0,0,1.54
2026-05-22 04:15:00+08:00,24.67,81.4,401.0,0,1.886
2026-05-22 04:20:00+08:00,24.77,79.3,414.0,0,2.089
2026-05-22 04:25:00+08:00,23.96,83.2,415.0,0,1.94
2026-05-22 04:30:00+08:00,24.12,80.0,411.0,0,1.749
2026-05-22 04:35:00+08:00,23.12,82.0,417.0,0,1.778
2026-05-22 04:40:00+08:00,24.15,81.2,419.0,0,1.974
2026-05-22 04:45:00+08:00,24.44,80.9,427.0,0,1.658
2026-05-22 04:50:00+08:00,24.56,74.6,427.0,0,1.837
2026-05-22 04:55:00+08:00,24.28,75.8,418.0,0,1.8
2026-05-22 05:00:00+08:00,24.51,78.5,416.0,0,1.804
2026-05-22 05:05:00+08:00,23.86,80.3,415.0,0,1.783
2026-05-22 05:10:00+08:00,24.14,82.6,413.0,0,2.303
2026-05-22 05:15:00+08:00,24.18,81.5,415.0,0,1.905
2026-05-22 05:20:00+08:00,24.66,79.3,409.0,0,2.199
2026-05-22 05:25:00+08:00,24.75,81.1,400.0,0,1.974
2026-05-22 05:30:00+08:00,24.23,76.6,402.0,0,1.689
2026-05-22 05:35:00+08:00,24.83,76.5,402.0,0,1.752
2026-05-22 05:40:00+08:00,24.8,80.7,397.0,0,2.145
2026-05-22 05:45:00+08:00,24.37,80.0,404.0,0,1.928
2026-05-22 05:50:00+08:00,25.08,78.5,404.0,0,2.06
2026-05-22 05:55:00+08:00,24.8,75.0,415.0,0,2.443
2026-05-22 06:00:00+08:00,24.61,78.4,417.0,0,2.323
2026-05-22 06:05:00+08:00,24.35,76.2,425.0,0,2.203
2026-05-22 06:10:00+08:00,24.83,78.4,419.0,0,1.983
2026-05-22 06:15:00+08:00,25.76,77.3,424.0,0,2.115
2026-05-22 06:20:00+08:00,25.29,77.3,424.0,0,2.34
2026-05-22 06:25:00+08:00,25.44,80.7,423.0,0,2.095
2026-05-22 06:30:00+08:00,25.04,81.8,418.0,0,2.152
2026-05-22 06:35:00+08:00,25.13,77.1,409.0,0,2.237
2026-05-22 06:40:00+08:00,25.53,71.3,412.0,0,2.08
2026-05-22 06:45:00+08:00,24.79,79.6,419.0,0,2.237
2026-05-22 06:50:00+08:00,24.65,77.8,416.0,0,2.23
2026-05-22 06:55:00+08:00,25.41,77.1,432.0,0,2.375
2026-05-22 07:00:00+08:00,25.35,79.6,434.0,0,1.967
2026-05-22 07:05:00+08:00,25.43,78.2,427.0,0,2.597
2026-05-22 07:10:00+08:00,25.63,74.2,429.0,0,2.545
2026-05-22 07:15:00+08:00,25.58,73.8,427.0,0,2.257
2026-05-22 07:20:00+08:00,25.57,76.0,427.0,0,2.513
2026-05-22 07:25:00+08:00,25.96,77.0,432.0,0,2.617
2026-05-22 07:30:00+08:00,26.1,73.3,434.0,0,2.677
2026-05-22 07:35:00+08:00,26.25,76.4,428.0,0,2.639
2026-05-22 07:40:00+08:00,25.85,77.7,436.0,0,2.678
2026-05-22 07:45:00+08:00,26.63,77.3,434.0,0,2.685
2026-05-22 07:50:00+08:00,26.21,74.9,418.0,0,2.376
2026-05-22 07:55:00+08:00,26.04,74.7,430.0,0,2.522
2026-05-22 08:00:00+08:00,22.8,83.9,500.0,34,7.64
2026-05-22 08:05:00+08:00,21.69,83.8,562.0,32,7.358
2026-05-22 08:10:00+08:00,22.42,83.4,589.0,21,6.995
2026-05-22 08:15:00+08:00,22.74,84.9,631.0,30,7.087
2026-05-22 08:20:00+08:00,23.17,84.4,656.0,25,7.107
2026-05-22 08:25:00+08:00,23.62,81.5,699.0,34,7.601
2026-05-22 08:30:00+08:00,24.22,81.5,717.0,23,7.619
2026-05-22 08:35:00+08:00,22.54,81.6,744.0,28,7.024
2026-05-22 08:40:00+08:00,23.2,80.8,772.0,28,7.638
2026-05-22 08:45:00+08:00,23.47,76.3,784.0,21,7.037
2026-05-22 08:50:00+08:00,23.19,82.0,816.0,31,8.063
2026-05-22 08:55:00+08:00,23.04,82.7,845.0,35,7.836
2026-05-22 09:00:00+08:00,23.44,84.2,842.0,22,7.438
2026-05-22 09:05:00+08:00,23.91,81.9,862.0,28,7.759
2026-05-22 09:10:00+08:00,23.97,81.4,904.0,38,7.971
2026-05-22 09:15:00+08:00,22.99,81.0,928.0,36,7.695
2026-05-22 09:20:00+08:00,23.32,83.7,913.0,12,6.876
2026-05-22 09:25:00+08:00,24.1,79.3,927.0,30,7.474
2026-05-22 09:30:00+08:00,23.36,81.1,927.0,27,7.584
2026-05-22 09:35:00+08:00,24.25,80.0,941.0,30,7.874
2026-05-22 09:40:00+08:00,23.44,85.8,939.0,23,7.268
2026-05-22 09:45:00+08:00,23.84,81.3,955.0,33,7.956
2026-05-22 09:50:00+08:00,24.18,77.4,959.0,27,7.45
2026-05-22 09:55:00+08:00,24.47,78.6,954.0,22,7.629
2026-05-22 10:00:00+08:00,24.73,75.9,974.0,33,7.987
2026-05-22 10:05:00+08:00,24.24,75.4,981.0,24,7.437
2026-05-22 10:10:00+08:00,24.68,76.9,973.0,25,8.609
2026-05-22 10:15:00+08:00,25.77,74.2,985.0,31,8.299
2026-05-22 10:20:00+08:00,23.66,79.6,995.0,33,7.616
2026-05-22 10:25:00+08:00,24.98,78.7,994.0,26,8.041
2026-05-22 10:30:00+08:00,24.27,-999.0,989.0,18,7.756
2026-05-22 10:35:00+08:00,25.36,77.5,998.0,26,8.026
2026-05-22 10:40:00+08:00,25.06,74.5,989.0,20,7.622
2026-05-22 10:45:00+08:00,24.6,79.1,997.0,31,7.815
2026-05-22 10:50:00+08:00,24.56,79.3,991.0,28,7.934
2026-05-22 10:55:00+08:00,25.58,73.9,1017.0,41,8.71
2026-05-22 11:00:00+08:00,25.36,80.5,1002.0,20,7.717
2026-05-22 11:05:00+08:00,25.41,74.0,993.0,23,7.758
2026-05-22 11:10:00+08:00,25.0,77.6,995.0,30,8.115
2026-05-22 11:15:00+08:00,25.03,81.5,1023.0,41,8.309
2026-05-22 11:20:00+08:00,26.26,77.0,1048.0,43,9.075
2026-05-22 11:25:00+08:00,25.32,81.5,1058.0,33,8.485
2026-05-22 11:30:00+08:00,26.17,79.6,1076.0,39,8.977
2026-05-22 11:35:00+08:00,25.72,73.8,1051.0,24,7.805
2026-05-22 11:40:00+08:00,26.71,73.9,1071.0,40,9.099
2026-05-22 11:45:00+08:00,25.05,77.2,1056.0,26,8.045
2026-05-22 11:50:00+08:00,25.53,76.3,1070.0,34,8.267
2026-05-22 11:55:00+08:00,26.39,77.0,1052.0,24,8.232
2026-05-22 12:00:00+08:00,25.77,76.0,997.0,8,7.816
2026-05-22 12:05:00+08:00,26.55,71.1,962.0,9,7.948
2026-05-22 12:10:00+08:00,26.35,78.1,922.0,7,7.773
2026-05-22 12:15:00+08:00,25.8,72.6,895.0,11,7.819
2026-05-22 12:20:00+08:00,25.97,76.9,861.0,11,7.925
2026-05-22 12:25:00+08:00,26.47,80.1,832.0,10,8.164
2026-05-22 12:30:00+08:00,26.0,73.9,805.0,8,7.875
2026-05-22 12:35:00+08:00,25.6,77.7,785.0,11,7.443
2026-05-22 12:40:00+08:00,26.0,77.0,764.0,6,7.471
2026-05-22 12:45:00+08:00,27.39,73.7,735.0,7,8.34
2026-05-22 12:50:00+08:00,26.97,72.2,727.0,11,8.323
2026-05-22 12:55:00+08:00,26.21,78.4,722.0,10,7.823
2026-05-22 13:00:00+08:00,26.65,74.4,766.0,36,9.241
2026-05-22 13:05:00+08:00,25.83,75.5,807.0,35,8.696
2026-05-22 13:10:00+08:00,26.2,81.7,818.0,27,8.289
2026-05-22 13:15:00+08:00,26.12,79.3,842.0,30,8.799
2026-05-22 13:20:00+08:00,25.69,80.3,833.0,20,8.013
2026-05-22 13:25:00+08:00,26.67,75.7,862.0,28,8.576
2026-05-22 13:30:00+08:00,26.25,71.5,873.0,29,8.751
2026-05-22 13:35:00+08:00,26.47,72.5,901.0,37,8.935
2026-05-22 13:40:00+08:00,26.72,74.2,931.0,35,8.825
2026-05-22 13:45:00+08:00,26.69,76.3,942.0,28,8.531
2026-05-22 13:50:00+08:00,27.6,69.6,943.0,21,8.551
2026-05-22 13:55:00+08:00,26.7,73.4,981.0,43,9.539
2026-05-22 14:00:00+08:00,27.9,75.2,986.0,29,8.938
2026-05-22 14:05:00+08:00,27.74,72.3,984.0,26,8.896
2026-05-22 14:10:00+08:00,26.96,76.9,993.0,29,8.84
2026-05-22 14:15:00+08:00,26.59,75.5,976.0,20,30.448800000000002
2026-05-22 14:20:00+08:00,26.74,76.5,957.0,15,29.3076
2026-05-22 14:25:00+08:00,27.15,74.0,961.0,28,30.5208
2026-05-22 14:30:00+08:00,26.51,72.2,969.0,29,31.392000000000003
2026-05-22 14:35:00+08:00,26.81,71.4,986.0,36,33.6096
2026-05-22 14:40:00+08:00,26.39,70.4,968.0,19,29.97
2026-05-22 14:45:00+08:00,27.07,71.7,984.0,31,32.3676
2026-05-22 14:50:00+08:00,26.08,75.9,978.0,27,8.009
2026-05-22 14:55:00+08:00,27.42,72.6,981.0,27,8.77
2026-05-22 15:00:00+08:00,26.25,75.5,1003.0,40,8.66
2026-05-22 15:05:00+08:00,26.91,75.3,999.0,24,8.442
2026-05-22 15:10:00+08:00,26.66,75.9,995.0,28,8.482
2026-05-22 15:15:00+08:00,26.65,74.5,983.0,20,8.616
2026-05-22 15:20:00+08:00,27.13,73.2,985.0,29,8.74
2026-05-22 15:25:00+08:00,26.92,78.7,993.0,32,8.805
2026-05-22 15:30:00+08:00,26.92,71.5,998.0,31,8.818
2026-05-22 15:35:00+08:00,27.32,71.3,1016.0,34,9.189
2026-05-22 15:40:00+08:00,26.53,72.4,1011.0,25,8.33
2026-05-22 15:45:00+08:00,26.53,76.6,1024.0,32,8.616
2026-05-22 15:50:00+08:00,26.73,79.7,1013.0,27,8.651
2026-05-22 15:55:00+08:00,26.9,78.7,997.0,21,8.113
2026-05-22 16:00:00+08:00,27.01,73.4,982.0,26,8.53
2026-05-22 16:05:00+08:00,27.26,71.9,973.0,23,8.845
2026-05-22 16:10:00+08:00,26.8,75.2,972.0,28,8.571
2026-05-22 16:15:00+08:00,26.66,77.4,975.0,27,8.412
2026-05-22 16:20:00+08:00,26.71,68.3,987.0,35,8.61
2026-05-22 16:25:00+08:00,26.95,78.3,985.0,23,8.524
2026-05-22 16:30:00+08:00,25.98,75.9,977.0,23,8.455
2026-05-22 16:35:00+08:00,27.63,70.3,972.0,24,8.504
2026-05-22 16:40:00+08:00,26.27,76.3,954.0,19,8.393
2026-05-22 16:45:00+08:00,26.37,75.2,952.0,25,8.503
2026-05-22 16:50:00+08:00,26.52,75.4,962.0,33,8.616
2026-05-22 16:55:00+08:00,27.13,69.1,965.0,28,8.578
2026-05-22 17:00:00+08:00,26.78,70.7,970.0,29,8.656
2026-05-22 17:05:00+08:00,26.32,79.2,978.0,32,8.186
2026-05-22 17:10:00+08:00,25.87,74.0,995.0,34,8.379
2026-05-22 17:15:00+08:00,26.18,76.7,1008.0,30,8.196
2026-05-22 17:20:00+08:00,25.92,77.2,1024.0,39,8.634
2026-05-22 17:25:00+08:00,25.71,77.5,1019.0,23,8.215
2026-05-22 17:30:00+08:00,26.63,73.3,1054.0,45,9.03
2026-05-22 17:35:00+08:00,26.55,70.1,1043.0,24,8.645
2026-05-22 17:40:00+08:00,25.57,77.9,1021.0,20,7.844
2026-05-22 17:45:00+08:00,26.15,74.0,1013.0,22,8.287
2026-05-22 17:50:00+08:00,26.53,75.2,1025.0,33,8.669
2026-05-22 17:55:00+08:00,26.44,76.7,1022.0,30,8.337
2026-05-22 18:00:00+08:00,30.05,68.4,958.0,0,3.762
2026-05-22 18:05:00+08:00,29.71,64.5,907.0,0,3.626
2026-05-22 18:10:00+08:00,30.04,67.8,852.0,0,3.91
2026-05-22 18:15:00+08:00,29.55,67.9,803.0,0,3.779
2026-05-22 18:20:00+08:00,29.09,72.6,765.0,0,3.794
2026-05-22 18:25:00+08:00,29.93,67.8,731.0,0,4.036
2026-05-22 18:30:00+08:00,30.23,71.8,707.0,0,3.864
2026-05-22 18:35:00+08:00,29.67,70.3,677.0,0,3.665
2026-05-22 18:35:00+08:00,29.67,70.3,677.0,0,3.665
2026-05-22 18:40:00+08:00,29.19,67.3,652.0,0,3.297
2026-05-22 18:45:00+08:00,29.41,72.7,633.0,0,3.507
2026-05-22 18:50:00+08:00,29.28,67.9,607.0,0,3.567
2026-05-22 18:55:00+08:00,28.7,71.0,593.0,0,3.183
2026-05-22 19:00:00+08:00,29.19,69.6,581.0,0,3.522
2026-05-22 19:05:00+08:00,29.61,69.6,565.0,0,3.852
2026-05-22 19:10:00+08:00,28.85,75.7,547.0,0,3.173
2026-05-22 19:15:00+08:00,28.98,70.5,531.0,0,3.133
2026-05-22 19:20:00+08:00,28.17,71.1,522.0,0,2.949
2026-05-22 19:25:00+08:00,28.33,71.1,510.0,0,3.29
2026-05-22 19:30:00+08:00,28.96,69.2,496.0,0,3.376
2026-05-22 19:35:00+08:00,28.6,73.5,491.0,0,3.19
2026-05-22 19:40:00+08:00,28.34,71.7,485.0,0,3.221
2026-05-22 19:45:00+08:00,27.86,74.1,479.0,0,3.419
2026-05-22 19:50:00+08:00,28.86,72.5,471.0,0,3.177
2026-05-22 19:55:00+08:00,28.69,72.5,481.0,0,3.627
2026-05-22 20:00:00+08:00,28.42,74.7,470.0,0,3.623
2026-05-22 20:05:00+08:00,28.45,69.7,457.0,0,2.991
2026-05-22 20:10:00+08:00,28.7,70.6,452.0,0,3.101
2026-05-22 20:15:00+08:00,27.71,70.1,451.0,0,3.532
2026-05-22 20:20:00+08:00,28.08,70.9,449.0,0,2.662
2026-05-22 20:25:00+08:00,27.34,72.2,442.0,0,2.963
2026-05-22 20:30:00+08:00,28.04,71.3,440.0,0,3.272
2026-05-22 20:35:00+08:00,28.05,76.0,433.0,0,2.896
2026-05-22 20:40:00+08:00,26.99,78.5,430.0,0,3.106
2026-05-22 20:45:00+08:00,27.58,76.3,426.0,0,2.993
2026-05-22 20:50:00+08:00,27.39,74.1,430.0,0,2.878
2026-05-22 20:55:00+08:00,27.29,73.4,433.0,0,3.082
2026-05-22 21:00:00+08:00,27.01,73.7,437.0,0,2.947
2026-05-22 21:05:00+08:00,27.51,77.7,435.0,0,2.837
2026-05-22 21:10:00+08:00,27.04,75.0,434.0,0,3.101
2026-05-22 21:15:00+08:00,26.57,73.8,430.0,0,2.397
2026-05-22 21:20:00+08:00,27.46,69.9,429.0,0,2.87
2026-05-22 21:25:00+08:00,26.98,80.4,426.0,0,2.868
2026-05-22 21:30:00+08:00,27.16,71.9,427.0,0,2.854
2026-05-22 21:35:00+08:00,26.73,77.3,419.0,0,2.465
2026-05-22 21:40:00+08:00,27.08,72.8,427.0,0,2.881
2026-05-22 21:45:00+08:00,26.78,76.0,430.0,0,2.599
2026-05-22 21:50:00+08:00,27.32,74.1,423.0,0,3.179
2026-05-22 21:55:00+08:00,26.28,76.9,427.0,0,2.775
2026-05-22 22:00:00+08:00,26.3,78.1,425.0,0,2.98
2026-05-22 22:05:00+08:00,26.69,73.8,428.0,0,2.926
2026-05-22 22:10:00+08:00,25.96,74.2,431.0,0,2.713
2026-05-22 22:15:00+08:00,26.27,72.0,430.0,0,2.706
2026-05-22 22:20:00+08:00,27.36,72.6,424.0,0,2.409
2026-05-22 22:25:00+08:00,26.38,72.7,431.0,0,2.654
2026-05-22 22:30:00+08:00,25.77,78.1,434.0,0,2.198
2026-05-22 22:35:00+08:00,26.24,78.3,427.0,0,2.504
2026-05-22 22:40:00+08:00,25.67,78.9,419.0,0,2.13
2026-05-22 22:45:00+08:00,26.32,80.3,408.0,0,2.491
2026-05-22 22:50:00+08:00,25.58,75.6,404.0,0,2.133
2026-05-22 22:55:00+08:00,25.89,73.3,400.0,0,2.534
2026-05-22 23:00:00+08:00,24.9,77.7,407.0,0,2.273
2026-05-22 23:05:00+08:00,24.47,80.5,414.0,0,1.985
2026-05-22 23:10:00+08:00,24.85,76.4,425.0,0,2.267
2026-05-22 23:15:00+08:00,25.15,79.4,419.0,0,2.262
2026-05-22 23:20:00+08:00,25.06,75.0,415.0,0,2.12
2026-05-22 23:25:00+08:00,25.61,79.3,406.0,0,2.37
2026-05-22 23:30:00+08:00,25.06,79.5,407.0,0,2.279
2026-05-22 23:35:00+08:00,25.23,75.9,413.0,0,2.278
2026-05-22 23:40:00+08:00,25.24,76.0,415.0,0,2.291
2026-05-22 23:45:00+08:00,25.55,78.3,420.0,0,2.226
2026-05-22 23:50:00+08:00,24.64,78.6,422.0,0,2.161
2026-05-22 23:55:00+08:00,25.1,78.4,416.0,0,2.078
2026-05-23 00:00:00+08:00,24.55,79.7,415.0,0,2.317
2026-05-23 00:05:00+08:00,25.26,76.3,411.0,0,2.588
2026-05-23 00:10:00+08:00,24.52,81.9,414.0,0,1.869
2026-05-23 00:15:00+08:00,23.81,76.6,404.0,0,1.764
2026-05-23 00:20:00+08:00,25.13,74.4,407.0,0,1.907
2026-05-23 00:25:00+08:00,25.2,76.3,409.0,0,2.186
2026-05-23 00:30:00+08:00,24.49,79.8,405.0,0,2.2
2026-05-23 00:35:00+08:00,24.59,79.0,410.0,0,1.781
2026-05-23 00:40:00+08:00,24.73,78.1,413.0,0,2.068
2026-05-23 00:45:00+08:00,24.65,82.0,418.0,0,1.813
2026-05-23 00:50:00+08:00,25.74,76.5,411.0,0,2.047
2026-05-23 00:55:00+08:00,24.96,76.0,413.0,0,1.859
2026-05-23 01:00:00+08:00,24.08,77.9,419.0,0,1.825
2026-05-23 01:05:00+08:00,24.56,79.7,419.0,0,1.868
2026-05-23 01:10:00+08:00,23.61,81.3,414.0,0,1.505
2026-05-23 01:15:00+08:00,23.93,79.8,419.0,0,2.135
2026-05-23 01:20:00+08:00,24.15,75.3,425.0,0,2.194
2026-05-23 01:25:00+08:00,23.78,81.0,423.0,0,2.136
2026-05-23 01:30:00+08:00,24.35,84.4,433.0,0,1.946
2026-05-23 01:30:00+08:00,24.35,84.4,433.0,0,1.946
2026-05-23 01:35:00+08:00,24.31,78.4,432.0,0,1.712
2026-05-23 01:40:00+08:00,24.31,77.8,436.0,0,1.965
2026-05-23 01:45:00+08:00,23.9,83.2,422.0,0,1.952
2026-05-23 01:50:00+08:00,24.61,81.5,424.0,0,2.089
2026-05-23 01:55:00+08:00,24.13,80.6,415.0,0,1.811
2026-05-23 02:00:00+08:00,23.61,82.4,412.0,0,1.963
2026-05-23 02:05:00+08:00,23.88,80.9,416.0,0,1.77
2026-05-23 02:10:00+08:00,23.96,79.7,413.0,0,2.111
2026-05-23 02:15:00+08:00,23.51,76.9,419.0,0,2.213
2026-05-23 02:20:00+08:00,23.15,77.7,417.0,0,1.479
2026-05-23 02:25:00+08:00,23.23,82.4,416.0,0,2.09
2026-05-23 02:30:00+08:00,23.93,81.5,410.0,0,1.641
2026-05-23 02:35:00+08:00,24.46,79.0,420.0,0,2.035
2026-05-23 02:40:00+08:00,24.1,82.3,409.0,0,1.859
2026-05-23 02:45:00+08:00,23.93,81.6,402.0,0,1.993
2026-05-23 02:50:00+08:00,24.1,78.2,407.0,0,1.606
2026-05-23 02:55:00+08:00,23.92,79.9,410.0,0,2.059
2026-05-23 03:00:00+08:00,23.48,82.9,412.0,0,1.252
2026-05-23 03:05:00+08:00,23.46,77.8,407.0,0,1.698
2026-05-23 03:10:00+08:00,23.93,78.1,405.0,0,1.919
2026-05-23 03:15:00+08:00,24.33,77.7,409.0,0,2.111
2026-05-23 03:20:00+08:00,23.72,82.5,406.0,0,1.991
2026-05-23 03:25:00+08:00,23.46,79.5,401.0,0,1.764
2026-05-23 03:30:00+08:00,24.37,82.8,404.0,0,2.244
2026-05-23 03:35:00+08:00,23.11,78.5,402.0,0,1.493
2026-05-23 03:40:00+08:00,23.68,80.7,405.0,0,1.771
2026-05-23 03:45:00+08:00,24.14,78.6,399.0,0,1.7
2026-05-23 03:50:00+08:00,24.42,79.8,405.0,0,1.649
2026-05-23 03:55:00+08:00,23.4,83.6,405.0,0,1.696
2026-05-23 04:00:00+08:00,24.31,79.2,408.0,0,2.109
2026-05-23 04:05:00+08:00,24.5,76.8,413.0,0,1.821
2026-05-23 04:10:00+08:00,23.49,76.1,406.0,0,1.569
2026-05-23 04:15:00+08:00,24.08,80.1,408.0,0,2.005
2026-05-23 04:20:00+08:00,24.62,79.4,412.0,0,1.987
2026-05-23 04:25:00+08:00,24.0,80.0,414.0,0,2.109
2026-05-23 04:30:00+08:00,23.82,81.0,415.0,0,1.856
2026-05-23 04:35:00+08:00,24.95,75.4,411.0,0,2.18
2026-05-23 04:40:00+08:00,23.72,81.7,416.0,0,1.821
2026-05-23 04:45:00+08:00,24.58,79.6,413.0,0,2.014
2026-05-23 04:50:00+08:00,24.34,80.0,419.0,0,1.781
2026-05-23 04:55:00+08:00,24.71,77.0,419.0,0,1.85
2026-05-23 05:00:00+08:00,23.82,83.5,419.0,0,1.847
2026-05-23 05:05:00+08:00,24.53,74.5,425.0,0,1.789
2026-05-23 05:10:00+08:00,24.43,76.1,422.0,0,2.366
2026-05-23 05:15:00+08:00,24.69,80.3,422.0,0,2.287
2026-05-23 05:20:00+08:00,24.22,83.1,424.0,0,1.791
2026-05-23 05:25:00+08:00,24.58,78.5,427.0,0,2.218
2026-05-23 05:30:00+08:00,24.59,78.0,429.0,0,1.955
2026-05-23 05:35:00+08:00,24.09,81.2,435.0,0,1.863
2026-05-23 05:40:00+08:00,24.53,-999.0,435.0,0,2.087
2026-05-23 05:45:00+08:00,24.93,78.5,435.0,0,2.429
2026-05-23 05:50:00+08:00,24.32,80.4,437.0,0,1.761
2026-05-23 05:55:00+08:00,24.01,81.5,430.0,0,2.281
2026-05-23 06:00:00+08:00,25.25,78.3,427.0,0,2.191
2026-05-23 06:05:00+08:00,24.35,80.5,419.0,0,2.021
2026-05-23 06:10:00+08:00,25.08,79.4,419.0,0,2.147
2026-05-23 06:15:00+08:00,24.61,75.0,418.0,0,2.279
2026-05-23 06:20:00+08:00,24.9,77.9,416.0,0,2.281
2026-05-23 06:25:00+08:00,25.1,80.5,415.0,0,2.34
2026-05-23 06:30:00+08:00,25.75,76.0,410.0,0,2.251
2026-05-23 06:35:00+08:00,24.99,81.1,411.0,0,2.354
2026-05-23 06:40:00+08:00,24.74,77.7,426.0,0,1.847
2026-05-23 06:45:00+08:00,24.92,80.2,423.0,0,2.478
2026-05-23 06:50:00+08:00,25.76,75.3,425.0,0,2.373
2026-05-23 06:55:00+08:00,25.1,77.8,422.0,0,2.514
2026-05-23 07:00:00+08:00,26.19,76.5,409.0,0,2.883
2026-05-23 07:05:00+08:00,25.35,75.6,416.0,0,2.321
2026-05-23 07:10:00+08:00,26.27,-999.0,413.0,0,2.833
2026-05-23 07:15:00+08:00,26.16,77.4,412.0,0,2.83
2026-05-23 07:20:00+08:00,26.08,77.1,415.0,0,2.29
2026-05-23 07:25:00+08:00,25.99,79.5,414.0,0,2.398
2026-05-23 07:30:00+08:00,26.2,75.3,414.0,0,2.579
2026-05-23 07:35:00+08:00,25.37,81.4,422.0,0,2.246
2026-05-23 07:40:00+08:00,26.48,72.9,424.0,0,2.674
2026-05-23 07:45:00+08:00,25.79,74.5,421.0,0,2.62
2026-05-23 07:50:00+08:00,25.92,-999.0,431.0,0,2.267
2026-05-23 07:55:00+08:00,26.56,75.8,434.0,0,2.895
2026-05-23 08:00:00+08:00,26.45,80.1,425.0,0,2.502
2026-05-23 08:05:00+08:00,26.28,72.1,412.0,0,2.283
2026-05-23 08:10:00+08:00,27.14,71.2,412.0,0,3.246
2026-05-23 08:15:00+08:00,27.22,73.8,416.0,0,2.918
2026-05-23 08:20:00+08:00,26.69,68.8,418.0,0,2.513
2026-05-23 08:25:00+08:00,26.48,73.5,420.0,0,2.792
2026-05-23 08:30:00+08:00,26.22,75.4,428.0,0,2.388
2026-05-23 08:35:00+08:00,26.47,75.6,429.0,0,2.73
2026-05-23 08:40:00+08:00,26.68,72.5,421.0,0,2.135
2026-05-23 08:45:00+08:00,27.31,72.9,427.0,0,2.836
2026-05-23 08:50:00+08:00,26.37,75.3,428.0,0,2.284
2026-05-23 08:55:00+08:00,27.47,75.1,441.0,0,2.939
2026-05-23 09:00:00+08:00,26.56,75.0,446.0,0,2.333
2026-05-23 09:05:00+08:00,27.47,73.3,449.0,0,2.818
2026-05-23 09:10:00+08:00,28.06,73.9,440.0,0,3.44
2026-05-23 09:15:00+08:00,27.47,74.6,440.0,0,3.075
2026-05-23 09:20:00+08:00,27.49,73.7,443.0,0,2.976
2026-05-23 09:25:00+08:00,28.17,70.3,444.0,0,3.187
2026-05-23 09:30:00+08:00,27.96,73.9,432.0,0,3.233
2026-05-23 09:35:00+08:00,27.91,71.0,423.0,0,3.154
2026-05-23 09:40:00+08:00,28.07,70.1,422.0,0,3.17
2026-05-23 09:45:00+08:00,28.0,72.4,411.0,0,3.338
2026-05-23 09:50:00+08:00,27.03,72.9,411.0,0,2.834
2026-05-23 09:55:00+08:00,28.43,69.9,403.0,0,3.29
2026-05-23 10:00:00+08:00,28.12,72.4,399.0,0,3.037
2026-05-23 10:05:00+08:00,27.92,73.8,398.0,0,3.263
2026-05-23 10:10:00+08:00,28.76,73.9,398.0,0,3.228
2026-05-23 10:15:00+08:00,28.99,73.1,394.0,0,3.234
2026-05-23 10:20:00+08:00,28.49,68.5,395.0,0,3.322
2026-05-23 10:25:00+08:00,28.81,66.6,407.0,0,2.999
2026-05-23 10:30:00+08:00,28.64,74.2,411.0,0,3.036
2026-05-23 10:35:00+08:00,28.83,72.6,411.0,0,3.551
2026-05-23 10:40:00+08:00,28.44,75.3,415.0,0,3.281
2026-05-23 10:45:00+08:00,28.95,69.7,425.0,0,3.376
2026-05-23 10:50:00+08:00,28.62,68.2,433.0,0,2.902
2026-05-23 10:55:00+08:00,28.05,66.0,431.0,0,2.911
2026-05-23 11:00:00+08:00,27.98,69.7,427.0,0,2.989
2026-05-23 11:05:00+08:00,29.01,67.8,423.0,0,3.527
2026-05-23 11:10:00+08:00,28.44,71.0,422.0,0,3.46
2026-05-23 11:15:00+08:00,29.74,69.9,417.0,0,3.61
2026-05-23 11:20:00+08:00,28.55,68.2,420.0,0,3.61
2026-05-23 11:25:00+08:00,28.9,73.4,415.0,0,3.499
2026-05-23 11:30:00+08:00,29.12,68.4,417.0,0,3.377
2026-05-23 11:35:00+08:00,28.81,69.8,416.0,0,3.464
2026-05-23 11:40:00+08:00,29.74,67.0,418.0,0,3.494
2026-05-23 11:45:00+08:00,30.38,69.8,417.0,0,3.611
2026-05-23 11:50:00+08:00,29.62,73.9,423.0,0,3.444
2026-05-23 11:55:00+08:00,29.24,74.0,425.0,0,3.461
2026-05-23 12:00:00+08:00,29.94,68.9,426.0,0,3.762
2026-05-23 12:05:00+08:00,29.78,73.5,419.0,0,3.917
2026-05-23 12:10:00+08:00,30.08,70.1,420.0,0,3.49
2026-05-23 12:15:00+08:00,30.58,66.2,420.0,0,3.926
2026-05-23 12:20:00+08:00,29.69,71.6,422.0,0,3.927
2026-05-23 12:25:00+08:00,29.93,71.4,417.0,0,3.733
2026-05-23 12:30:00+08:00,30.08,70.6,406.0,0,4.208
2026-05-23 12:35:00+08:00,30.07,72.5,411.0,0,3.744
2026-05-23 12:40:00+08:00,30.17,67.2,415.0,0,3.847
2026-05-23 12:45:00+08:00,30.31,69.5,410.0,0,3.898
2026-05-23 12:50:00+08:00,30.28,69.0,411.0,0,4.166
2026-05-23 12:55:00+08:00,30.18,69.8,408.0,0,3.656
2026-05-23 13:00:00+08:00,30.6,63.8,412.0,0,3.721
2026-05-23 13:05:00+08:00,30.08,68.1,421.0,0,3.723
2026-05-23 13:05:00+08:00,30.08,68.1,421.0,0,3.723
2026-05-23 13:10:00+08:00,30.98,67.5,417.0,0,4.027
2026-05-23 13:15:00+08:00,30.54,65.2,410.0,0,4.233
2026-05-23 13:20:00+08:00,30.36,68.1,411.0,0,4.085
2026-05-23 13:25:00+08:00,30.4,67.2,408.0,0,4.035
2026-05-23 13:30:00+08:00,30.13,70.4,411.0,0,3.733
2026-05-23 13:35:00+08:00,30.26,70.3,413.0,0,3.948
2026-05-23 13:40:00+08:00,30.71,72.2,422.0,0,4.051
2026-05-23 13:45:00+08:00,31.08,68.0,419.0,0,3.973
2026-05-23 13:50:00+08:00,30.9,64.2,418.0,0,4.012
2026-05-23 13:55:00+08:00,30.97,66.4,410.0,0,4.057
2026-05-23 14:00:00+08:00,31.02,62.8,403.0,0,4.35
2026-05-23 14:05:00+08:00,30.71,67.4,402.0,0,3.884
2026-05-23 14:10:00+08:00,31.32,66.6,408.0,0,4.511
2026-05-23 14:15:00+08:00,30.36,67.6,412.0,0,3.822
2026-05-23 14:20:00+08:00,30.97,67.0,413.0,0,4.412
2026-05-23 14:25:00+08:00,30.19,67.6,409.0,0,3.73
2026-05-23 14:30:00+08:00,30.7,72.1,410.0,0,4.104
2026-05-23 14:35:00+08:00,30.12,66.6,413.0,0,3.925
2026-05-23 14:40:00+08:00,29.57,69.9,409.0,0,3.843
2026-05-23 14:45:00+08:00,31.08,65.5,396.0,0,3.903
2026-05-23 14:50:00+08:00,29.95,67.8,397.0,0,3.845
2026-05-23 14:55:00+08:00,30.44,66.0,401.0,0,3.797
2026-05-23 15:00:00+08:00,30.93,66.5,401.0,0,4.125
2026-05-23 15:05:00+08:00,30.62,63.3,405.0,0,4.398
2026-05-23 15:10:00+08:00,29.87,72.5,413.0,0,3.984
2026-05-23 15:15:00+08:00,30.14,66.9,407.0,0,3.959
2026-05-23 15:20:00+08:00,29.72,72.8,412.0,0,3.795
2026-05-23 15:25:00+08:00,30.13,73.3,420.0,0,3.911
2026-05-23 15:30:00+08:00,30.21,67.8,421.0,0,4.225
2026-05-23 15:30:00+08:00,30.21,67.8,421.0,0,4.225
2026-05-23 15:35:00+08:00,30.92,63.9,422.0,0,4.282
2026-05-23 15:40:00+08:00,30.7,67.4,420.0,0,4.143
2026-05-23 15:45:00+08:00,30.45,72.6,424.0,0,3.946
2026-05-23 15:50:00+08:00,30.61,70.9,421.0,0,4.123
2026-05-23 15:55:00+08:00,29.91,68.7,422.0,0,4.066
2026-05-23 16:00:00+08:00,29.86,72.6,419.0,0,4.093
2026-05-23 16:05:00+08:00,30.61,68.0,423.0,0,4.245
2026-05-23 16:10:00+08:00,31.02,69.9,424.0,0,4.241
2026-05-23 16:15:00+08:00,30.38,66.8,431.0,0,4.066
2026-05-23 16:20:00+08:00,30.8,66.1,431.0,0,4.273
2026-05-23 16:25:00+08:00,30.85,69.9,425.0,0,4.217
2026-05-23 16:30:00+08:00,30.14,68.0,427.0,0,3.947
2026-05-23 16:35:00+08:00,30.2,70.8,433.0,0,3.811
2026-05-23 16:40:00+08:00,29.64,68.7,436.0,0,3.519
2026-05-23 16:45:00+08:00,30.44,71.1,434.0,0,3.854
2026-05-23 16:50:00+08:00,29.84,66.6,426.0,0,3.783
2026-05-23 16:55:00+08:00,29.38,66.7,426.0,0,3.675
2026-05-23 17:00:00+08:00,30.55,66.7,422.0,0,4.06
2026-05-23 17:05:00+08:00,30.28,68.3,425.0,0,3.749
2026-05-23 17:10:00+08:00,30.42,69.1,426.0,0,3.826
2026-05-23 17:15:00+08:00,29.83,70.0,434.0,0,3.688
2026-05-23 17:20:00+08:00,30.3,67.7,435.0,0,3.87
2026-05-23 17:25:00+08:00,29.91,76.8,438.0,0,3.921
2026-05-23 17:30:00+08:00,30.76,65.3,437.0,0,3.863
2026-05-23 17:35:00+08:00,30.32,66.4,432.0,0,3.738
2026-05-23 17:40:00+08:00,29.43,73.8,441.0,0,3.614
2026-05-23 17:45:00+08:00,29.8,65.9,437.0,0,4.182
2026-05-23 17:50:00+08:00,29.79,71.8,441.0,0,3.804
2026-05-23 17:55:00+08:00,30.28,70.7,437.0,0,3.936
2026-05-23 18:00:00+08:00,29.88,70.6,439.0,0,3.666
2026-05-23 18:05:00+08:00,29.92,70.3,439.0,0,3.739
2026-05-23 18:10:00+08:00,29.01,70.9,431.0,0,3.348
2026-05-23 18:15:00+08:00,29.96,68.3,428.0,0,3.646
2026-05-23 18:20:00+08:00,29.6,69.1,438.0,0,3.449
2026-05-23 18:25:00+08:00,29.86,70.3,436.0,0,3.741
2026-05-23 18:30:00+08:00,29.53,67.0,433.0,0,3.693
2026-05-23 18:35:00+08:00,29.56,70.2,431.0,0,3.557
2026-05-23 18:40:00+08:00,28.76,71.1,431.0,0,3.573
2026-05-23 18:45:00+08:00,29.14,71.8,426.0,0,3.463
2026-05-23 18:50:00+08:00,29.26,70.2,430.0,0,3.477
2026-05-23 18:55:00+08:00,29.51,70.2,420.0,0,3.535
2026-05-23 19:00:00+08:00,30.2,69.2,418.0,0,3.957
2026-05-23 19:05:00+08:00,28.4,71.4,421.0,0,3.366
2026-05-23 19:10:00+08:00,28.96,69.8,420.0,0,3.348
2026-05-23 19:15:00+08:00,28.7,74.9,425.0,0,3.402
2026-05-23 19:20:00+08:00,29.34,70.3,426.0,0,3.71
2026-05-23 19:25:00+08:00,28.77,72.0,411.0,0,3.588
2026-05-23 19:30:00+08:00,28.82,68.8,414.0,0,3.474
2026-05-23 19:35:00+08:00,28.24,69.2,414.0,0,3.255
2026-05-23 19:40:00+08:00,29.2,71.4,413.0,0,3.184
2026-05-23 19:45:00+08:00,28.3,79.2,415.0,0,3.214
2026-05-23 19:50:00+08:00,28.17,76.7,422.0,0,3.113
2026-05-23 19:55:00+08:00,28.28,72.9,423.0,0,3.226
2026-05-23 19:55:00+08:00,28.28,72.9,423.0,0,3.226
2026-05-23 20:00:00+08:00,27.99,75.5,425.0,0,2.866
2026-05-23 20:05:00+08:00,26.92,73.5,413.0,0,2.697
2026-05-23 20:10:00+08:00,28.55,70.6,408.0,0,3.377
2026-05-23 20:15:00+08:00,27.62,77.6,418.0,0,3.092
2026-05-23 20:20:00+08:00,28.06,69.5,421.0,0,3.041
2026-05-23 20:25:00+08:00,28.18,68.7,418.0,0,3.075
2026-05-23 20:30:00+08:00,27.95,71.4,418.0,0,2.906
2026-05-23 20:30:00+08:00,27.95,71.4,418.0,0,2.906
2026-05-23 20:35:00+08:00,27.92,74.2,417.0,0,2.991
2026-05-23 20:40:00+08:00,28.49,68.3,414.0,0,3.248
2026-05-23 20:45:00+08:00,27.46,74.9,419.0,0,2.781
2026-05-23 20:50:00+08:00,27.03,75.9,420.0,0,3.188
2026-05-23 20:55:00+08:00,26.45,76.9,427.0,0,2.807
2026-05-23 21:00:00+08:00,26.79,73.0,431.0,0,2.597
2026-05-23 21:05:00+08:00,26.97,69.6,430.0,0,2.538
2026-05-23 21:10:00+08:00,28.18,73.5,422.0,0,2.99
2026-05-23 21:15:00+08:00,27.49,73.8,424.0,0,2.792
2026-05-23 21:20:00+08:00,26.91,74.7,425.0,0,3.036
2026-05-23 21:25:00+08:00,27.15,72.4,430.0,0,2.875
2026-05-23 21:30:00+08:00,26.63,76.4,426.0,0,2.443
2026-05-23 21:35:00+08:00,26.78,74.1,425.0,0,2.665
2026-05-23 21:40:00+08:00,27.54,74.3,430.0,0,3.079
2026-05-23 21:45:00+08:00,27.16,76.4,438.0,0,2.546
2026-05-23 21:50:00+08:00,26.09,78.2,440.0,0,2.495
2026-05-23 21:55:00+08:00,26.8,78.3,441.0,0,2.941
2026-05-23 22:00:00+08:00,26.04,79.3,443.0,0,2.729
2026-05-23 22:00:00+08:00,26.04,79.3,443.0,0,2.729
2026-05-23 22:05:00+08:00,26.49,76.3,439.0,0,2.358
2026-05-23 22:10:00+08:00,26.46,75.7,447.0,0,2.17
2026-05-23 22:15:00+08:00,26.39,72.4,445.0,0,2.933
2026-05-23 22:20:00+08:00,26.69,73.8,443.0,0,2.588
2026-05-23 22:25:00+08:00,26.12,75.6,441.0,0,2.565
2026-05-23 22:30:00+08:00,25.92,75.1,438.0,0,2.472
2026-05-23 22:35:00+08:00,26.38,74.6,439.0,0,2.752
2026-05-23 22:40:00+08:00,25.75,75.0,434.0,0,2.329
2026-05-23 22:45:00+08:00,25.73,78.9,433.0,0,2.552
2026-05-23 22:50:00+08:00,25.64,77.8,428.0,0,2.744
2026-05-23 22:55:00+08:00,25.42,74.5,424.0,0,2.479
2026-05-23 23:00:00+08:00,25.4,77.8,418.0,0,2.385
2026-05-23 23:05:00+08:00,25.89,77.0,427.0,0,2.04
2026-05-23 23:10:00+08:00,25.72,71.7,434.0,0,2.266
2026-05-23 23:15:00+08:00,25.11,75.6,423.0,0,2.304
2026-05-23 23:20:00+08:00,26.24,72.7,425.0,0,2.746
2026-05-23 23:25:00+08:00,25.43,79.6,423.0,0,2.322
2026-05-23 23:30:00+08:00,24.96,80.6,433.0,0,2.503
2026-05-23 23:35:00+08:00,24.99,75.9,428.0,0,2.307
2026-05-23 23:40:00+08:00,26.17,75.2,433.0,0,2.287
2026-05-23 23:45:00+08:00,24.63,77.2,430.0,0,2.171
2026-05-23 23:50:00+08:00,24.87,80.0,431.0,0,1.794
2026-05-23 23:55:00+08:00,24.86,77.8,427.0,0,2.296
2026-05-24 00:00:00+08:00,24.83,77.6,430.0,0,2.35
2026-05-24 00:05:00+08:00,25.52,74.3,435.0,0,2.801
2026-05-24 00:10:00+08:00,25.73,74.1,432.0,0,2.164
2026-05-24 00:15:00+08:00,25.04,75.3,435.0,0,2.085
2026-05-24 00:20:00+08:00,24.9,78.2,439.0,0,1.924
2026-05-24 00:25:00+08:00,25.03,73.7,443.0,0,2.142
2026-05-24 00:30:00+08:00,24.97,79.4,436.0,0,2.09
2026-05-24 00:35:00+08:00,24.07,79.7,439.0,0,1.807
2026-05-24 00:40:00+08:00,24.61,76.1,438.0,0,1.649
2026-05-24 00:45:00+08:00,24.64,76.4,439.0,0,2.139
2026-05-24 00:50:00+08:00,25.0,79.8,440.0,0,2.106
2026-05-24 00:55:00+08:00,24.27,82.4,438.0,0,1.836
2026-05-24 01:00:00+08:00,24.65,79.6,439.0,0,2.086
2026-05-24 01:05:00+08:00,23.95,74.6,438.0,0,1.579
2026-05-24 01:10:00+08:00,24.51,81.9,445.0,0,1.867
2026-05-24 01:15:00+08:00,23.81,78.2,441.0,0,2.087
2026-05-24 01:20:00+08:00,24.64,76.4,447.0,0,1.977
2026-05-24 01:25:00+08:00,24.61,77.8,438.0,0,1.823
2026-05-24 01:30:00+08:00,24.77,77.4,442.0,0,2.211
2026-05-24 01:35:00+08:00,24.04,81.6,439.0,0,2.183
2026-05-24 01:40:00+08:00,24.76,78.9,439.0,0,1.87
2026-05-24 01:45:00+08:00,23.47,80.5,430.0,0,1.836
2026-05-24 01:50:00+08:00,24.35,81.7,427.0,0,2.092
2026-05-24 01:55:00+08:00,24.16,78.1,429.0,0,1.823
2026-05-24 02:00:00+08:00,23.18,85.1,420.0,0,1.752
2026-05-24 02:05:00+08:00,24.0,81.0,424.0,0,1.942
2026-05-24 02:10:00+08:00,24.79,79.1,421.0,0,2.037
2026-05-24 02:15:00+08:00,23.94,76.8,420.0,0,1.589
2026-05-24 02:20:00+08:00,24.2,81.8,422.0,0,1.751
2026-05-24 02:25:00+08:00,24.13,76.4,419.0,0,1.804
2026-05-24 02:30:00+08:00,24.09,86.1,425.0,0,1.528
2026-05-24 02:35:00+08:00,23.93,79.6,429.0,0,1.91
2026-05-24 02:40:00+08:00,23.85,80.2,429.0,0,1.935
2026-05-24 02:45:00+08:00,23.44,80.9,429.0,0,1.736
2026-05-24 02:50:00+08:00,23.92,84.2,427.0,0,1.936
2026-05-24 02:55:00+08:00,23.64,80.3,424.0,0,1.626
2026-05-24 03:00:00+08:00,23.74,79.3,421.0,0,1.719
2026-05-24 03:05:00+08:00,23.87,77.2,421.0,0,1.611
2026-05-24 03:10:00+08:00,23.75,79.2,424.0,0,1.734
2026-05-24 03:15:00+08:00,23.9,78.2,417.0,0,1.872
2026-05-24 03:20:00+08:00,24.56,77.3,421.0,0,1.916
2026-05-24 03:25:00+08:00,24.28,78.2,423.0,0,1.69
2026-05-24 03:30:00+08:00,23.77,79.6,418.0,0,1.503
2026-05-24 03:35:00+08:00,24.07,82.3,418.0,0,2.001
2026-05-24 03:40:00+08:00,24.09,78.0,415.0,0,1.899
2026-05-24 03:45:00+08:00,24.3,80.9,413.0,0,1.993
2026-05-24 03:50:00+08:00,24.1,79.2,427.0,0,1.493
2026-05-24 03:50:00+08:00,24.1,79.2,427.0,0,1.493
2026-05-24 03:55:00+08:00,24.78,-999.0,423.0,0,1.967
2026-05-24 03:55:00+08:00,24.78,79.4,423.0,0,1.967
2026-05-24 04:00:00+08:00,24.52,77.0,417.0,0,1.75
2026-05-24 04:05:00+08:00,22.93,78.3,421.0,0,1.548
2026-05-24 04:10:00+08:00,23.69,76.1,421.0,0,1.693
2026-05-24 04:15:00+08:00,23.74,82.1,416.0,0,1.77
2026-05-24 04:20:00+08:00,23.85,79.2,428.0,0,1.414
2026-05-24 04:25:00+08:00,23.68,72.4,427.0,0,1.573
2026-05-24 04:30:00+08:00,23.86,79.8,423.0,0,1.725
2026-05-24 04:35:00+08:00,24.64,77.7,421.0,0,2.255
2026-05-24 04:40:00+08:00,24.91,79.0,420.0,0,1.927
2026-05-24 04:45:00+08:00,24.29,81.6,420.0,0,1.91
2026-05-24 04:50:00+08:00,23.72,80.5,416.0,0,2.178
2026-05-24 04:55:00+08:00,24.42,81.0,426.0,0,2.001
2026-05-24 05:00:00+08:00,24.57,82.7,421.0,0,1.933
2026-05-24 05:05:00+08:00,23.88,80.4,417.0,0,2.04
2026-05-24 05:10:00+08:00,24.69,77.8,423.0,0,2.176
2026-05-24 05:15:00+08:00,24.28,79.4,425.0,0,1.653
2026-05-24 05:20:00+08:00,24.65,80.4,414.0,0,2.416
2026-05-24 05:25:00+08:00,24.9,78.8,411.0,0,1.877
2026-05-24 05:30:00+08:00,23.89,81.6,409.0,0,2.101
2026-05-24 05:35:00+08:00,24.44,83.7,412.0,0,2.358
2026-05-24 05:40:00+08:00,24.6,81.1,416.0,0,2.05
2026-05-24 05:45:00+08:00,25.29,72.0,418.0,0,2.331
2026-05-24 05:50:00+08:00,25.35,78.2,409.0,0,2.186
2026-05-24 05:50:00+08:00,25.35,78.2,409.0,0,2.186
2026-05-24 05:55:00+08:00,25.17,74.3,417.0,0,2.494
2026-05-24 06:00:00+08:00,24.8,75.2,422.0,0,1.982
2026-05-24 06:05:00+08:00,25.68,76.0,426.0,0,2.39
2026-05-24 06:10:00+08:00,25.09,79.0,426.0,0,2.197
2026-05-24 06:15:00+08:00,25.14,78.3,416.0,0,2.423
2026-05-24 06:20:00+08:00,24.41,77.4,429.0,0,2.117
2026-05-24 06:25:00+08:00,25.28,80.0,432.0,0,2.484
2026-05-24 06:30:00+08:00,25.04,75.3,435.0,0,2.387
2026-05-24 06:35:00+08:00,24.93,76.8,429.0,0,1.867
2026-05-24 06:40:00+08:00,25.64,79.6,433.0,0,2.534
2026-05-24 06:45:00+08:00,25.77,77.2,430.0,0,2.558
2026-05-24 06:50:00+08:00,25.69,76.8,421.0,0,2.735
2026-05-24 06:55:00+08:00,25.7,78.5,425.0,0,2.134
2026-05-24 07:00:00+08:00,25.61,77.9,424.0,0,2.514
2026-05-24 07:05:00+08:00,25.91,77.7,430.0,0,2.097
2026-05-24 07:10:00+08:00,26.56,76.5,428.0,0,2.713
2026-05-24 07:15:00+08:00,25.87,72.9,436.0,0,2.825
2026-05-24 07:20:00+08:00,26.31,78.2,440.0,0,2.602
2026-05-24 07:25:00+08:00,26.28,83.3,433.0,0,2.75
2026-05-24 07:30:00+08:00,26.29,74.1,423.0,0,2.635
2026-05-24 07:35:00+08:00,26.01,75.8,424.0,0,2.578
2026-05-24 07:40:00+08:00,26.15,78.0,422.0,0,2.555
2026-05-24 07:45:00+08:00,26.71,72.5,419.0,0,2.458
2026-05-24 07:50:00+08:00,25.31,74.6,419.0,0,2.117
2026-05-24 07:55:00+08:00,27.13,77.3,419.0,0,2.821
2026-05-24 08:00:00+08:00,26.31,79.0,416.0,0,2.647
2026-05-24 08:05:00+08:00,26.12,79.5,416.0,0,2.915
2026-05-24 08:10:00+08:00,26.45,77.7,415.0,0,2.718
2026-05-24 08:15:00+08:00,26.12,76.0,420.0,0,2.661
2026-05-24 08:20:00+08:00,26.56,74.6,424.0,0,2.687
2026-05-24 08:20:00+08:00,26.56,74.6,424.0,0,2.687
2026-05-24 08:25:00+08:00,26.16,83.8,423.0,0,2.842
2026-05-24 08:30:00+08:00,26.76,73.4,426.0,0,2.481
2026-05-24 08:35:00+08:00,27.34,73.7,427.0,0,2.733
2026-05-24 08:40:00+08:00,25.75,74.4,427.0,0,2.836
2026-05-24 08:45:00+08:00,27.0,73.3,419.0,0,3.121
2026-05-24 08:50:00+08:00,27.01,76.0,414.0,0,2.784
2026-05-24 08:55:00+08:00,27.63,72.3,417.0,0,2.883
2026-05-24 09:00:00+08:00,27.29,73.7,420.0,0,3.075
2026-05-24 09:05:00+08:00,26.37,77.5,414.0,0,3.118
2026-05-24 09:10:00+08:00,27.63,72.0,420.0,0,2.939
2026-05-24 09:15:00+08:00,27.61,73.2,417.0,0,3.08
2026-05-24 09:20:00+08:00,27.56,70.0,416.0,0,2.809
2026-05-24 09:25:00+08:00,27.94,71.7,418.0,0,3.22
2026-05-24 09:30:00+08:00,27.55,72.7,421.0,0,2.777
2026-05-24 09:35:00+08:00,27.99,72.3,424.0,0,3.267
2026-05-24 09:40:00+08:00,28.16,69.0,414.0,0,2.848
2026-05-24 09:45:00+08:00,27.74,74.7,417.0,0,3.282
2026-05-24 09:50:00+08:00,28.0,71.6,427.0,0,3.278
2026-05-24 09:55:00+08:00,27.22,74.4,428.0,0,3.092
2026-05-24 10:00:00+08:00,28.4,74.7,421.0,0,3.325
2026-05-24 10:05:00+08:00,28.64,71.2,423.0,0,3.541
2026-05-24 10:10:00+08:00,28.75,70.0,428.0,0,3.406
2026-05-24 10:15:00+08:00,28.44,70.6,426.0,0,3.19
2026-05-24 10:20:00+08:00,28.36,67.9,426.0,0,3.153
2026-05-24 10:25:00+08:00,29.3,72.5,428.0,0,3.672
2026-05-24 10:30:00+08:00,28.61,69.5,433.0,0,3.223
2026-05-24 10:35:00+08:00,28.71,70.1,430.0,0,3.041
2026-05-24 10:40:00+08:00,29.41,69.1,434.0,0,3.488
2026-05-24 10:45:00+08:00,28.96,68.9,439.0,0,3.205
2026-05-24 10:50:00+08:00,29.39,69.2,432.0,0,3.037
2026-05-24 10:55:00+08:00,29.32,67.5,436.0,0,3.51
2026-05-24 11:00:00+08:00,28.68,72.9,430.0,0,3.073
2026-05-24 11:05:00+08:00,29.29,67.6,430.0,0,3.87
2026-05-24 11:10:00+08:00,28.97,68.9,440.0,0,3.347
2026-05-24 11:15:00+08:00,28.18,72.4,431.0,0,3.337
2026-05-24 11:20:00+08:00,28.86,69.5,429.0,0,2.866
2026-05-24 11:25:00+08:00,30.5,72.9,430.0,0,4.151
2026-05-24 11:30:00+08:00,29.66,67.2,429.0,0,3.55
2026-05-24 11:35:00+08:00,29.83,67.5,425.0,0,3.59
2026-05-24 11:40:00+08:00,29.7,70.1,425.0,0,3.642
2026-05-24 11:45:00+08:00,29.4,69.9,422.0,0,3.592
2026-05-24 11:50:00+08:00,28.99,70.5,419.0,0,3.499
2026-05-24 11:55:00+08:00,29.08,68.3,426.0,0,3.396
2026-05-24 12:00:00+08:00,30.08,68.7,430.0,0,3.821
2026-05-24 12:05:00+08:00,29.85,66.2,432.0,0,3.795
2026-05-24 12:10:00+08:00,29.27,73.2,432.0,0,3.59
2026-05-24 12:15:00+08:00,30.44,71.3,437.0,0,3.865
2026-05-24 12:20:00+08:00,30.05,69.5,436.0,0,3.72
2026-05-24 12:25:00+08:00,29.95,71.6,441.0,0,3.444
2026-05-24 12:30:00+08:00,29.89,70.8,439.0,0,3.472
2026-05-24 12:35:00+08:00,30.8,69.4,442.0,0,3.759
2026-05-24 12:40:00+08:00,30.08,71.4,442.0,0,3.57
2026-05-24 12:45:00+08:00,29.36,71.7,443.0,0,4.066
2026-05-24 12:50:00+08:00,31.39,64.5,436.0,0,4.321
2026-05-24 12:55:00+08:00,30.74,68.6,433.0,0,4.061
2026-05-24 13:00:00+08:00,31.49,66.7,427.0,0,4.128
2026-05-24 13:05:00+08:00,29.73,69.0,421.0,0,3.59
2026-05-24 13:10:00+08:00,30.11,71.4,418.0,0,4.179
2026-05-24 13:15:00+08:00,30.47,70.2,426.0,0,3.96
2026-05-24 13:20:00+08:00,30.14,69.7,427.0,0,3.592
2026-05-24 13:25:00+08:00,30.11,69.4,426.0,0,3.69
2026-05-24 13:30:00+08:00,30.68,70.3,430.0,0,4.13
2026-05-24 13:35:00+08:00,30.5,67.1,428.0,0,3.967
2026-05-24 13:40:00+08:00,30.47,66.4,428.0,0,4.047
2026-05-24 13:45:00+08:00,30.6,66.4,425.0,0,4.14
2026-05-24 13:50:00+08:00,30.13,71.0,422.0,0,3.854
2026-05-24 13:55:00+08:00,30.5,70.5,420.0,0,3.999
2026-05-24 14:00:00+08:00,29.97,70.0,417.0,0,3.909
2026-05-24 14:05:00+08:00,31.11,69.1,412.0,0,3.916
2026-05-24 14:10:00+08:00,30.28,66.3,409.0,0,4.06
2026-05-24 14:15:00+08:00,30.69,65.3,415.0,0,4.245
2026-05-24 14:20:00+08:00,30.63,67.9,416.0,0,3.71
2026-05-24 14:25:00+08:00,30.87,69.2,423.0,0,4.047
2026-05-24 14:30:00+08:00,31.08,62.5,423.0,0,4.212
2026-05-24 14:35:00+08:00,30.4,66.7,425.0,0,3.654
2026-05-24 14:40:00+08:00,31.07,63.4,422.0,0,3.924
2026-05-24 14:45:00+08:00,30.49,72.9,423.0,0,4.022
2026-05-24 14:50:00+08:00,30.75,70.0,425.0,0,4.339
2026-05-24 14:55:00+08:00,31.0,66.7,431.0,0,4.438
2026-05-24 15:00:00+08:00,30.49,68.5,423.0,0,4.05
2026-05-24 15:05:00+08:00,31.32,70.0,421.0,0,4.248
2026-05-24 15:10:00+08:00,30.71,65.6,413.0,0,4.27
2026-05-24 15:15:00+08:00,30.96,70.3,413.0,0,3.921
2026-05-24 15:20:00+08:00,31.16,70.7,414.0,0,4.271
2026-05-24 15:25:00+08:00,30.89,67.1,415.0,0,4.427
2026-05-24 15:30:00+08:00,30.68,64.1,410.0,0,4.358
2026-05-24 15:35:00+08:00,30.64,65.4,408.0,0,3.857
2026-05-24 15:40:00+08:00,30.45,69.6,410.0,0,4.356
2026-05-24 15:45:00+08:00,30.46,68.1,413.0,0,4.255
2026-05-24 15:50:00+08:00,30.15,70.7,419.0,0,3.868
2026-05-24 15:55:00+08:00,29.87,67.0,425.0,0,3.809
2026-05-24 16:00:00+08:00,30.93,65.9,432.0,0,4.025
2026-05-24 16:05:00+08:00,30.86,71.2,430.0,0,4.342
2026-05-24 16:10:00+08:00,30.2,67.6,432.0,0,3.288
2026-05-24 16:15:00+08:00,30.74,67.2,436.0,0,4.052
2026-05-24 16:20:00+08:00,30.5,68.4,432.0,0,3.95
2026-05-24 16:25:00+08:00,30.7,65.8,428.0,0,3.939
2026-05-24 16:30:00+08:00,30.79,67.9,426.0,0,3.829
2026-05-24 16:35:00+08:00,29.69,70.6,425.0,0,3.753
2026-05-24 16:40:00+08:00,30.03,68.7,423.0,0,3.913
2026-05-24 16:40:00+08:00,30.03,68.7,423.0,0,3.913
2026-05-24 16:45:00+08:00,30.11,68.8,421.0,0,4.067
2026-05-24 16:50:00+08:00,29.73,70.6,420.0,0,3.657
2026-05-24 16:55:00+08:00,30.49,64.8,420.0,0,4.47
2026-05-24 17:00:00+08:00,30.48,70.0,422.0,0,3.62
2026-05-24 17:05:00+08:00,30.17,64.5,420.0,0,3.897
2026-05-24 17:10:00+08:00,30.14,70.3,426.0,0,3.751
2026-05-24 17:15:00+08:00,29.75,66.5,427.0,0,3.94
2026-05-24 17:20:00+08:00,30.11,64.0,424.0,0,3.917
2026-05-24 17:25:00+08:00,29.79,68.6,422.0,0,3.74
2026-05-24 17:30:00+08:00,29.39,72.1,420.0,0,3.897
2026-05-24 17:35:00+08:00,29.86,71.4,422.0,0,3.518
2026-05-24 17:40:00+08:00,29.36,69.3,424.0,0,3.67
2026-05-24 17:45:00+08:00,30.11,69.1,415.0,0,3.449
2026-05-24 17:50:00+08:00,29.13,69.7,416.0,0,3.699
2026-05-24 17:55:00+08:00,30.11,65.9,415.0,0,3.61
2026-05-24 18:00:00+08:00,29.11,71.0,415.0,0,3.398
2026-05-24 18:05:00+08:00,30.15,70.7,413.0,0,4.123
2026-05-24 18:10:00+08:00,29.48,68.0,411.0,0,3.511
2026-05-24 18:15:00+08:00,29.03,71.9,412.0,0,3.475
2026-05-24 18:20:00+08:00,29.51,70.3,410.0,0,3.393
2026-05-24 18:25:00+08:00,29.6,69.9,414.0,0,3.858
2026-05-24 18:30:00+08:00,29.84,67.1,416.0,0,3.716
2026-05-24 18:35:00+08:00,29.05,70.5,419.0,0,3.939
2026-05-24 18:40:00+08:00,29.08,69.3,414.0,0,2.934
2026-05-24 18:45:00+08:00,29.17,70.1,416.0,0,3.576
2026-05-24 18:50:00+08:00,29.02,70.2,415.0,0,3.472
2026-05-24 18:55:00+08:00,28.87,65.9,414.0,0,3.384
2026-05-24 19:00:00+08:00,28.08,72.6,414.0,0,3.583
2026-05-24 19:05:00+08:00,28.11,72.2,412.0,0,3.591
2026-05-24 19:10:00+08:00,28.88,68.6,417.0,0,3.467
2026-05-24 19:15:00+08:00,28.91,72.4,418.0,0,3.517
2026-05-24 19:20:00+08:00,28.45,74.3,422.0,0,3.375
2026-05-24 19:25:00+08:00,28.93,74.9,423.0,0,3.351
2026-05-24 19:30:00+08:00,28.18,72.4,421.0,0,3.463
2026-05-24 19:35:00+08:00,27.33,72.6,413.0,0,3.302
2026-05-24 19:40:00+08:00,28.63,74.3,411.0,0,3.068
2026-05-24 19:45:00+08:00,29.35,72.2,410.0,0,3.479
2026-05-24 19:50:00+08:00,27.91,71.2,408.0,0,3.014
2026-05-24 19:55:00+08:00,28.04,72.7,412.0,0,3.483
2026-05-24 20:00:00+08:00,28.18,72.0,413.0,0,3.274
2026-05-24 20:05:00+08:00,28.24,73.2,412.0,0,3.229
2026-05-24 20:10:00+08:00,27.64,74.1,402.0,0,3.277
2026-05-24 20:15:00+08:00,28.16,69.4,408.0,0,3.255
2026-05-24 20:20:00+08:00,28.25,76.9,418.0,0,3.143
2026-05-24 20:25:00+08:00,27.78,68.2,423.0,0,2.839
2026-05-24 20:30:00+08:00,27.6,74.7,423.0,0,3.118
2026-05-24 20:35:00+08:00,27.61,74.2,414.0,0,3.06
2026-05-24 20:40:00+08:00,27.56,71.8,424.0,0,2.848
2026-05-24 20:45:00+08:00,27.5,71.5,421.0,0,3.088
2026-05-24 20:50:00+08:00,27.63,70.6,423.0,0,3.349
2026-05-24 20:55:00+08:00,27.29,74.4,434.0,0,2.906
2026-05-24 21:00:00+08:00,27.29,75.1,425.0,0,2.912
2026-05-24 21:05:00+08:00,27.67,72.6,426.0,0,2.917
2026-05-24 21:10:00+08:00,27.11,75.7,427.0,0,3.061
2026-05-24 21:15:00+08:00,26.49,74.3,425.0,0,2.702
2026-05-24 21:20:00+08:00,27.27,69.5,422.0,0,2.704
2026-05-24 21:25:00+08:00,26.77,72.6,427.0,0,2.796
2026-05-24 21:30:00+08:00,26.9,75.9,427.0,0,2.913
2026-05-24 21:35:00+08:00,26.92,70.0,428.0,0,2.827
2026-05-24 21:40:00+08:00,26.34,74.9,426.0,0,2.463
2026-05-24 21:45:00+08:00,25.81,73.3,427.0,0,2.378
2026-05-24 21:50:00+08:00,26.79,76.2,430.0,0,2.737
2026-05-24 21:55:00+08:00,26.64,75.9,426.0,0,2.862
2026-05-24 22:00:00+08:00,26.06,76.5,430.0,0,2.875
2026-05-24 22:05:00+08:00,26.46,75.0,436.0,0,2.473
2026-05-24 22:10:00+08:00,26.66,75.4,437.0,0,2.357
2026-05-24 22:15:00+08:00,26.16,73.0,439.0,0,2.643
2026-05-24 22:20:00+08:00,26.53,74.7,440.0,0,2.614
2026-05-24 22:25:00+08:00,25.74,73.6,444.0,0,2.365
2026-05-24 22:30:00+08:00,25.88,74.7,439.0,0,2.643
2026-05-24 22:35:00+08:00,26.69,76.1,438.0,0,2.439
2026-05-24 22:40:00+08:00,25.38,80.5,431.0,0,2.449
2026-05-24 22:45:00+08:00,25.74,77.0,435.0,0,2.488
2026-05-24 22:50:00+08:00,25.2,73.9,439.0,0,2.024
2026-05-24 22:55:00+08:00,25.26,78.8,443.0,0,2.216
2026-05-24 23:00:00+08:00,25.33,79.1,444.0,0,2.225
2026-05-24 23:05:00+08:00,25.57,72.2,436.0,0,2.359
2026-05-24 23:10:00+08:00,25.67,77.7,442.0,0,2.181
2026-05-24 23:15:00+08:00,25.6,76.2,439.0,0,2.061
2026-05-24 23:20:00+08:00,25.74,76.4,426.0,0,2.227
2026-05-24 23:25:00+08:00,25.58,79.7,425.0,0,2.039
2026-05-24 23:30:00+08:00,24.53,78.4,429.0,0,2.243
2026-05-24 23:35:00+08:00,24.91,80.0,424.0,0,1.996
2026-05-24 23:40:00+08:00,24.75,77.2,422.0,0,2.486
2026-05-24 23:45:00+08:00,25.22,77.2,416.0,0,2.433
2026-05-24 23:50:00+08:00,24.61,80.3,415.0,0,2.074
2026-05-24 23:55:00+08:00,25.39,76.1,417.0,0,2.195
2026-05-25 00:00:00+08:00,24.68,82.5,420.0,0,2.022
2026-05-25 00:05:00+08:00,24.44,79.8,423.0,0,2.286
2026-05-25 00:10:00+08:00,24.42,78.9,423.0,0,1.859
2026-05-25 00:15:00+08:00,24.92,75.0,431.0,0,2.346
2026-05-25 00:20:00+08:00,24.77,76.9,420.0,0,2.077
2026-05-25 00:25:00+08:00,24.94,78.7,412.0,0,1.966
2026-05-25 00:30:00+08:00,24.62,75.9,412.0,0,2.241
2026-05-25 00:35:00+08:00,24.88,72.9,417.0,0,2.363
2026-05-25 00:40:00+08:00,24.32,79.1,418.0,0,1.881
2026-05-25 00:45:00+08:00,23.86,81.0,421.0,0,1.81
2026-05-25 00:50:00+08:00,24.4,79.1,424.0,0,2.225
2026-05-25 00:55:00+08:00,24.28,78.2,422.0,0,2.044
2026-05-25 01:00:00+08:00,24.39,79.4,427.0,0,1.952
2026-05-25 01:05:00+08:00,24.36,79.4,428.0,0,1.924
2026-05-25 01:10:00+08:00,24.15,80.1,426.0,0,1.758
2026-05-25 01:15:00+08:00,24.42,79.2,421.0,0,1.827
2026-05-25 01:20:00+08:00,23.89,78.4,417.0,0,1.899
2026-05-25 01:25:00+08:00,24.5,76.5,417.0,0,2.279
2026-05-25 01:30:00+08:00,23.88,80.1,420.0,0,1.895
2026-05-25 01:35:00+08:00,24.7,73.9,412.0,0,1.75
2026-05-25 01:40:00+08:00,24.34,76.3,410.0,0,1.798
2026-05-25 01:45:00+08:00,23.63,82.8,406.0,0,1.725
2026-05-25 01:50:00+08:00,24.53,78.0,402.0,0,1.935
2026-05-25 01:55:00+08:00,24.24,77.8,398.0,0,1.954
2026-05-25 02:00:00+08:00,23.81,77.7,404.0,0,1.468
2026-05-25 02:05:00+08:00,23.55,80.0,411.0,0,1.634
2026-05-25 02:10:00+08:00,23.99,79.7,413.0,0,1.872
2026-05-25 02:15:00+08:00,23.86,82.4,415.0,0,2.009
2026-05-25 02:20:00+08:00,23.77,78.0,416.0,0,1.732
2026-05-25 02:25:00+08:00,24.36,77.5,412.0,0,1.899
2026-05-25 02:30:00+08:00,24.31,80.6,410.0,0,1.847
2026-05-25 02:35:00+08:00,23.68,81.4,405.0,0,1.942
2026-05-25 02:40:00+08:00,24.29,77.3,405.0,0,1.815
2026-05-25 02:45:00+08:00,23.56,78.9,398.0,0,1.971
2026-05-25 02:50:00+08:00,23.32,78.7,407.0,0,1.912
2026-05-25 02:55:00+08:00,23.68,79.8,402.0,0,1.862
2026-05-25 03:00:00+08:00,23.9,80.6,406.0,0,1.853
2026-05-25 03:05:00+08:00,24.56,82.6,406.0,0,1.452
2026-05-25 03:10:00+08:00,23.27,83.4,404.0,0,1.789
2026-05-25 03:15:00+08:00,23.57,84.7,412.0,0,1.247
2026-05-25 03:20:00+08:00,24.41,79.8,417.0,0,2.095
2026-05-25 03:25:00+08:00,24.11,75.4,412.0,0,2.012
2026-05-25 03:30:00+08:00,23.91,77.8,412.0,0,1.816
2026-05-25 03:35:00+08:00,23.28,81.0,412.0,0,1.932
2026-05-25 03:40:00+08:00,23.61,81.8,405.0,0,1.785
2026-05-25 03:45:00+08:00,23.71,77.6,405.0,0,1.385
2026-05-25 03:50:00+08:00,24.23,77.6,415.0,0,1.938
2026-05-25 03:55:00+08:00,24.49,75.5,407.0,0,2.281
2026-05-25 04:00:00+08:00,23.52,79.5,414.0,0,1.71
2026-05-25 04:05:00+08:00,24.03,82.6,423.0,0,1.812
2026-05-25 04:10:00+08:00,24.21,77.4,420.0,0,1.809
2026-05-25 04:15:00+08:00,24.19,75.8,419.0,0,1.697
2026-05-25 04:20:00+08:00,24.52,76.6,420.0,0,2.109
2026-05-25 04:25:00+08:00,24.21,79.6,427.0,0,1.836
2026-05-25 04:30:00+08:00,23.76,80.6,424.0,0,1.901
2026-05-25 04:35:00+08:00,24.34,76.9,431.0,0,1.946
2026-05-25 04:40:00+08:00,24.39,79.1,437.0,0,1.84
2026-05-25 04:45:00+08:00,24.02,76.8,433.0,0,1.737
2026-05-25 04:50:00+08:00,24.54,79.8,432.0,0,2.063
2026-05-25 04:55:00+08:00,24.51,78.7,422.0,0,2.212
2026-05-25 05:00:00+08:00,24.36,83.5,422.0,0,1.983
2026-05-25 05:05:00+08:00,24.49,79.5,424.0,0,2.024
2026-05-25 05:10:00+08:00,23.95,77.8,429.0,0,1.978
2026-05-25 05:15:00+08:00,24.59,81.7,429.0,0,1.809
2026-05-25 05:20:00+08:00,24.42,74.1,438.0,0,1.979
2026-05-25 05:25:00+08:00,24.39,79.0,440.0,0,2.196
2026-05-25 05:30:00+08:00,24.25,80.9,440.0,0,2.185
2026-05-25 05:35:00+08:00,24.72,77.2,445.0,0,1.649
2026-05-25 05:40:00+08:00,25.18,74.2,442.0,0,2.238
2026-05-25 05:45:00+08:00,24.85,77.6,439.0,0,2.192
2026-05-25 05:50:00+08:00,25.5,77.5,439.0,0,2.429
2026-05-25 05:55:00+08:00,24.05,83.3,433.0,0,2.081
2026-05-25 06:00:00+08:00,25.0,75.7,430.0,0,2.126
2026-05-25 06:05:00+08:00,24.59,80.1,418.0,0,1.834
2026-05-25 06:10:00+08:00,24.73,75.7,420.0,0,2.15
2026-05-25 06:15:00+08:00,24.69,75.7,423.0,0,1.871
2026-05-25 06:20:00+08:00,25.33,77.8,424.0,0,2.148
2026-05-25 06:25:00+08:00,25.01,74.1,421.0,0,2.002
2026-05-25 06:30:00+08:00,25.45,76.8,428.0,0,2.224
2026-05-25 06:35:00+08:00,25.1,81.4,421.0,0,2.169
2026-05-25 06:40:00+08:00,24.76,80.5,427.0,0,2.256
2026-05-25 06:40:00+08:00,24.76,80.5,427.0,0,2.256
2026-05-25 06:45:00+08:00,24.82,78.0,427.0,0,2.434
2026-05-25 06:50:00+08:00,25.07,76.8,423.0,0,2.038
2026-05-25 06:55:00+08:00,25.92,72.4,423.0,0,2.62
2026-05-25 07:00:00+08:00,26.1,72.7,422.0,0,2.379
2026-05-25 07:05:00+08:00,25.64,73.7,410.0,0,2.398
2026-05-25 07:10:00+08:00,26.21,78.6,405.0,0,2.742
2026-05-25 07:15:00+08:00,25.94,75.9,406.0,0,2.803
2026-05-25 07:20:00+08:00,26.23,78.5,410.0,0,2.574
2026-05-25 07:25:00+08:00,26.17,74.1,413.0,0,2.853
2026-05-25 07:30:00+08:00,25.13,76.2,411.0,0,2.319
2026-05-25 07:35:00+08:00,26.25,75.9,409.0,0,2.448
2026-05-25 07:40:00+08:00,25.94,72.5,407.0,0,2.415
2026-05-25 07:45:00+08:00,26.2,75.6,402.0,0,2.625
2026-05-25 07:50:00+08:00,26.79,77.1,404.0,0,2.537
2026-05-25 07:55:00+08:00,26.46,74.2,406.0,0,2.707
2026-05-25 08:00:00+08:00,22.93,82.0,485.0,37,7.843
2026-05-25 08:05:00+08:00,22.14,87.5,561.0,38,7.802
2026-05-25 08:10:00+08:00,23.5,79.1,614.0,32,7.488
2026-05-25 08:15:00+08:00,22.73,82.8,662.0,33,7.389
2026-05-25 08:20:00+08:00,22.74,81.8,713.0,37,7.758
2026-05-25 08:25:00+08:00,22.55,85.0,723.0,17,6.922
2026-05-25 08:30:00+08:00,22.92,80.2,747.0,27,7.436
2026-05-25 08:35:00+08:00,23.12,81.1,770.0,25,7.328
2026-05-25 08:40:00+08:00,23.69,79.2,792.0,24,7.597
2026-05-25 08:45:00+08:00,24.26,77.4,820.0,28,7.497
2026-05-25 08:50:00+08:00,23.27,84.5,836.0,27,7.631
2026-05-25 08:55:00+08:00,23.4,79.1,849.0,29,7.698
2026-05-25 09:00:00+08:00,23.35,79.2,865.0,30,7.979
2026-05-25 09:05:00+08:00,24.27,76.9,880.0,30,7.934
2026-05-25 09:10:00+08:00,24.82,76.6,902.0,29,8.04
2026-05-25 09:15:00+08:00,24.74,83.2,923.0,29,8.037
2026-05-25 09:20:00+08:00,23.45,79.9,916.0,24,7.439
2026-05-25 09:25:00+08:00,23.51,80.5,943.0,34,7.631
2026-05-25 09:30:00+08:00,24.22,80.0,962.0,34,7.763
2026-05-25 09:35:00+08:00,23.97,80.1,968.0,25,7.749
2026-05-25 09:40:00+08:00,23.72,79.7,952.0,20,7.392
2026-05-25 09:45:00+08:00,23.55,81.4,971.0,35,8.084
2026-05-25 09:50:00+08:00,24.6,78.2,971.0,24,7.811
2026-05-25 09:55:00+08:00,24.03,83.2,972.0,27,7.942
2026-05-25 10:00:00+08:00,24.63,78.5,997.0,36,8.369
2026-05-25 10:05:00+08:00,25.06,75.0,1023.0,39,8.56
2026-05-25 10:10:00+08:00,24.36,77.8,1003.0,17,7.345
2026-05-25 10:15:00+08:00,24.34,75.4,998.0,26,7.637
2026-05-25 10:20:00+08:00,24.7,77.0,1012.0,36,8.356
2026-05-25 10:25:00+08:00,25.06,81.9,1022.0,33,8.38
2026-05-25 10:30:00+08:00,24.88,74.4,1031.0,30,7.813
2026-05-25 10:35:00+08:00,24.63,79.9,1035.0,37,8.696
2026-05-25 10:40:00+08:00,24.26,79.5,998.0,16,7.694
2026-05-25 10:45:00+08:00,24.84,80.6,1028.0,41,8.193
2026-05-25 10:50:00+08:00,24.68,76.8,1041.0,33,8.102
2026-05-25 10:55:00+08:00,24.72,80.7,1015.0,21,7.593
2026-05-25 11:00:00+08:00,24.26,75.4,1008.0,26,7.868
2026-05-25 11:05:00+08:00,25.62,75.0,1014.0,30,8.223
2026-05-25 11:10:00+08:00,25.86,72.0,1011.0,26,8.049
2026-05-25 11:15:00+08:00,25.22,74.6,1000.0,27,8.21
2026-05-25 11:20:00+08:00,25.29,79.8,996.0,23,7.845
2026-05-25 11:25:00+08:00,25.46,77.1,1007.0,33,8.543
2026-05-25 11:30:00+08:00,25.12,77.4,1015.0,26,8.142
2026-05-25 11:35:00+08:00,25.89,73.2,1010.0,23,8.289
2026-05-25 11:40:00+08:00,24.94,77.1,1002.0,24,7.797
2026-05-25 11:45:00+08:00,26.47,78.0,1013.0,31,8.538
2026-05-25 11:50:00+08:00,25.98,69.7,1003.0,27,8.181
2026-05-25 11:55:00+08:00,25.89,76.1,996.0,21,8.164
2026-05-25 12:00:00+08:00,26.86,75.4,960.0,11,7.929
2026-05-25 12:05:00+08:00,26.19,77.8,921.0,9,7.787
2026-05-25 12:10:00+08:00,25.89,74.7,892.0,7,7.657
2026-05-25 12:15:00+08:00,26.43,72.6,867.0,11,7.857
2026-05-25 12:20:00+08:00,25.16,77.3,837.0,9,7.25
2026-05-25 12:25:00+08:00,26.48,71.1,808.0,11,7.65
2026-05-25 12:30:00+08:00,26.5,68.5,801.0,14,7.843
2026-05-25 12:35:00+08:00,26.03,80.3,790.0,11,7.754
2026-05-25 12:40:00+08:00,26.28,74.6,780.0,10,7.616
2026-05-25 12:45:00+08:00,26.47,73.9,768.0,11,7.768
2026-05-25 12:50:00+08:00,26.0,74.5,751.0,11,7.765
2026-05-25 12:55:00+08:00,26.39,74.4,733.0,8,7.925
2026-05-25 13:00:00+08:00,26.93,70.2,773.0,34,8.601
2026-05-25 13:05:00+08:00,27.18,72.4,805.0,29,8.824
2026-05-25 13:10:00+08:00,25.78,72.0,804.0,23,8.265
2026-05-25 13:15:00+08:00,26.55,76.1,820.0,24,8.22
2026-05-25 13:20:00+08:00,26.53,74.7,832.0,25,7.958
2026-05-25 13:25:00+08:00,27.15,77.3,839.0,26,8.592
2026-05-25 13:30:00+08:00,27.27,73.1,870.0,35,8.742
2026-05-25 13:35:00+08:00,26.34,77.4,878.0,25,8.161
2026-05-25 13:40:00+08:00,26.8,75.8,876.0,26,8.664
2026-05-25 13:45:00+08:00,25.61,76.8,890.0,26,8.419
2026-05-25 13:50:00+08:00,26.19,73.1,918.0,31,8.571
2026-05-25 13:55:00+08:00,26.86,73.8,901.0,18,8.267
2026-05-25 14:00:00+08:00,26.78,77.0,917.0,27,9.025
2026-05-25 14:05:00+08:00,27.12,74.7,925.0,27,8.597
2026-05-25 14:10:00+08:00,27.28,75.4,916.0,20,8.437
2026-05-25 14:15:00+08:00,26.31,76.8,900.0,15,7.895
2026-05-25 14:20:00+08:00,26.29,68.0,915.0,32,8.33
2026-05-25 14:25:00+08:00,27.31,74.7,928.0,28,9.05
2026-05-25 14:30:00+08:00,26.66,76.0,947.0,31,8.418
2026-05-25 14:35:00+08:00,26.92,73.3,974.0,38,8.948
2026-05-25 14:40:00+08:00,27.7,71.8,998.0,35,9.158
2026-05-25 14:45:00+08:00,26.42,78.3,1008.0,30,8.836
2026-05-25 14:50:00+08:00,26.6,73.2,1000.0,25,8.499
2026-05-25 14:55:00+08:00,27.47,75.2,977.0,17,8.442
2026-05-25 14:55:00+08:00,27.47,75.2,977.0,17,8.442
2026-05-25 15:00:00+08:00,27.2,72.2,992.0,34,9.084
2026-05-25 15:05:00+08:00,26.85,71.9,997.0,31,8.623
2026-05-25 15:10:00+08:00,27.29,71.3,984.0,25,8.857
2026-05-25 15:15:00+08:00,27.24,70.6,968.0,17,8.348
2026-05-25 15:20:00+08:00,26.6,76.2,962.0,25,8.779
2026-05-25 15:25:00+08:00,27.22,73.0,960.0,28,8.547
2026-05-25 15:30:00+08:00,27.46,74.4,967.0,25,8.685
2026-05-25 15:35:00+08:00,26.52,72.5,970.0,28,8.526
2026-05-25 15:40:00+08:00,27.84,69.9,970.0,32,8.77
2026-05-25 15:45:00+08:00,27.21,-999.0,957.0,22,8.629
2026-05-25 15:50:00+08:00,27.43,74.7,991.0,39,9.365
2026-05-25 15:55:00+08:00,26.39,68.9,982.0,25,8.285
2026-05-25 16:00:00+08:00,26.24,74.9,963.0,20,8.095
2026-05-25 16:05:00+08:00,26.01,78.4,972.0,34,8.782
2026-05-25 16:10:00+08:00,26.73,80.2,997.0,37,9.119
2026-05-25 16:15:00+08:00,26.86,75.2,978.0,21,8.268
2026-05-25 16:20:00+08:00,25.8,79.3,984.0,30,8.733
2026-05-25 16:25:00+08:00,26.96,79.7,985.0,29,8.533
2026-05-25 16:30:00+08:00,26.12,73.6,981.0,24,8.112
2026-05-25 16:35:00+08:00,27.18,73.1,980.0,24,8.508
2026-05-25 16:40:00+08:00,27.03,73.2,982.0,26,8.381
2026-05-25 16:45:00+08:00,26.13,75.1,1001.0,37,8.7
2026-05-25 16:50:00+08:00,25.96,76.4,1003.0,30,8.281
2026-05-25 16:55:00+08:00,26.08,72.7,996.0,25,8.272
2026-05-25 17:00:00+08:00,26.48,74.7,986.0,23,8.243
2026-05-25 17:05:00+08:00,25.9,75.2,998.0,30,8.712
2026-05-25 17:10:00+08:00,27.1,75.8,997.0,29,8.275
2026-05-25 17:15:00+08:00,25.99,73.7,1017.0,37,8.729
2026-05-25 17:20:00+08:00,26.6,75.8,1020.0,31,8.699
2026-05-25 17:25:00+08:00,26.48,76.1,1012.0,26,8.704
2026-05-25 17:30:00+08:00,25.66,80.4,1022.0,32,8.876
2026-05-25 17:35:00+08:00,25.98,81.9,1044.0,40,8.855
2026-05-25 17:40:00+08:00,26.26,73.8,1032.0,24,8.234
2026-05-25 17:45:00+08:00,26.66,74.8,1032.0,32,8.609
2026-05-25 17:50:00+08:00,26.0,76.8,1025.0,22,8.559
2026-05-25 17:55:00+08:00,25.81,74.3,1011.0,21,8.216
2026-05-25 18:00:00+08:00,30.15,71.0,946.0,0,4.178
2026-05-25 18:05:00+08:00,29.5,68.8,895.0,0,3.622
2026-05-25 18:10:00+08:00,28.39,70.5,847.0,0,3.49
2026-05-25 18:15:00+08:00,29.81,65.7,805.0,0,3.879
2026-05-25 18:20:00+08:00,30.68,69.0,762.0,0,3.707
2026-05-25 18:25:00+08:00,29.27,64.8,729.0,0,3.82
2026-05-25 18:30:00+08:00,29.67,69.8,699.0,0,3.871
2026-05-25 18:35:00+08:00,28.93,69.5,672.0,0,3.663
2026-05-25 18:40:00+08:00,29.0,71.4,644.0,0,3.2
2026-05-25 18:45:00+08:00,29.86,69.7,611.0,0,3.491
2026-05-25 18:50:00+08:00,28.22,75.7,591.0,0,3.344
2026-05-25 18:55:00+08:00,29.06,69.2,577.0,0,3.559
2026-05-25 19:00:00+08:00,28.35,70.3,556.0,0,3.698
2026-05-25 19:05:00+08:00,29.64,69.5,547.0,0,3.405
2026-05-25 19:10:00+08:00,28.16,69.3,533.0,0,3.284
2026-05-25 19:15:00+08:00,28.76,71.4,525.0,0,3.639
2026-05-25 19:20:00+08:00,28.85,69.0,519.0,0,3.47
2026-05-25 19:25:00+08:00,28.34,74.5,501.0,0,3.572
2026-05-25 19:30:00+08:00,27.98,73.1,493.0,0,3.185
2026-05-25 19:35:00+08:00,27.87,79.3,487.0,0,3.101
2026-05-25 19:40:00+08:00,28.8,74.1,487.0,0,3.343
2026-05-25 19:45:00+08:00,28.3,70.2,478.0,0,3.036
2026-05-25 19:50:00+08:00,28.43,71.7,472.0,0,3.157
2026-05-25 19:55:00+08:00,28.63,77.2,463.0,0,2.857
2026-05-25 20:00:00+08:00,29.01,74.4,455.0,0,3.461
2026-05-25 20:05:00+08:00,28.17,73.7,442.0,0,3.222
2026-05-25 20:10:00+08:00,27.64,74.0,442.0,0,3.052
2026-05-25 20:15:00+08:00,28.29,69.9,436.0,0,3.001
2026-05-25 20:20:00+08:00,27.72,71.1,439.0,0,3.211
2026-05-25 20:25:00+08:00,27.95,75.6,441.0,0,2.952
2026-05-25 20:30:00+08:00,28.12,72.9,444.0,0,3.032
2026-05-25 20:35:00+08:00,28.24,74.3,434.0,0,2.933
2026-05-25 20:40:00+08:00,27.35,75.6,426.0,0,2.904
2026-05-25 20:45:00+08:00,27.58,71.5,418.0,0,2.624
2026-05-25 20:50:00+08:00,27.36,68.1,420.0,0,2.79
2026-05-25 20:55:00+08:00,27.15,73.3,421.0,0,2.746
2026-05-25 21:00:00+08:00,27.42,74.9,430.0,0,2.763
2026-05-25 21:05:00+08:00,26.74,73.7,430.0,0,2.443
2026-05-25 21:10:00+08:00,27.16,72.7,433.0,0,2.909
2026-05-25 21:15:00+08:00,27.29,-999.0,435.0,0,2.778
2026-05-25 21:20:00+08:00,26.95,74.7,440.0,0,2.587
2026-05-25 21:25:00+08:00,26.93,71.0,433.0,0,3.005
2026-05-25 21:30:00+08:00,26.87,75.8,442.0,0,2.502
2026-05-25 21:35:00+08:00,27.28,72.5,441.0,0,2.993
2026-05-25 21:40:00+08:00,25.81,77.2,435.0,0,2.316
2026-05-25 21:45:00+08:00,26.61,76.0,429.0,0,2.72
2026-05-25 21:50:00+08:00,26.43,79.7,425.0,0,2.93
2026-05-25 21:55:00+08:00,26.71,79.7,413.0,0,2.664
2026-05-25 22:00:00+08:00,26.57,73.2,415.0,0,2.708
2026-05-25 22:05:00+08:00,26.27,79.1,415.0,0,2.691
2026-05-25 22:10:00+08:00,26.01,76.0,406.0,0,2.64
2026-05-25 22:15:00+08:00,26.64,76.7,409.0,0,2.945
2026-05-25 22:15:00+08:00,26.64,76.7,409.0,0,2.945
2026-05-25 22:20:00+08:00,26.02,75.0,409.0,0,2.559
2026-05-25 22:25:00+08:00,25.81,73.5,407.0,0,2.407
2026-05-25 22:30:00+08:00,26.56,74.2,396.0,0,2.633
2026-05-25 22:35:00+08:00,25.71,74.6,405.0,0,2.666
2026-05-25 22:40:00+08:00,27.01,71.5,418.0,0,2.589
2026-05-25 22:45:00+08:00,25.05,76.4,424.0,0,2.492
2026-05-25 22:50:00+08:00,25.96,75.2,425.0,0,2.357
2026-05-25 22:55:00+08:00,25.58,76.5,429.0,0,2.189
2026-05-25 23:00:00+08:00,26.22,74.8,433.0,0,2.433
2026-05-25 23:05:00+08:00,24.4,79.0,435.0,0,2.201
2026-05-25 23:10:00+08:00,25.31,72.4,428.0,0,2.293
2026-05-25 23:15:00+08:00,25.78,73.8,426.0,0,2.343
2026-05-25 23:20:00+08:00,25.68,77.6,418.0,0,2.012
2026-05-25 23:25:00+08:00,25.13,77.8,426.0,0,1.804
2026-05-25 23:30:00+08:00,25.47,81.7,426.0,0,2.454
2026-05-25 23:35:00+08:00,26.37,73.8,438.0,0,2.302
2026-05-25 23:40:00+08:00,24.88,81.1,440.0,0,2.149
2026-05-25 23:45:00+08:00,24.9,76.9,441.0,0,2.127
2026-05-25 23:50:00+08:00,24.69,75.5,437.0,0,1.674
2026-05-25 23:55:00+08:00,24.61,79.8,431.0,0,2.434
2026-05-26 00:00:00+08:00,24.85,78.6,434.0,0,1.813
2026-05-26 00:05:00+08:00,24.55,78.4,440.0,0,2.121
2026-05-26 00:10:00+08:00,24.87,77.4,451.0,0,2.035
2026-05-26 00:15:00+08:00,25.13,77.1,441.0,0,2.092
2026-05-26 00:20:00+08:00,24.17,77.8,440.0,0,1.74
2026-05-26 00:25:00+08:00,24.53,81.6,434.0,0,2.063
2026-05-26 00:30:00+08:00,24.24,76.6,438.0,0,2.158
2026-05-26 00:35:00+08:00,24.97,78.3,435.0,0,2.212
2026-05-26 00:40:00+08:00,24.72,78.7,430.0,0,1.914
2026-05-26 00:45:00+08:00,24.43,77.8,426.0,0,2.004
2026-05-26 00:50:00+08:00,24.86,79.7,428.0,0,2.164
2026-05-26 00:55:00+08:00,23.7,79.8,431.0,0,1.293
2026-05-26 01:00:00+08:00,24.32,78.3,438.0,0,2.114
2026-05-26 01:05:00+08:00,24.35,82.0,431.0,0,2.318
2026-05-26 01:10:00+08:00,24.39,80.3,421.0,0,1.74
2026-05-26 01:15:00+08:00,24.09,76.9,419.0,0,1.915
2026-05-26 01:20:00+08:00,24.4,82.7,418.0,0,2.016
2026-05-26 01:25:00+08:00,24.62,78.9,421.0,0,1.937
2026-05-26 01:30:00+08:00,24.92,77.7,423.0,0,2.171
2026-05-26 01:35:00+08:00,24.73,81.9,414.0,0,1.903
2026-05-26 01:40:00+08:00,24.71,79.6,405.0,0,1.968
2026-05-26 01:45:00+08:00,23.52,77.9,408.0,0,1.652
2026-05-26 01:50:00+08:00,24.32,79.4,403.0,0,1.959
2026-05-26 01:50:00+08:00,24.32,79.4,403.0,0,1.959
2026-05-26 01:55:00+08:00,24.69,77.6,399.0,0,1.905
2026-05-26 02:00:00+08:00,24.18,76.9,395.0,0,1.665
2026-05-26 02:05:00+08:00,24.61,74.9,409.0,0,1.673
2026-05-26 02:10:00+08:00,24.14,83.2,406.0,0,2.041
2026-05-26 02:15:00+08:00,23.73,80.6,400.0,0,1.737
2026-05-26 02:20:00+08:00,24.0,78.3,408.0,0,1.869
2026-05-26 02:25:00+08:00,24.27,80.0,402.0,0,2.138
2026-05-26 02:30:00+08:00,24.06,80.3,406.0,0,1.749
2026-05-26 02:35:00+08:00,24.43,80.6,415.0,0,2.149
2026-05-26 02:40:00+08:00,24.3,81.4,421.0,0,1.953
2026-05-26 02:45:00+08:00,23.47,82.0,417.0,0,1.47
2026-05-26 02:50:00+08:00,24.07,77.8,424.0,0,1.913
2026-05-26 02:55:00+08:00,23.81,80.1,423.0,0,1.827
2026-05-26 03:00:00+08:00,24.31,78.6,424.0,0,1.604
2026-05-26 03:05:00+08:00,23.63,77.0,428.0,0,2.069
2026-05-26 03:10:00+08:00,23.23,81.3,424.0,0,1.908
2026-05-26 03:15:00+08:00,24.13,78.5,414.0,0,1.928
2026-05-26 03:20:00+08:00,23.66,80.3,418.0,0,1.489
2026-05-26 03:25:00+08:00,23.39,83.6,418.0,0,1.589
2026-05-26 03:30:00+08:00,24.21,78.0,411.0,0,1.824
2026-05-26 03:35:00+08:00,24.1,82.7,407.0,0,2.071
2026-05-26 03:40:00+08:00,23.88,81.4,403.0,0,1.926
2026-05-26 03:45:00+08:00,23.83,84.0,413.0,0,1.919
2026-05-26 03:50:00+08:00,24.33,84.9,409.0,0,2.209
2026-05-26 03:55:00+08:00,23.89,80.0,407.0,0,1.555
2026-05-26 04:00:00+08:00,24.18,80.0,405.0,0,1.946
2026-05-26 04:05:00+08:00,23.86,78.7,400.0,0,1.453
2026-05-26 04:10:00+08:00,24.81,77.5,403.0,0,1.766
2026-05-26 04:15:00+08:00,24.68,78.0,404.0,0,1.799
2026-05-26 04:20:00+08:00,23.93,81.2,409.0,0,1.369
2026-05-26 04:25:00+08:00,24.24,82.3,417.0,0,1.767
2026-05-26 04:30:00+08:00,24.65,75.9,413.0,0,2.119
2026-05-26 04:35:00+08:00,23.21,82.3,418.0,0,1.298
2026-05-26 04:40:00+08:00,24.66,76.1,420.0,0,2.0
2026-05-26 04:45:00+08:00,24.17,83.6,427.0,0,1.802
2026-05-26 04:50:00+08:00,24.58,79.5,430.0,0,2.097
2026-05-26 04:55:00+08:00,23.88,74.8,433.0,0,1.752
2026-05-26 05:00:00+08:00,24.3,79.9,435.0,0,2.125
2026-05-26 05:05:00+08:00,24.48,83.4,435.0,0,1.855
2026-05-26 05:10:00+08:00,24.16,79.2,436.0,0,1.691
2026-05-26 05:15:00+08:00,24.49,80.4,447.0,0,1.932
2026-05-26 05:20:00+08:00,24.31,78.2,445.0,0,2.134
2026-05-26 05:25:00+08:00,24.53,78.7,431.0,0,1.936
2026-05-26 05:30:00+08:00,24.56,81.2,431.0,0,2.288
2026-05-26 05:35:00+08:00,24.93,80.3,433.0,0,2.03
2026-05-26 05:40:00+08:00,24.17,79.9,425.0,0,2.197
2026-05-26 05:45:00+08:00,25.22,76.3,423.0,0,2.183
2026-05-26 05:50:00+08:00,24.72,83.0,422.0,0,1.937
2026-05-26 05:55:00+08:00,24.8,77.0,421.0,0,1.549
2026-05-26 06:00:00+08:00,25.48,74.5,428.0,0,2.274
2026-05-26 06:05:00+08:00,24.81,75.0,427.0,0,2.335
2026-05-26 06:10:00+08:00,24.77,78.5,429.0,0,1.802
2026-05-26 06:15:00+08:00,25.15,82.0,438.0,0,1.899
2026-05-26 06:20:00+08:00,25.23,74.8,433.0,0,1.873
2026-05-26 06:25:00+08:00,25.31,79.8,435.0,0,2.356
2026-05-26 06:30:00+08:00,25.47,73.7,432.0,0,2.481
2026-05-26 06:35:00+08:00,25.46,77.4,434.0,0,2.24
2026-05-26 06:40:00+08:00,25.11,74.3,431.0,0,2.339
2026-05-26 06:45:00+08:00,25.54,79.1,436.0,0,2.168
2026-05-26 06:50:00+08:00,25.94,72.2,435.0,0,2.212
2026-05-26 06:55:00+08:00,25.14,80.3,426.0,0,2.16
2026-05-26 07:00:00+08:00,25.32,78.1,424.0,0,2.283
2026-05-26 07:05:00+08:00,26.0,76.7,430.0,0,2.653
2026-05-26 07:10:00+08:00,25.54,78.1,441.0,0,2.497
2026-05-26 07:15:00+08:00,26.56,74.9,446.0,0,2.749
2026-05-26 07:20:00+08:00,25.57,76.1,438.0,0,2.391
2026-05-26 07:25:00+08:00,26.11,80.1,436.0,0,2.77
2026-05-26 07:30:00+08:00,25.93,80.4,438.0,0,2.482
2026-05-26 07:35:00+08:00,26.01,78.2,438.0,0,2.605
2026-05-26 07:40:00+08:00,26.25,77.0,433.0,0,2.307
2026-05-26 07:45:00+08:00,26.35,70.5,429.0,0,2.363
2026-05-26 07:50:00+08:00,26.39,76.1,437.0,0,2.82
2026-05-26 07:55:00+08:00,26.34,76.3,433.0,0,2.408
2026-05-26 08:00:00+08:00,21.98,83.2,489.0,25,6.954
2026-05-26 08:05:00+08:00,22.91,84.1,539.0,27,7.55
2026-05-26 08:10:00+08:00,23.2,84.1,576.0,21,7.622
2026-05-26 08:15:00+08:00,22.59,80.6,629.0,34,7.455
2026-05-26 08:20:00+08:00,23.24,80.9,665.0,30,7.454
2026-05-26 08:25:00+08:00,22.86,84.8,710.0,31,7.738
2026-05-26 08:30:00+08:00,23.03,81.0,729.0,22,6.881
2026-05-26 08:35:00+08:00,22.97,81.2,778.0,31,7.456
2026-05-26 08:40:00+08:00,23.25,84.0,816.0,31,7.522
2026-05-26 08:45:00+08:00,23.57,84.8,856.0,36,7.71
2026-05-26 08:50:00+08:00,23.72,82.4,854.0,22,7.345
2026-05-26 08:55:00+08:00,22.66,84.3,875.0,31,7.308
2026-05-26 09:00:00+08:00,23.95,75.3,903.0,34,8.123
2026-05-26 09:05:00+08:00,23.93,79.9,940.0,39,8.154
2026-05-26 09:10:00+08:00,24.1,84.1,933.0,23,7.832
2026-05-26 09:15:00+08:00,23.83,82.6,947.0,27,7.493
2026-05-26 09:20:00+08:00,23.84,79.0,948.0,28,7.832
2026-05-26 09:25:00+08:00,23.37,81.0,965.0,33,7.871
2026-05-26 09:30:00+08:00,24.04,82.2,970.0,29,7.931
2026-05-26 09:35:00+08:00,24.02,77.9,974.0,31,7.787
2026-05-26 09:40:00+08:00,24.33,80.0,961.0,21,7.662
2026-05-26 09:45:00+08:00,24.62,75.9,984.0,37,8.277
2026-05-26 09:50:00+08:00,24.69,78.4,981.0,27,7.742
2026-05-26 09:55:00+08:00,24.17,80.6,952.0,17,7.44
2026-05-26 10:00:00+08:00,24.73,79.7,957.0,29,7.844
2026-05-26 10:05:00+08:00,24.33,77.2,955.0,26,7.812
2026-05-26 10:10:00+08:00,24.8,80.5,968.0,31,8.08
2026-05-26 10:15:00+08:00,24.69,77.5,944.0,18,7.698
2026-05-26 10:20:00+08:00,24.42,80.3,946.0,26,8.05
2026-05-26 10:25:00+08:00,24.79,76.8,973.0,37,8.644
2026-05-26 10:30:00+08:00,24.68,78.4,977.0,31,8.177
2026-05-26 10:35:00+08:00,25.26,78.0,974.0,26,7.821
2026-05-26 10:40:00+08:00,24.69,80.8,980.0,29,8.33
2026-05-26 10:45:00+08:00,25.92,75.4,996.0,35,8.916
2026-05-26 10:50:00+08:00,24.7,78.6,1003.0,30,8.145
2026-05-26 10:55:00+08:00,25.97,78.4,1039.0,42,8.907
2026-05-26 11:00:00+08:00,25.21,77.4,1047.0,30,7.891
2026-05-26 11:05:00+08:00,24.52,79.0,1040.0,27,8.051
2026-05-26 11:10:00+08:00,25.61,78.3,1037.0,31,8.418
2026-05-26 11:15:00+08:00,25.7,77.7,1019.0,24,8.306
2026-05-26 11:20:00+08:00,24.76,79.4,1009.0,28,7.786
2026-05-26 11:25:00+08:00,26.01,76.8,998.0,26,8.39
2026-05-26 11:30:00+08:00,24.64,79.7,1011.0,37,8.522
2026-05-26 11:35:00+08:00,25.46,80.0,1014.0,32,8.449
2026-05-26 11:40:00+08:00,25.88,75.9,1002.0,23,8.331
2026-05-26 11:45:00+08:00,26.14,76.1,1004.0,24,8.265
2026-05-26 11:50:00+08:00,25.77,72.6,993.0,24,8.22
2026-05-26 11:55:00+08:00,26.0,76.5,991.0,21,8.12
2026-05-26 12:00:00+08:00,26.1,75.8,955.0,11,7.396
2026-05-26 12:05:00+08:00,26.92,75.4,925.0,8,7.973
2026-05-26 12:10:00+08:00,25.84,77.9,897.0,11,7.744
2026-05-26 12:15:00+08:00,25.42,74.0,884.0,13,7.819
2026-05-26 12:20:00+08:00,26.12,78.6,852.0,10,7.591
2026-05-26 12:25:00+08:00,26.59,73.5,831.0,9,8.231
2026-05-26 12:30:00+08:00,26.23,76.9,812.0,13,7.894
2026-05-26 12:35:00+08:00,25.97,80.1,787.0,9,8.015
2026-05-26 12:40:00+08:00,26.08,76.6,774.0,10,7.876
2026-05-26 12:45:00+08:00,26.36,73.6,754.0,11,8.162
2026-05-26 12:50:00+08:00,26.45,72.1,745.0,11,7.837
2026-05-26 12:55:00+08:00,26.83,-999.0,728.0,11,7.786
2026-05-26 13:00:00+08:00,26.09,77.8,771.0,36,8.722
2026-05-26 13:05:00+08:00,26.36,74.7,790.0,24,8.268
2026-05-26 13:10:00+08:00,26.29,71.3,802.0,28,8.323
2026-05-26 13:15:00+08:00,26.74,75.7,836.0,35,8.901
2026-05-26 13:20:00+08:00,27.09,68.8,863.0,33,8.796
2026-05-26 13:25:00+08:00,27.05,73.5,892.0,36,9.073
2026-05-26 13:30:00+08:00,26.12,75.2,898.0,22,8.011
2026-05-26 13:35:00+08:00,26.96,75.3,903.0,24,8.592
2026-05-26 13:40:00+08:00,26.73,74.8,921.0,27,8.922
2026-05-26 13:45:00+08:00,27.1,77.4,916.0,20,8.371
2026-05-26 13:50:00+08:00,26.08,-999.0,934.0,29,8.499
2026-05-26 13:55:00+08:00,26.17,78.2,922.0,20,8.452
2026-05-26 14:00:00+08:00,26.28,77.1,931.0,27,8.654
2026-05-26 14:05:00+08:00,27.47,68.8,936.0,25,8.776
2026-05-26 14:10:00+08:00,26.72,77.8,938.0,22,8.557
2026-05-26 14:15:00+08:00,26.97,75.6,941.0,26,8.881
2026-05-26 14:20:00+08:00,27.23,70.9,958.0,32,9.019
2026-05-26 14:25:00+08:00,26.51,75.1,946.0,20,8.377
2026-05-26 14:30:00+08:00,27.04,74.7,973.0,39,8.923
2026-05-26 14:35:00+08:00,27.12,74.7,974.0,31,8.686
2026-05-26 14:40:00+08:00,27.44,74.4,997.0,38,9.182
2026-05-26 14:45:00+08:00,27.15,74.0,990.0,24,8.583
2026-05-26 14:50:00+08:00,26.89,75.8,998.0,34,8.628
2026-05-26 14:55:00+08:00,27.79,69.8,1018.0,35,8.855
2026-05-26 15:00:00+08:00,26.86,74.0,1012.0,24,8.51
2026-05-26 15:05:00+08:00,27.25,74.9,1008.0,22,8.358
2026-05-26 15:10:00+08:00,26.56,74.8,1008.0,30,8.786
2026-05-26 15:15:00+08:00,27.19,71.7,1021.0,33,8.726
2026-05-26 15:20:00+08:00,27.27,78.2,1025.0,29,8.932
2026-05-26 15:25:00+08:00,27.15,73.9,1038.0,33,8.863
2026-05-26 15:30:00+08:00,26.19,79.1,1046.0,33,8.891
2026-05-26 15:35:00+08:00,26.58,73.2,1046.0,29,8.743
2026-05-26 15:40:00+08:00,26.17,73.6,1031.0,25,8.145
2026-05-26 15:45:00+08:00,26.66,71.2,1016.0,28,8.652
2026-05-26 15:50:00+08:00,26.74,72.8,1020.0,31,8.918
2026-05-26 15:55:00+08:00,26.66,74.2,1005.0,21,8.607
2026-05-26 16:00:00+08:00,27.51,73.3,1023.0,38,8.989
2026-05-26 16:05:00+08:00,26.15,71.4,1032.0,30,8.694
2026-05-26 16:10:00+08:00,26.63,76.1,1016.0,25,8.456
2026-05-26 16:15:00+08:00,26.23,74.7,1027.0,30,8.228
2026-05-26 16:20:00+08:00,26.68,73.2,1048.0,39,8.853
2026-05-26 16:25:00+08:00,27.29,73.4,1055.0,34,9.387
2026-05-26 16:30:00+08:00,27.14,73.7,1049.0,27,8.787
2026-05-26 16:35:00+08:00,26.56,79.6,1057.0,33,9.115
2026-05-26 16:40:00+08:00,27.05,73.4,1034.0,20,8.559
2026-05-26 16:45:00+08:00,26.65,76.4,1022.0,28,8.561
2026-05-26 16:50:00+08:00,26.56,72.6,993.0,17,8.092
2026-05-26 16:55:00+08:00,26.67,77.6,1006.0,34,8.877
2026-05-26 17:00:00+08:00,26.81,77.3,985.0,20,8.552
2026-05-26 17:05:00+08:00,26.67,76.8,1006.0,36,8.827
2026-05-26 17:10:00+08:00,26.23,74.8,1039.0,37,8.431
2026-05-26 17:15:00+08:00,26.19,74.7,1037.0,32,8.806
2026-05-26 17:20:00+08:00,26.45,75.7,1039.0,32,8.718
2026-05-26 17:25:00+08:00,25.42,77.1,1043.0,32,8.214
2026-05-26 17:30:00+08:00,25.97,73.8,1016.0,20,8.134
2026-05-26 17:35:00+08:00,25.44,71.7,1047.0,40,8.605
2026-05-26 17:40:00+08:00,25.7,73.8,1037.0,24,8.155
2026-05-26 17:45:00+08:00,26.0,77.5,1038.0,29,8.185
2026-05-26 17:50:00+08:00,25.96,80.4,1034.0,30,8.422
2026-05-26 17:55:00+08:00,25.16,77.6,1013.0,20,8.056
2026-05-26 18:00:00+08:00,29.49,69.5,951.0,0,3.688
2026-05-26 18:05:00+08:00,29.71,67.9,900.0,0,3.387
2026-05-26 18:10:00+08:00,29.28,75.3,858.0,0,3.547
2026-05-26 18:15:00+08:00,29.09,75.1,820.0,0,3.476
2026-05-26 18:20:00+08:00,29.04,74.9,779.0,0,3.323
2026-05-26 18:25:00+08:00,29.6,72.3,745.0,0,3.479
2026-05-26 18:30:00+08:00,28.8,70.5,711.0,0,3.307
2026-05-26 18:35:00+08:00,29.1,67.8,685.0,0,3.418
2026-05-26 18:40:00+08:00,29.03,71.0,665.0,0,3.516
2026-05-26 18:45:00+08:00,29.76,70.2,643.0,0,3.396
2026-05-26 18:50:00+08:00,29.47,71.0,620.0,0,3.665
2026-05-26 18:55:00+08:00,29.74,70.0,605.0,0,3.561
2026-05-26 19:00:00+08:00,29.18,68.7,585.0,0,3.443
2026-05-26 19:05:00+08:00,28.21,73.3,562.0,0,3.114
2026-05-26 19:10:00+08:00,29.25,73.7,544.0,0,3.567
2026-05-26 19:15:00+08:00,28.36,68.2,534.0,0,3.681
2026-05-26 19:20:00+08:00,28.81,71.1,518.0,0,3.383
2026-05-26 19:25:00+08:00,28.28,74.1,508.0,0,3.327
2026-05-26 19:30:00+08:00,29.44,73.0,488.0,0,3.047
2026-05-26 19:35:00+08:00,28.36,69.8,488.0,0,3.423
2026-05-26 19:40:00+08:00,28.44,76.6,487.0,0,3.47
2026-05-26 19:45:00+08:00,28.11,69.2,481.0,0,3.195
2026-05-26 19:50:00+08:00,28.24,75.5,479.0,0,3.423
2026-05-26 19:55:00+08:00,28.44,73.4,478.0,0,3.078
2026-05-26 20:00:00+08:00,27.89,69.4,477.0,0,2.961
2026-05-26 20:05:00+08:00,28.46,73.0,478.0,0,3.266
2026-05-26 20:10:00+08:00,28.83,71.0,469.0,0,3.161
2026-05-26 20:15:00+08:00,28.29,70.1,470.0,0,3.164
2026-05-26 20:20:00+08:00,27.97,72.9,471.0,0,2.755
2026-05-26 20:25:00+08:00,27.99,72.5,466.0,0,3.039
2026-05-26 20:30:00+08:00,27.79,74.3,458.0,0,3.151
2026-05-26 20:35:00+08:00,27.52,74.8,443.0,0,2.93
2026-05-26 20:40:00+08:00,27.13,76.7,442.0,0,2.615
2026-05-26 20:45:00+08:00,27.85,69.0,447.0,0,3.387
2026-05-26 20:50:00+08:00,27.5,75.0,453.0,0,2.956
2026-05-26 20:55:00+08:00,27.46,72.1,453.0,0,3.111
2026-05-26 21:00:00+08:00,27.73,72.7,455.0,0,3.036
2026-05-26 21:05:00+08:00,27.14,74.7,451.0,0,2.929
2026-05-26 21:10:00+08:00,27.64,73.3,446.0,0,3.073
2026-05-26 21:15:00+08:00,27.55,72.1,447.0,0,2.915
2026-05-26 21:20:00+08:00,27.6,77.1,440.0,0,2.975
2026-05-26 21:25:00+08:00,26.32,75.0,437.0,0,3.006
2026-05-26 21:30:00+08:00,27.2,73.0,445.0,0,2.708
2026-05-26 21:35:00+08:00,26.33,75.6,448.0,0,2.909
2026-05-26 21:40:00+08:00,26.73,74.7,447.0,0,2.704
2026-05-26 21:45:00+08:00,26.17,76.3,446.0,0,2.487
2026-05-26 21:50:00+08:00,27.15,75.4,448.0,0,2.832
2026-05-26 21:55:00+08:00,26.32,73.7,456.0,0,2.547
2026-05-26 22:00:00+08:00,26.87,73.8,452.0,0,2.58
2026-05-26 22:05:00+08:00,27.17,76.6,458.0,0,2.83
2026-05-26 22:10:00+08:00,26.22,77.9,456.0,0,2.485
2026-05-26 22:15:00+08:00,26.03,-999.0,453.0,0,2.445
2026-05-26 22:20:00+08:00,26.23,77.9,461.0,0,2.39
2026-05-26 22:25:00+08:00,26.75,75.5,460.0,0,2.376
2026-05-26 22:30:00+08:00,26.45,73.1,455.0,0,2.616
2026-05-26 22:35:00+08:00,25.06,74.9,448.0,0,2.023
2026-05-26 22:40:00+08:00,26.08,76.8,448.0,0,2.312
2026-05-26 22:45:00+08:00,25.43,77.0,441.0,0,2.306
2026-05-26 22:50:00+08:00,26.09,71.5,439.0,0,2.423
2026-05-26 22:55:00+08:00,25.91,75.1,440.0,0,2.463
2026-05-26 22:55:00+08:00,25.91,75.1,440.0,0,2.463
2026-05-26 23:00:00+08:00,25.66,77.4,445.0,0,2.737
2026-05-26 23:05:00+08:00,24.87,80.4,445.0,0,2.198
2026-05-26 23:10:00+08:00,25.6,74.8,443.0,0,2.402
2026-05-26 23:15:00+08:00,25.37,77.0,432.0,0,2.073
2026-05-26 23:20:00+08:00,25.71,74.7,424.0,0,2.351
2026-05-26 23:25:00+08:00,25.02,81.1,429.0,0,2.199
2026-05-26 23:30:00+08:00,25.38,76.3,430.0,0,2.329
2026-05-26 23:35:00+08:00,25.11,81.0,426.0,0,2.178
2026-05-26 23:40:00+08:00,24.92,77.8,430.0,0,1.848
2026-05-26 23:45:00+08:00,25.03,84.1,433.0,0,2.159
2026-05-26 23:50:00+08:00,25.56,73.9,429.0,0,2.453
2026-05-26 23:55:00+08:00,25.06,78.2,430.0,0,2.202
2026-05-27 00:00:00+08:00,24.88,76.5,422.0,0,2.301
2026-05-27 00:05:00+08:00,24.17,82.4,414.0,0,1.92
2026-05-27 00:10:00+08:00,25.08,78.0,423.0,0,2.227
2026-05-27 00:15:00+08:00,25.3,81.7,417.0,0,2.19
2026-05-27 00:20:00+08:00,24.53,77.2,412.0,0,2.198
2026-05-27 00:25:00+08:00,24.97,84.3,413.0,0,2.163
2026-05-27 00:30:00+08:00,25.04,81.2,425.0,0,2.062
2026-05-27 00:35:00+08:00,24.1,81.9,427.0,0,2.111
2026-05-27 00:40:00+08:00,23.88,78.6,432.0,0,2.029
2026-05-27 00:45:00+08:00,24.76,79.4,437.0,0,2.337
2026-05-27 00:50:00+08:00,24.61,78.2,436.0,0,1.805
2026-05-27 00:55:00+08:00,24.06,79.5,432.0,0,1.554
2026-05-27 01:00:00+08:00,24.88,77.8,431.0,0,2.156
2026-05-27 01:05:00+08:00,24.38,81.1,433.0,0,2.178
2026-05-27 01:10:00+08:00,24.22,79.2,431.0,0,1.85
2026-05-27 01:15:00+08:00,23.91,82.4,431.0,0,2.023
2026-05-27 01:20:00+08:00,25.38,79.7,430.0,0,2.475
2026-05-27 01:25:00+08:00,24.67,83.8,418.0,0,2.09
2026-05-27 01:30:00+08:00,24.09,77.6,423.0,0,1.789
2026-05-27 01:35:00+08:00,23.99,81.5,422.0,0,1.756
2026-05-27 01:40:00+08:00,24.67,79.8,421.0,0,2.261
2026-05-27 01:45:00+08:00,24.1,78.6,421.0,0,1.451
2026-05-27 01:50:00+08:00,23.82,84.7,416.0,0,1.492
2026-05-27 01:55:00+08:00,24.75,78.8,418.0,0,2.03
2026-05-27 02:00:00+08:00,24.09,78.7,417.0,0,1.958
2026-05-27 02:05:00+08:00,24.11,79.9,411.0,0,1.802
2026-05-27 02:10:00+08:00,23.77,80.5,413.0,0,1.841
2026-05-27 02:15:00+08:00,24.27,80.6,413.0,0,2.081
2026-05-27 02:20:00+08:00,23.08,83.5,405.0,0,1.89
2026-05-27 02:25:00+08:00,23.53,83.1,401.0,0,1.909
2026-05-27 02:30:00+08:00,23.74,79.7,408.0,0,1.564
2026-05-27 02:30:00+08:00,23.74,79.7,408.0,0,1.564
2026-05-27 02:35:00+08:00,24.02,80.3,407.0,0,1.79
2026-05-27 02:40:00+08:00,23.98,74.4,408.0,0,1.792
2026-05-27 02:45:00+08:00,23.3,80.9,411.0,0,1.683
2026-05-27 02:50:00+08:00,24.44,79.9,406.0,0,1.845
2026-05-27 02:55:00+08:00,23.85,77.0,412.0,0,2.052
2026-05-27 03:00:00+08:00,24.2,81.5,409.0,0,2.302
2026-05-27 03:05:00+08:00,24.77,79.5,411.0,0,1.911
2026-05-27 03:10:00+08:00,23.54,78.4,419.0,0,1.632
2026-05-27 03:15:00+08:00,24.72,80.6,426.0,0,1.755
2026-05-27 03:20:00+08:00,23.8,79.7,425.0,0,1.649
2026-05-27 03:25:00+08:00,23.6,80.8,423.0,0,1.66
2026-05-27 03:30:00+08:00,23.63,79.8,426.0,0,2.123
2026-05-27 03:35:00+08:00,24.09,79.2,425.0,0,1.654
2026-05-27 03:40:00+08:00,24.81,80.3,422.0,0,2.009
2026-05-27 03:45:00+08:00,23.71,81.7,432.0,0,1.953
2026-05-27 03:50:00+08:00,24.13,75.4,439.0,0,1.843
2026-05-27 03:55:00+08:00,23.98,80.2,436.0,0,1.623
2026-05-27 04:00:00+08:00,24.11,79.1,435.0,0,1.521
2026-05-27 04:05:00+08:00,24.28,78.6,439.0,0,1.797
2026-05-27 04:10:00+08:00,24.59,75.2,444.0,0,2.262
2026-05-27 04:15:00+08:00,23.49,82.9,444.0,0,1.589
2026-05-27 04:20:00+08:00,24.34,81.1,443.0,0,1.94
2026-05-27 04:25:00+08:00,23.8,83.3,448.0,0,1.857
2026-05-27 04:30:00+08:00,24.14,78.7,445.0,0,1.849
2026-05-27 04:35:00+08:00,23.81,79.5,431.0,0,1.914
2026-05-27 04:40:00+08:00,24.24,80.0,423.0,0,2.029
2026-05-27 04:45:00+08:00,24.35,80.2,432.0,0,1.791
2026-05-27 04:50:00+08:00,24.61,-999.0,435.0,0,1.917
2026-05-27 04:55:00+08:00,24.49,78.9,445.0,0,2.127
2026-05-27 05:00:00+08:00,23.99,78.8,435.0,0,2.129
2026-05-27 05:05:00+08:00,23.66,78.0,437.0,0,1.779
2026-05-27 05:10:00+08:00,24.05,81.9,438.0,0,1.625
2026-05-27 05:15:00+08:00,23.78,77.6,442.0,0,1.764
2026-05-27 05:20:00+08:00,24.19,79.0,434.0,0,1.925
2026-05-27 05:25:00+08:00,24.56,76.8,431.0,0,1.753
2026-05-27 05:30:00+08:00,24.06,78.2,429.0,0,1.666
2026-05-27 05:35:00+08:00,24.46,79.5,429.0,0,2.322
2026-05-27 05:40:00+08:00,24.41,78.4,430.0,0,2.142
2026-05-27 05:45:00+08:00,24.97,76.4,432.0,0,1.839
2026-05-27 05:50:00+08:00,25.12,82.1,427.0,0,2.335
2026-05-27 05:55:00+08:00,24.82,77.3,422.0,0,1.989
2026-05-27 06:00:00+08:00,24.02,82.2,417.0,0,1.985
2026-05-27 06:05:00+08:00,24.72,78.5,416.0,0,2.269
2026-05-27 06:10:00+08:00,25.74,75.2,415.0,0,2.364
2026-05-27 06:15:00+08:00,24.82,76.4,415.0,0,2.107
2026-05-27 06:20:00+08:00,24.91,78.7,420.0,0,2.664
2026-05-27 06:25:00+08:00,25.12,76.0,425.0,0,2.41
2026-05-27 06:30:00+08:00,25.96,72.7,424.0,0,2.232
2026-05-27 06:35:00+08:00,25.86,77.2,431.0,0,2.446
2026-05-27 06:40:00+08:00,24.61,75.4,427.0,0,2.355
2026-05-27 06:45:00+08:00,25.57,76.7,428.0,0,2.181
2026-05-27 06:50:00+08:00,25.66,79.9,430.0,0,2.182
2026-05-27 06:55:00+08:00,25.9,77.5,427.0,0,2.132
2026-05-27 07:00:00+08:00,25.6,72.0,420.0,0,2.246
2026-05-27 07:05:00+08:00,25.48,76.7,423.0,0,2.222
2026-05-27 07:10:00+08:00,25.84,77.0,428.0,0,2.44
2026-05-27 07:15:00+08:00,25.83,78.4,424.0,0,2.662
2026-05-27 07:20:00+08:00,26.11,70.4,420.0,0,2.571
2026-05-27 07:25:00+08:00,26.58,71.7,423.0,0,2.347
2026-05-27 07:30:00+08:00,26.3,76.2,419.0,0,2.715
2026-05-27 07:35:00+08:00,26.31,78.6,415.0,0,2.661
2026-05-27 07:40:00+08:00,26.88,76.3,416.0,0,2.616
2026-05-27 07:45:00+08:00,26.43,74.8,414.0,0,2.812
2026-05-27 07:50:00+08:00,27.02,76.0,419.0,0,3.04
2026-05-27 07:55:00+08:00,26.26,74.2,415.0,0,2.696
2026-05-27 08:00:00+08:00,22.67,81.0,465.0,22,6.762
2026-05-27 08:05:00+08:00,22.39,79.4,522.0,33,6.967
2026-05-27 08:10:00+08:00,23.01,78.9,579.0,32,7.651
2026-05-27 08:15:00+08:00,23.21,81.1,616.0,28,7.282
2026-05-27 08:20:00+08:00,22.65,80.0,667.0,30,7.452
2026-05-27 08:25:00+08:00,23.11,77.1,684.0,16,6.997
2026-05-27 08:30:00+08:00,23.07,84.7,732.0,33,7.337
2026-05-27 08:35:00+08:00,23.11,81.8,791.0,41,7.789
2026-05-27 08:40:00+08:00,23.54,78.7,822.0,33,7.974
2026-05-27 08:45:00+08:00,23.33,80.7,833.0,25,7.34
2026-05-27 08:50:00+08:00,22.82,79.0,850.0,33,7.771
2026-05-27 08:55:00+08:00,23.79,78.2,869.0,26,7.502
2026-05-27 09:00:00+08:00,22.85,81.4,881.0,29,7.386
2026-05-27 09:05:00+08:00,23.28,82.3,885.0,25,7.228
2026-05-27 09:10:00+08:00,23.85,80.5,897.0,31,7.78
2026-05-27 09:15:00+08:00,24.41,79.0,919.0,32,8.014
2026-05-27 09:20:00+08:00,23.3,83.7,932.0,27,7.448
2026-05-27 09:25:00+08:00,23.83,79.1,925.0,22,7.89
2026-05-27 09:30:00+08:00,23.84,80.5,944.0,33,7.688
2026-05-27 09:35:00+08:00,24.66,79.1,960.0,35,8.105
2026-05-27 09:40:00+08:00,23.63,78.1,953.0,24,7.845
2026-05-27 09:45:00+08:00,23.5,80.3,971.0,33,7.834
2026-05-27 09:50:00+08:00,23.75,81.0,988.0,31,7.737
2026-05-27 09:55:00+08:00,24.27,79.0,1025.0,36,8.062
2026-05-27 10:00:00+08:00,24.68,79.3,1034.0,35,8.467
2026-05-27 10:05:00+08:00,24.46,77.9,1036.0,30,7.932
2026-05-27 10:10:00+08:00,24.22,75.4,1055.0,35,8.011
2026-05-27 10:15:00+08:00,24.69,79.1,1031.0,22,8.213
2026-05-27 10:20:00+08:00,24.65,76.4,1019.0,22,7.688
2026-05-27 10:25:00+08:00,25.06,81.5,1027.0,33,7.767
2026-05-27 10:30:00+08:00,24.51,78.5,1025.0,25,8.181
2026-05-27 10:35:00+08:00,25.42,75.7,1017.0,21,7.393
2026-05-27 10:40:00+08:00,24.98,81.5,1000.0,23,7.898
2026-05-27 10:45:00+08:00,25.15,76.4,985.0,20,7.764
2026-05-27 10:50:00+08:00,25.57,75.5,992.0,27,8.361
2026-05-27 10:55:00+08:00,24.59,79.0,1034.0,44,8.214
2026-05-27 11:00:00+08:00,24.31,79.3,1018.0,22,7.81
2026-05-27 11:05:00+08:00,25.39,78.8,1006.0,22,7.741
2026-05-27 11:10:00+08:00,24.51,76.3,1009.0,28,7.76
2026-05-27 11:15:00+08:00,25.62,75.6,1019.0,28,8.352
2026-05-27 11:20:00+08:00,25.52,73.2,1021.0,34,8.588
2026-05-27 11:25:00+08:00,25.98,78.7,1004.0,24,8.067
2026-05-27 11:30:00+08:00,25.35,73.5,1022.0,36,8.498
2026-05-27 11:35:00+08:00,26.05,77.2,1015.0,25,8.341
2026-05-27 11:40:00+08:00,26.23,76.1,1005.0,26,8.19
2026-05-27 11:45:00+08:00,25.64,78.1,1007.0,28,8.155
2026-05-27 11:50:00+08:00,26.13,76.9,1016.0,29,8.253
2026-05-27 11:55:00+08:00,26.38,76.9,1014.0,27,8.329
2026-05-27 12:00:00+08:00,25.59,78.2,977.0,8,7.557
2026-05-27 12:05:00+08:00,25.99,77.2,934.0,10,7.873
2026-05-27 12:10:00+08:00,26.25,78.3,911.0,11,7.723
2026-05-27 12:15:00+08:00,26.06,78.0,879.0,12,8.077
2026-05-27 12:20:00+08:00,26.55,75.5,860.0,10,7.764
2026-05-27 12:25:00+08:00,26.02,74.3,814.0,3,7.59
2026-05-27 12:30:00+08:00,26.49,76.4,795.0,9,7.98
2026-05-27 12:35:00+08:00,26.28,78.7,778.0,10,7.789
2026-05-27 12:35:00+08:00,26.28,78.7,778.0,10,7.789
2026-05-27 12:40:00+08:00,25.68,79.9,764.0,10,7.705
2026-05-27 12:45:00+08:00,26.12,74.2,747.0,9,8.024
2026-05-27 12:50:00+08:00,27.43,71.2,740.0,14,8.874
2026-05-27 12:55:00+08:00,26.7,72.2,723.0,10,8.124
2026-05-27 13:00:00+08:00,26.9,75.4,749.0,27,8.717
2026-05-27 13:05:00+08:00,26.94,75.1,765.0,22,8.083
2026-05-27 13:10:00+08:00,26.74,72.0,807.0,32,8.878
2026-05-27 13:15:00+08:00,27.03,76.6,841.0,35,9.156
2026-05-27 13:20:00+08:00,26.7,77.6,841.0,18,7.994
2026-05-27 13:25:00+08:00,26.28,75.9,869.0,34,8.743
2026-05-27 13:30:00+08:00,26.24,76.3,863.0,20,8.292
2026-05-27 13:35:00+08:00,26.95,76.8,881.0,31,9.024
2026-05-27 13:40:00+08:00,27.46,71.3,892.0,23,8.694
2026-05-27 13:45:00+08:00,26.42,80.0,892.0,22,8.122
2026-05-27 13:50:00+08:00,25.67,75.3,903.0,28,8.878
2026-05-27 13:55:00+08:00,26.71,72.4,940.0,41,9.02
2026-05-27 14:00:00+08:00,26.66,71.8,931.0,26,8.658
2026-05-27 14:05:00+08:00,26.73,74.8,935.0,23,8.559
2026-05-27 14:10:00+08:00,26.68,75.0,935.0,26,8.429
2026-05-27 14:15:00+08:00,27.16,74.0,933.0,24,8.614
2026-05-27 14:20:00+08:00,27.27,73.2,933.0,24,8.618
2026-05-27 14:25:00+08:00,26.76,78.1,939.0,25,8.162
2026-05-27 14:30:00+08:00,27.24,74.8,941.0,26,8.763
2026-05-27 14:35:00+08:00,26.9,71.4,953.0,34,8.954
2026-05-27 14:40:00+08:00,27.25,76.5,964.0,30,8.892
2026-05-27 14:45:00+08:00,26.24,74.2,976.0,31,9.014
2026-05-27 14:50:00+08:00,26.42,75.6,974.0,23,8.591
2026-05-27 14:55:00+08:00,27.06,75.6,943.0,13,8.018
2026-05-27 15:00:00+08:00,26.98,71.8,946.0,26,8.481
2026-05-27 15:05:00+08:00,26.93,73.1,952.0,23,8.382
2026-05-27 15:10:00+08:00,27.27,73.0,971.0,34,8.848
2026-05-27 15:15:00+08:00,26.09,73.1,967.0,23,8.12
2026-05-27 15:20:00+08:00,26.29,71.9,992.0,33,8.804
2026-05-27 15:25:00+08:00,26.76,69.8,979.0,21,8.414
2026-05-27 15:30:00+08:00,27.51,77.6,1004.0,38,9.199
2026-05-27 15:35:00+08:00,26.76,75.1,988.0,21,8.409
2026-05-27 15:40:00+08:00,26.24,71.5,991.0,29,8.617
2026-05-27 15:45:00+08:00,26.65,74.1,1002.0,34,8.92
2026-05-27 15:50:00+08:00,27.14,74.5,988.0,27,8.47
2026-05-27 15:55:00+08:00,26.46,72.1,979.0,26,8.769
2026-05-27 16:00:00+08:00,27.18,71.8,991.0,32,8.764
2026-05-27 16:05:00+08:00,26.96,74.9,1004.0,33,8.789
2026-05-27 16:10:00+08:00,27.29,75.0,1015.0,34,8.975
2026-05-27 16:15:00+08:00,27.28,73.9,1013.0,26,8.586
2026-05-27 16:20:00+08:00,26.62,75.4,1028.0,34,8.97
2026-05-27 16:25:00+08:00,27.03,68.6,1053.0,37,8.858
2026-05-27 16:30:00+08:00,26.73,77.8,1049.0,30,8.228
2026-05-27 16:35:00+08:00,26.5,72.3,1038.0,24,8.694
2026-05-27 16:40:00+08:00,27.06,75.9,1052.0,35,8.85
2026-05-27 16:45:00+08:00,26.8,74.9,1061.0,33,8.692
2026-05-27 16:45:00+08:00,26.8,74.9,1061.0,33,8.692
2026-05-27 16:50:00+08:00,26.22,78.6,1054.0,29,8.463
2026-05-27 16:55:00+08:00,26.34,73.2,1054.0,29,8.507
2026-05-27 17:00:00+08:00,26.31,73.8,1027.0,16,7.979
2026-05-27 17:05:00+08:00,26.76,75.2,1024.0,31,8.768
2026-05-27 17:10:00+08:00,26.55,80.5,1038.0,34,9.133
2026-05-27 17:15:00+08:00,26.33,72.7,1022.0,20,8.23
2026-05-27 17:20:00+08:00,27.14,74.3,1022.0,28,8.917
2026-05-27 17:25:00+08:00,25.46,74.4,1028.0,35,8.345
2026-05-27 17:30:00+08:00,25.58,76.8,1023.0,25,8.509
2026-05-27 17:35:00+08:00,25.19,79.9,1027.0,35,8.281
2026-05-27 17:40:00+08:00,26.54,76.3,1012.0,21,8.465
2026-05-27 17:45:00+08:00,26.6,73.1,1024.0,33,8.683
2026-05-27 17:50:00+08:00,25.71,73.3,1014.0,26,8.271
2026-05-27 17:55:00+08:00,25.41,76.1,1045.0,43,8.843
2026-05-27 18:00:00+08:00,30.07,68.6,986.0,0,3.896
2026-05-27 18:05:00+08:00,29.26,71.8,935.0,0,3.613
2026-05-27 18:10:00+08:00,28.95,71.9,886.0,0,3.855
2026-05-27 18:15:00+08:00,29.18,66.7,838.0,0,3.419
2026-05-27 18:20:00+08:00,29.64,69.0,802.0,0,3.849
2026-05-27 18:25:00+08:00,29.99,70.6,765.0,0,3.671
2026-05-27 18:30:00+08:00,28.41,70.8,729.0,0,3.409
2026-05-27 18:35:00+08:00,29.67,70.2,694.0,0,3.681
2026-05-27 18:40:00+08:00,29.85,75.7,668.0,0,3.217
2026-05-27 18:45:00+08:00,29.28,71.5,644.0,0,3.495
2026-05-27 18:50:00+08:00,29.37,72.2,620.0,0,3.156
2026-05-27 18:55:00+08:00,28.95,70.8,596.0,0,3.459
2026-05-27 19:00:00+08:00,28.73,70.6,584.0,0,3.298
2026-05-27 19:05:00+08:00,29.06,71.6,567.0,0,3.88
2026-05-27 19:10:00+08:00,29.0,67.5,550.0,0,3.647
2026-05-27 19:15:00+08:00,29.34,68.8,541.0,0,3.654
2026-05-27 19:20:00+08:00,28.7,73.3,521.0,0,3.019
2026-05-27 19:25:00+08:00,28.81,70.5,513.0,0,3.118
2026-05-27 19:30:00+08:00,28.47,67.2,504.0,0,3.265
2026-05-27 19:35:00+08:00,28.26,71.6,493.0,0,3.088
2026-05-27 19:40:00+08:00,28.75,71.7,484.0,0,3.497
2026-05-27 19:45:00+08:00,27.23,70.3,472.0,0,2.845
2026-05-27 19:50:00+08:00,28.38,68.4,472.0,0,3.5
2026-05-27 19:55:00+08:00,28.34,68.6,465.0,0,3.198
2026-05-27 20:00:00+08:00,27.73,76.4,465.0,0,2.824
2026-05-27 20:05:00+08:00,27.33,78.3,457.0,0,3.059
2026-05-27 20:10:00+08:00,27.69,75.4,453.0,0,2.963
2026-05-27 20:15:00+08:00,28.03,67.1,453.0,0,3.366
2026-05-27 20:20:00+08:00,27.65,71.5,443.0,0,3.008
2026-05-27 20:25:00+08:00,27.92,69.8,436.0,0,2.872
2026-05-27 20:30:00+08:00,28.02,69.4,443.0,0,3.18
2026-05-27 20:35:00+08:00,27.02,76.7,442.0,0,2.793
2026-05-27 20:40:00+08:00,27.46,73.4,441.0,0,3.016
2026-05-27 20:45:00+08:00,27.22,72.6,438.0,0,2.761
2026-05-27 20:50:00+08:00,27.27,75.1,429.0,0,2.58
2026-05-27 20:55:00+08:00,27.6,72.2,431.0,0,2.863
2026-05-27 21:00:00+08:00,26.61,73.8,430.0,0,2.593
2026-05-27 21:05:00+08:00,27.76,76.3,440.0,0,3.068
2026-05-27 21:10:00+08:00,27.22,71.7,429.0,0,2.827
2026-05-27 21:15:00+08:00,26.83,76.7,431.0,0,2.769
2026-05-27 21:20:00+08:00,27.84,74.6,429.0,0,3.371
2026-05-27 21:25:00+08:00,26.88,73.8,428.0,0,3.015
2026-05-27 21:30:00+08:00,26.38,78.2,422.0,0,3.126
2026-05-27 21:35:00+08:00,26.45,75.5,428.0,0,2.727
2026-05-27 21:40:00+08:00,26.62,75.5,433.0,0,2.521
2026-05-27 21:45:00+08:00,26.44,74.1,435.0,0,2.573
2026-05-27 21:50:00+08:00,26.28,77.1,431.0,0,2.671
2026-05-27 21:55:00+08:00,26.45,76.7,432.0,0,2.531
2026-05-27 22:00:00+08:00,27.0,79.1,428.0,0,2.49
2026-05-27 22:05:00+08:00,26.0,73.4,427.0,0,2.62
2026-05-27 22:10:00+08:00,26.48,73.6,421.0,0,2.856
2026-05-27 22:15:00+08:00,26.23,75.5,428.0,0,2.64
2026-05-27 22:20:00+08:00,26.73,74.6,428.0,0,2.595
2026-05-27 22:25:00+08:00,26.56,73.8,426.0,0,2.646
2026-05-27 22:30:00+08:00,25.41,73.6,427.0,0,2.5
2026-05-27 22:35:00+08:00,26.21,75.4,425.0,0,2.482
2026-05-27 22:40:00+08:00,26.24,74.0,428.0,0,2.628
2026-05-27 22:45:00+08:00,26.31,75.6,427.0,0,2.883
2026-05-27 22:50:00+08:00,26.1,76.8,421.0,0,2.518
2026-05-27 22:55:00+08:00,24.84,77.3,423.0,0,2.227
2026-05-27 23:00:00+08:00,25.92,75.0,428.0,0,2.606
2026-05-27 23:05:00+08:00,24.91,76.7,427.0,0,2.133
2026-05-27 23:10:00+08:00,25.5,73.7,424.0,0,2.438
2026-05-27 23:15:00+08:00,25.16,76.4,416.0,0,2.536
2026-05-27 23:20:00+08:00,24.74,79.7,413.0,0,2.163
2026-05-27 23:25:00+08:00,25.32,77.7,410.0,0,2.022
2026-05-27 23:30:00+08:00,25.36,76.4,417.0,0,2.395
2026-05-27 23:35:00+08:00,25.38,79.0,417.0,0,2.365
2026-05-27 23:40:00+08:00,25.02,82.0,412.0,0,2.121
2026-05-27 23:45:00+08:00,24.3,81.7,421.0,0,2.048
2026-05-27 23:50:00+08:00,24.87,82.0,420.0,0,1.881
2026-05-27 23:55:00+08:00,24.56,81.3,424.0,0,1.913
2026-05-28 00:00:00+08:00,24.83,78.5,417.0,0,2.517
2026-05-28 00:05:00+08:00,25.35,74.9,418.0,0,2.084
2026-05-28 00:10:00+08:00,25.21,79.1,424.0,0,2.141
2026-05-28 00:15:00+08:00,24.79,75.1,419.0,0,2.274
2026-05-28 00:20:00+08:00,25.53,76.8,426.0,0,2.371
2026-05-28 00:25:00+08:00,25.4,74.4,422.0,0,2.273
2026-05-28 00:30:00+08:00,24.63,77.2,416.0,0,2.124
2026-05-28 00:35:00+08:00,24.47,81.8,415.0,0,1.998
2026-05-28 00:40:00+08:00,24.45,80.9,407.0,0,1.727
2026-05-28 00:45:00+08:00,24.88,81.0,407.0,0,2.102
2026-05-28 00:50:00+08:00,24.03,79.0,404.0,0,1.668
2026-05-28 00:55:00+08:00,24.01,78.7,412.0,0,1.804
2026-05-28 01:00:00+08:00,24.61,78.3,406.0,0,1.832
2026-05-28 01:05:00+08:00,24.21,77.8,406.0,0,1.754
2026-05-28 01:10:00+08:00,24.32,80.2,407.0,0,2.073
2026-05-28 01:15:00+08:00,24.21,81.0,407.0,0,1.896
2026-05-28 01:20:00+08:00,23.92,81.6,400.0,0,1.922
2026-05-28 01:25:00+08:00,24.45,80.5,404.0,0,1.724
2026-05-28 01:25:00+08:00,24.45,80.5,404.0,0,1.724
2026-05-28 01:30:00+08:00,24.24,79.1,395.0,0,1.874
2026-05-28 01:35:00+08:00,23.29,75.6,391.0,0,1.8
2026-05-28 01:40:00+08:00,24.54,74.8,385.0,0,1.684
2026-05-28 01:45:00+08:00,24.03,75.7,390.0,0,2.012
2026-05-28 01:50:00+08:00,23.72,80.3,397.0,0,2.18
2026-05-28 01:55:00+08:00,24.19,78.3,396.0,0,1.967
2026-05-28 02:00:00+08:00,23.96,80.1,387.0,0,1.591
2026-05-28 02:05:00+08:00,23.33,78.9,386.0,0,2.017
2026-05-28 02:10:00+08:00,24.11,80.6,385.0,0,1.79
2026-05-28 02:15:00+08:00,23.36,83.2,380.0,0,1.893
2026-05-28 02:20:00+08:00,23.55,73.8,380.0,0,1.946
2026-05-28 02:25:00+08:00,23.77,83.9,384.0,0,1.759
2026-05-28 02:30:00+08:00,24.25,78.0,388.0,0,1.84
2026-05-28 02:35:00+08:00,24.23,74.9,390.0,0,2.058
2026-05-28 02:40:00+08:00,23.34,82.0,387.0,0,1.945
2026-05-28 02:45:00+08:00,24.67,83.6,389.0,0,1.804
2026-05-28 02:50:00+08:00,23.62,84.9,394.0,0,1.755
2026-05-28 02:55:00+08:00,23.76,84.8,397.0,0,1.527
2026-05-28 03:00:00+08:00,24.31,79.6,386.0,0,1.71
2026-05-28 03:05:00+08:00,23.8,80.7,393.0,0,1.996
2026-05-28 03:10:00+08:00,23.37,77.4,393.0,0,1.615
2026-05-28 03:15:00+08:00,24.04,80.9,406.0,0,1.607
2026-05-28 03:20:00+08:00,24.4,78.3,403.0,0,2.253
2026-05-28 03:25:00+08:00,23.7,77.8,400.0,0,1.857
2026-05-28 03:30:00+08:00,24.05,82.2,402.0,0,1.964
2026-05-28 03:35:00+08:00,24.78,75.7,403.0,0,1.958
2026-05-28 03:40:00+08:00,24.46,81.2,404.0,0,1.659
2026-05-28 03:45:00+08:00,24.52,79.5,409.0,0,2.048
2026-05-28 03:50:00+08:00,24.24,79.0,415.0,0,1.633
2026-05-28 03:55:00+08:00,23.73,83.4,414.0,0,2.076
2026-05-28 03:55:00+08:00,23.73,83.4,414.0,0,2.076
2026-05-28 04:00:00+08:00,24.02,77.2,417.0,0,1.637
2026-05-28 04:05:00+08:00,24.53,79.6,412.0,0,1.804
2026-05-28 04:10:00+08:00,23.96,77.7,410.0,0,1.791
2026-05-28 04:15:00+08:00,24.16,77.2,415.0,0,1.679
2026-05-28 04:20:00+08:00,23.77,76.9,419.0,0,1.791
2026-05-28 04:25:00+08:00,24.37,78.1,417.0,0,1.932
2026-05-28 04:30:00+08:00,23.54,81.9,419.0,0,1.513
2026-05-28 04:35:00+08:00,24.22,80.9,423.0,0,1.956
2026-05-28 04:40:00+08:00,24.38,80.8,418.0,0,2.057
2026-05-28 04:45:00+08:00,24.04,79.5,418.0,0,1.832
2026-05-28 04:50:00+08:00,24.47,80.4,418.0,0,1.994
2026-05-28 04:55:00+08:00,24.43,76.7,413.0,0,1.751
2026-05-28 05:00:00+08:00,24.15,78.6,414.0,0,1.977
2026-05-28 05:05:00+08:00,24.64,78.1,423.0,0,2.029
2026-05-28 05:10:00+08:00,24.77,77.8,428.0,0,2.251
2026-05-28 05:15:00+08:00,24.31,79.5,427.0,0,2.178
2026-05-28 05:20:00+08:00,24.82,81.7,428.0,0,2.053
2026-05-28 05:25:00+08:00,23.88,80.8,429.0,0,2.003
2026-05-28 05:30:00+08:00,24.96,80.9,432.0,0,1.972
2026-05-28 05:35:00+08:00,24.36,78.1,428.0,0,2.222
2026-05-28 05:40:00+08:00,24.43,81.9,419.0,0,1.978
2026-05-28 05:45:00+08:00,24.16,78.2,410.0,0,1.722
2026-05-28 05:50:00+08:00,25.12,76.7,414.0,0,2.041
2026-05-28 05:55:00+08:00,25.16,79.0,411.0,0,1.752
2026-05-28 06:00:00+08:00,25.33,76.4,403.0,0,2.325
2026-05-28 06:05:00+08:00,25.53,74.3,412.0,0,2.109
2026-05-28 06:10:00+08:00,24.46,78.8,415.0,0,2.22
2026-05-28 06:15:00+08:00,25.86,76.3,411.0,0,2.277
2026-05-28 06:20:00+08:00,25.59,77.9,420.0,0,2.331
2026-05-28 06:25:00+08:00,24.61,79.4,429.0,0,2.211
2026-05-28 06:30:00+08:00,25.17,75.3,434.0,0,2.373
2026-05-28 06:35:00+08:00,25.57,78.6,432.0,0,2.041
2026-05-28 06:40:00+08:00,24.54,77.4,432.0,0,2.154
2026-05-28 06:45:00+08:00,25.42,78.5,431.0,0,2.361
2026-05-28 06:50:00+08:00,25.28,80.2,431.0,0,2.266
2026-05-28 06:55:00+08:00,25.34,79.1,429.0,0,2.105
2026-05-28 07:00:00+08:00,25.79,78.6,428.0,0,2.149
2026-05-28 07:05:00+08:00,25.4,78.5,427.0,0,2.164
2026-05-28 07:10:00+08:00,25.69,80.2,428.0,0,2.339
2026-05-28 07:15:00+08:00,26.26,71.8,427.0,0,2.744
2026-05-28 07:20:00+08:00,25.09,78.5,436.0,0,2.358
2026-05-28 07:25:00+08:00,26.29,71.7,427.0,0,2.646
2026-05-28 07:30:00+08:00,26.01,73.6,430.0,0,2.407
2026-05-28 07:35:00+08:00,25.45,75.3,433.0,0,2.302
2026-05-28 07:40:00+08:00,26.69,80.1,435.0,0,2.272
2026-05-28 07:45:00+08:00,26.86,72.8,436.0,0,2.822
2026-05-28 07:50:00+08:00,27.2,73.4,432.0,0,2.829
2026-05-28 07:55:00+08:00,26.01,79.1,423.0,0,2.425
2026-05-28 08:00:00+08:00,22.81,80.9,477.0,24,7.117
2026-05-28 08:05:00+08:00,23.47,78.5,518.0,21,7.06
2026-05-28 08:10:00+08:00,23.21,81.7,578.0,32,7.456
2026-05-28 08:15:00+08:00,23.31,82.4,618.0,25,7.497
2026-05-28 08:20:00+08:00,22.65,82.7,657.0,30,7.044
2026-05-28 08:25:00+08:00,23.66,85.9,685.0,24,7.439
2026-05-28 08:30:00+08:00,23.03,82.4,738.0,38,8.027
2026-05-28 08:35:00+08:00,23.51,86.6,770.0,32,7.525
2026-05-28 08:40:00+08:00,22.81,84.7,786.0,27,7.302
2026-05-28 08:45:00+08:00,22.33,85.4,803.0,25,6.883
2026-05-28 08:50:00+08:00,23.67,78.1,801.0,18,7.335
2026-05-28 08:55:00+08:00,23.4,79.9,826.0,30,7.573
2026-05-28 09:00:00+08:00,23.05,79.1,848.0,30,7.684
2026-05-28 09:05:00+08:00,24.14,79.8,844.0,17,7.515
2026-05-28 09:10:00+08:00,24.14,79.7,843.0,20,7.313
2026-05-28 09:15:00+08:00,22.7,80.6,873.0,33,7.708
2026-05-28 09:20:00+08:00,23.72,80.7,884.0,26,7.473
2026-05-28 09:25:00+08:00,22.91,82.2,905.0,33,7.393
2026-05-28 09:30:00+08:00,23.92,79.9,917.0,27,7.658
2026-05-28 09:35:00+08:00,24.19,80.9,919.0,25,7.833
2026-05-28 09:40:00+08:00,24.17,79.0,929.0,33,7.803
2026-05-28 09:45:00+08:00,23.82,84.1,934.0,26,7.698
2026-05-28 09:50:00+08:00,24.6,74.2,931.0,23,7.816
2026-05-28 09:55:00+08:00,24.3,82.1,919.0,22,7.621
2026-05-28 10:00:00+08:00,25.23,76.8,941.0,34,7.839
2026-05-28 10:05:00+08:00,24.66,77.9,938.0,25,7.877
2026-05-28 10:10:00+08:00,24.54,80.2,942.0,22,7.814
2026-05-28 10:15:00+08:00,25.06,77.9,935.0,23,7.791
2026-05-28 10:20:00+08:00,25.15,74.0,954.0,35,8.472
2026-05-28 10:25:00+08:00,24.17,77.0,967.0,27,7.86
2026-05-28 10:30:00+08:00,24.32,73.0,985.0,30,7.722
2026-05-28 10:35:00+08:00,25.07,77.8,976.0,24,7.899
2026-05-28 10:40:00+08:00,24.81,78.6,982.0,30,8.239
2026-05-28 10:45:00+08:00,25.09,74.6,974.0,25,7.809
2026-05-28 10:50:00+08:00,25.72,77.3,992.0,32,8.362
2026-05-28 10:55:00+08:00,25.54,76.7,1014.0,36,8.766
2026-05-28 11:00:00+08:00,25.37,75.2,1007.0,26,8.234
2026-05-28 11:05:00+08:00,25.71,76.6,1004.0,28,8.192
2026-05-28 11:10:00+08:00,25.19,73.0,1014.0,30,8.218
2026-05-28 11:15:00+08:00,25.69,77.0,1027.0,32,8.408
2026-05-28 11:20:00+08:00,25.33,72.2,1049.0,36,8.446
2026-05-28 11:25:00+08:00,25.43,73.5,1039.0,26,8.133
2026-05-28 11:30:00+08:00,25.87,76.3,1040.0,29,8.001
2026-05-28 11:35:00+08:00,26.31,75.5,1042.0,29,8.531
2026-05-28 11:40:00+08:00,25.71,73.7,1036.0,27,8.443
2026-05-28 11:45:00+08:00,26.07,73.9,1026.0,24,8.409
2026-05-28 11:50:00+08:00,25.48,78.6,1017.0,24,8.283
2026-05-28 11:55:00+08:00,25.37,77.8,1012.0,27,8.086
2026-05-28 12:00:00+08:00,25.98,79.0,961.0,4,7.7
2026-05-28 12:05:00+08:00,25.85,74.0,924.0,7,7.604
2026-05-28 12:10:00+08:00,26.03,73.7,889.0,6,7.607
2026-05-28 12:15:00+08:00,26.23,75.6,856.0,9,7.604
2026-05-28 12:20:00+08:00,26.76,72.1,832.0,10,7.965
2026-05-28 12:25:00+08:00,26.27,78.3,802.0,7,7.836
2026-05-28 12:30:00+08:00,25.84,75.5,787.0,11,7.774
2026-05-28 12:35:00+08:00,27.07,74.9,766.0,11,7.899
2026-05-28 12:40:00+08:00,25.6,79.4,743.0,10,7.639
2026-05-28 12:40:00+08:00,25.6,79.4,743.0,10,7.639
2026-05-28 12:45:00+08:00,26.27,77.9,724.0,9,7.696
2026-05-28 12:50:00+08:00,26.34,68.8,710.0,11,8.198
2026-05-28 12:55:00+08:00,26.12,76.2,706.0,8,7.728
2026-05-28 13:00:00+08:00,26.81,73.7,755.0,39,8.755
2026-05-28 13:05:00+08:00,26.78,73.9,765.0,19,8.161
2026-05-28 13:10:00+08:00,27.02,72.4,793.0,31,9.001
2026-05-28 13:15:00+08:00,26.51,76.5,837.0,39,9.133
2026-05-28 13:20:00+08:00,26.06,74.3,848.0,25,8.411
2026-05-28 13:25:00+08:00,27.17,74.8,846.0,20,8.633
2026-05-28 13:30:00+08:00,27.05,73.3,850.0,21,8.257
2026-05-28 13:35:00+08:00,26.55,76.6,874.0,31,8.782
2026-05-28 13:40:00+08:00,26.73,77.5,889.0,24,8.563
2026-05-28 13:45:00+08:00,26.99,71.9,894.0,25,8.237
2026-05-28 13:50:00+08:00,25.68,78.0,938.0,40,9.207
2026-05-28 13:55:00+08:00,26.99,73.5,922.0,18,8.42
2026-05-28 14:00:00+08:00,27.2,76.7,922.0,23,8.718
2026-05-28 14:05:00+08:00,26.59,77.1,927.0,24,8.46
2026-05-28 14:10:00+08:00,26.54,76.7,930.0,26,8.419
2026-05-28 14:15:00+08:00,27.64,75.8,946.0,32,8.911
2026-05-28 14:20:00+08:00,26.47,74.1,938.0,23,8.804
2026-05-28 14:25:00+08:00,26.47,75.2,942.0,25,8.604
2026-05-28 14:30:00+08:00,26.52,72.7,927.0,17,8.34
2026-05-28 14:35:00+08:00,27.26,75.6,958.0,34,9.142
2026-05-28 14:40:00+08:00,26.8,75.6,966.0,29,8.498
2026-05-28 14:45:00+08:00,27.03,78.4,1009.0,43,9.142
2026-05-28 14:50:00+08:00,26.85,73.1,999.0,21,7.956
2026-05-28 14:55:00+08:00,27.12,70.1,1000.0,28,8.403
2026-05-28 15:00:00+08:00,26.7,78.0,1022.0,35,8.903
2026-05-28 15:05:00+08:00,27.86,78.8,1006.0,21,8.402
2026-05-28 15:10:00+08:00,27.65,72.5,995.0,21,8.69
2026-05-28 15:15:00+08:00,26.92,75.9,991.0,25,8.521
2026-05-28 15:20:00+08:00,26.87,70.1,1032.0,45,9.327
2026-05-28 15:25:00+08:00,26.7,76.8,1022.0,21,8.491
2026-05-28 15:30:00+08:00,27.38,73.5,1013.0,24,8.622
2026-05-28 15:35:00+08:00,26.78,71.8,993.0,22,8.439
2026-05-28 15:40:00+08:00,27.31,79.7,997.0,26,8.807
2026-05-28 15:45:00+08:00,27.14,77.3,999.0,30,8.672
2026-05-28 15:50:00+08:00,26.85,75.6,985.0,20,8.429
2026-05-28 15:55:00+08:00,26.99,77.5,985.0,27,8.404
2026-05-28 16:00:00+08:00,26.66,73.5,967.0,21,8.458
2026-05-28 16:05:00+08:00,27.57,70.7,993.0,39,9.37
2026-05-28 16:10:00+08:00,26.28,75.8,1003.0,31,8.777
2026-05-28 16:15:00+08:00,26.97,68.3,994.0,24,8.638
2026-05-28 16:20:00+08:00,25.88,77.6,1003.0,26,8.222
2026-05-28 16:25:00+08:00,26.72,74.3,1008.0,31,8.551
2026-05-28 16:30:00+08:00,26.6,74.6,1012.0,29,8.541
2026-05-28 16:35:00+08:00,26.67,75.5,997.0,21,8.409
2026-05-28 16:40:00+08:00,26.78,73.1,1001.0,26,8.475
2026-05-28 16:45:00+08:00,26.12,77.7,973.0,14,7.944
2026-05-28 16:50:00+08:00,26.62,74.0,960.0,23,8.281
2026-05-28 16:55:00+08:00,27.04,72.5,1005.0,45,9.349
2026-05-28 17:00:00+08:00,26.71,81.1,1000.0,23,8.513
2026-05-28 17:05:00+08:00,26.32,75.3,1000.0,31,8.7
2026-05-28 17:10:00+08:00,25.93,75.0,1005.0,29,8.506
2026-05-28 17:15:00+08:00,26.04,75.5,1018.0,35,8.857
2026-05-28 17:20:00+08:00,26.24,74.5,1019.0,27,8.228
2026-05-28 17:25:00+08:00,26.17,75.5,1009.0,23,8.029
2026-05-28 17:30:00+08:00,26.8,75.1,1009.0,30,8.499
2026-05-28 17:35:00+08:00,26.62,78.5,1030.0,35,8.544
2026-05-28 17:40:00+08:00,26.31,72.7,1016.0,19,8.11
2026-05-28 17:45:00+08:00,26.55,74.1,1010.0,25,8.652
2026-05-28 17:50:00+08:00,25.66,74.7,1027.0,37,8.855
2026-05-28 17:55:00+08:00,25.56,79.7,1032.0,27,7.962
2026-05-28 18:00:00+08:00,29.92,68.3,970.0,0,4.099
2026-05-28 18:05:00+08:00,29.75,70.1,918.0,0,3.717
2026-05-28 18:10:00+08:00,28.72,70.3,866.0,0,3.823
2026-05-28 18:15:00+08:00,29.87,63.2,815.0,0,3.618
2026-05-28 18:20:00+08:00,29.43,67.1,778.0,0,3.676
2026-05-28 18:25:00+08:00,30.42,70.1,747.0,0,4.12
2026-05-28 18:30:00+08:00,28.93,67.2,717.0,0,3.092
2026-05-28 18:35:00+08:00,29.3,70.9,698.0,0,3.538
2026-05-28 18:40:00+08:00,29.22,66.6,677.0,0,3.588
2026-05-28 18:45:00+08:00,29.41,70.0,649.0,0,3.642
2026-05-28 18:50:00+08:00,29.41,69.5,638.0,0,3.373
2026-05-28 18:55:00+08:00,28.11,71.3,618.0,0,3.131
2026-05-28 19:00:00+08:00,28.64,74.6,591.0,0,3.451
2026-05-28 19:05:00+08:00,28.68,70.2,577.0,0,3.302
2026-05-28 19:10:00+08:00,28.6,73.6,567.0,0,3.478
2026-05-28 19:15:00+08:00,28.14,73.3,562.0,0,3.178
2026-05-28 19:20:00+08:00,28.95,75.7,553.0,0,3.627
2026-05-28 19:25:00+08:00,29.13,67.4,546.0,0,3.657
2026-05-28 19:30:00+08:00,27.75,71.8,536.0,0,3.009
2026-05-28 19:35:00+08:00,27.3,69.2,525.0,0,2.951
2026-05-28 19:40:00+08:00,28.69,71.3,508.0,0,3.397
2026-05-28 19:45:00+08:00,29.03,71.4,503.0,0,3.256
2026-05-28 19:50:00+08:00,28.67,73.3,497.0,0,3.598
2026-05-28 19:55:00+08:00,27.6,75.9,490.0,0,3.132
2026-05-28 20:00:00+08:00,28.47,71.8,486.0,0,3.248
2026-05-28 20:05:00+08:00,28.24,75.8,492.0,0,3.429
2026-05-28 20:10:00+08:00,27.69,69.3,476.0,0,3.142
2026-05-28 20:15:00+08:00,28.39,74.0,469.0,0,3.178
2026-05-28 20:20:00+08:00,27.44,69.8,463.0,0,2.991
2026-05-28 20:20:00+08:00,27.44,69.8,463.0,0,2.991
2026-05-28 20:25:00+08:00,28.49,71.7,465.0,0,3.49
2026-05-28 20:30:00+08:00,27.27,73.8,454.0,0,3.006
2026-05-28 20:35:00+08:00,27.76,79.8,445.0,0,3.299
2026-05-28 20:40:00+08:00,27.74,74.8,432.0,0,2.927
2026-05-28 20:45:00+08:00,28.47,69.5,443.0,0,3.291
2026-05-28 20:50:00+08:00,26.92,74.2,444.0,0,3.128
2026-05-28 20:55:00+08:00,27.94,70.1,437.0,0,3.209
2026-05-28 21:00:00+08:00,27.89,71.3,434.0,0,2.975
2026-05-28 21:05:00+08:00,27.13,73.3,426.0,0,2.687
2026-05-28 21:10:00+08:00,27.89,72.6,430.0,0,3.194
2026-05-28 21:15:00+08:00,27.08,73.7,434.0,0,2.854
2026-05-28 21:20:00+08:00,26.69,72.6,434.0,0,2.569
2026-05-28 21:25:00+08:00,26.42,72.9,436.0,0,2.658
2026-05-28 21:30:00+08:00,27.12,76.3,428.0,0,2.623
2026-05-28 21:35:00+08:00,26.94,72.0,425.0,0,2.676
2026-05-28 21:40:00+08:00,26.68,75.5,419.0,0,2.927
2026-05-28 21:45:00+08:00,26.45,69.4,417.0,0,2.782
2026-05-28 21:50:00+08:00,26.35,74.5,425.0,0,2.708
2026-05-28 21:55:00+08:00,26.4,76.3,428.0,0,2.82
2026-05-28 22:00:00+08:00,26.35,79.9,427.0,0,2.611
2026-05-28 22:05:00+08:00,25.78,76.3,423.0,0,2.377
2026-05-28 22:10:00+08:00,26.1,76.1,419.0,0,2.434
2026-05-28 22:15:00+08:00,25.67,80.9,419.0,0,2.571
2026-05-28 22:20:00+08:00,26.44,74.6,421.0,0,2.889
2026-05-28 22:25:00+08:00,25.28,71.0,411.0,0,2.229
2026-05-28 22:30:00+08:00,26.25,79.6,402.0,0,2.4
2026-05-28 22:35:00+08:00,25.86,76.0,403.0,0,2.538
2026-05-28 22:40:00+08:00,25.58,78.2,401.0,0,2.249
2026-05-28 22:45:00+08:00,25.32,77.2,392.0,0,2.353
2026-05-28 22:50:00+08:00,25.57,78.9,399.0,0,2.416
2026-05-28 22:55:00+08:00,26.23,74.7,407.0,0,2.357
2026-05-28 23:00:00+08:00,25.15,79.1,409.0,0,2.272
2026-05-28 23:05:00+08:00,26.13,76.3,410.0,0,2.648
2026-05-28 23:10:00+08:00,25.74,75.3,411.0,0,2.419
2026-05-28 23:15:00+08:00,25.62,72.6,414.0,0,3.031
2026-05-28 23:20:00+08:00,25.26,79.5,413.0,0,2.055
2026-05-28 23:25:00+08:00,25.73,78.7,410.0,0,2.481
2026-05-28 23:30:00+08:00,24.41,81.5,407.0,0,1.895
2026-05-28 23:35:00+08:00,25.3,71.7,399.0,0,2.469
2026-05-28 23:40:00+08:00,24.78,76.7,395.0,0,2.04
2026-05-28 23:45:00+08:00,24.77,76.6,402.0,0,1.993
2026-05-28 23:50:00+08:00,25.23,77.7,402.0,0,2.216
2026-05-28 23:55:00+08:00,25.63,77.5,400.0,0,2.361
2026-05-29 00:00:00+08:00,25.84,75.2,399.0,0,2.116
2026-05-29 00:05:00+08:00,24.82,80.5,398.0,0,2.363
2026-05-29 00:10:00+08:00,25.2,77.0,400.0,0,2.239
2026-05-29 00:15:00+08:00,25.22,76.0,401.0,0,2.409
2026-05-29 00:20:00+08:00,24.31,80.2,406.0,0,1.807
2026-05-29 00:25:00+08:00,24.48,78.1,411.0,0,2.17
2026-05-29 00:30:00+08:00,24.82,76.8,421.0,0,2.017
2026-05-29 00:35:00+08:00,24.94,80.9,426.0,0,2.343
2026-05-29 00:40:00+08:00,24.8,75.3,421.0,0,1.823
2026-05-29 00:45:00+08:00,23.78,82.7,424.0,0,1.631
2026-05-29 00:50:00+08:00,24.61,82.0,427.0,0,2.415
2026-05-29 00:55:00+08:00,24.86,76.4,433.0,0,1.837
2026-05-29 01:00:00+08:00,25.23,-999.0,424.0,0,2.137
2026-05-29 01:05:00+08:00,23.41,81.4,424.0,0,1.495
2026-05-29 01:10:00+08:00,24.6,79.7,422.0,0,2.103
2026-05-29 01:15:00+08:00,24.46,78.9,426.0,0,1.727
2026-05-29 01:20:00+08:00,23.68,85.2,416.0,0,1.91
2026-05-29 01:25:00+08:00,24.08,76.9,419.0,0,1.769
2026-05-29 01:30:00+08:00,24.04,82.9,416.0,0,2.146
2026-05-29 01:35:00+08:00,24.08,77.6,416.0,0,2.048
2026-05-29 01:40:00+08:00,23.32,80.0,410.0,0,1.711
2026-05-29 01:45:00+08:00,23.86,76.7,414.0,0,1.327
2026-05-29 01:50:00+08:00,23.72,78.1,416.0,0,1.852
2026-05-29 01:55:00+08:00,24.53,79.8,417.0,0,1.939
2026-05-29 02:00:00+08:00,23.73,81.0,417.0,0,1.465
2026-05-29 02:05:00+08:00,24.1,77.8,427.0,0,1.641
2026-05-29 02:10:00+08:00,24.11,84.7,429.0,0,2.143
2026-05-29 02:15:00+08:00,24.36,76.1,436.0,0,1.889
2026-05-29 02:20:00+08:00,23.69,80.9,437.0,0,1.641
2026-05-29 02:25:00+08:00,24.55,76.9,431.0,0,1.552
2026-05-29 02:30:00+08:00,24.24,81.2,428.0,0,2.054
2026-05-29 02:35:00+08:00,23.13,83.9,425.0,0,1.637
2026-05-29 02:40:00+08:00,22.95,80.7,418.0,0,1.716
2026-05-29 02:45:00+08:00,23.86,77.7,414.0,0,1.759
2026-05-29 02:50:00+08:00,23.22,85.3,413.0,0,1.836
2026-05-29 02:55:00+08:00,23.94,85.5,425.0,0,2.049
2026-05-29 03:00:00+08:00,24.22,79.9,425.0,0,1.73
2026-05-29 03:05:00+08:00,24.31,74.4,430.0,0,1.621
2026-05-29 03:10:00+08:00,24.06,75.4,426.0,0,1.745
2026-05-29 03:15:00+08:00,23.75,78.7,430.0,0,1.898
2026-05-29 03:20:00+08:00,24.08,76.2,430.0,0,1.923
2026-05-29 03:25:00+08:00,23.73,79.1,428.0,0,1.625
2026-05-29 03:30:00+08:00,24.17,76.3,427.0,0,1.776
2026-05-29 03:35:00+08:00,23.71,80.3,429.0,0,1.954
2026-05-29 03:40:00+08:00,24.7,76.0,427.0,0,1.867
2026-05-29 03:45:00+08:00,24.48,81.6,429.0,0,2.191
2026-05-29 03:50:00+08:00,23.93,81.6,432.0,0,2.024
2026-05-29 03:55:00+08:00,24.31,82.1,428.0,0,2.251
2026-05-29 04:00:00+08:00,23.8,83.7,427.0,0,1.799
2026-05-29 04:05:00+08:00,24.68,81.0,431.0,0,1.713
2026-05-29 04:10:00+08:00,23.96,79.9,429.0,0,1.971
2026-05-29 04:15:00+08:00,23.58,85.1,432.0,0,1.509
2026-05-29 04:20:00+08:00,24.08,77.3,434.0,0,1.789
2026-05-29 04:25:00+08:00,24.32,80.7,430.0,0,1.951
2026-05-29 04:30:00+08:00,24.01,81.8,429.0,0,2.144
2026-05-29 04:35:00+08:00,23.23,78.8,415.0,0,1.482
2026-05-29 04:40:00+08:00,23.5,82.4,407.0,0,1.691
2026-05-29 04:45:00+08:00,24.08,78.5,423.0,0,1.686
2026-05-29 04:50:00+08:00,24.19,77.7,426.0,0,1.829
2026-05-29 04:55:00+08:00,24.23,79.1,433.0,0,1.71
2026-05-29 05:00:00+08:00,24.48,81.0,436.0,0,2.021
2026-05-29 05:05:00+08:00,24.13,77.7,440.0,0,1.893
2026-05-29 05:10:00+08:00,24.48,76.7,439.0,0,1.992
2026-05-29 05:15:00+08:00,24.42,80.0,433.0,0,2.335
2026-05-29 05:20:00+08:00,24.68,74.6,439.0,0,2.14
2026-05-29 05:25:00+08:00,24.36,80.3,443.0,0,2.293
2026-05-29 05:30:00+08:00,24.52,76.3,443.0,0,1.971
2026-05-29 05:35:00+08:00,24.46,81.5,436.0,0,2.301
2026-05-29 05:40:00+08:00,24.65,80.6,434.0,0,2.013
2026-05-29 05:45:00+08:00,23.69,77.2,434.0,0,2.135
2026-05-29 05:50:00+08:00,24.58,75.2,428.0,0,1.894
2026-05-29 05:55:00+08:00,24.56,78.9,429.0,0,2.03
2026-05-29 06:00:00+08:00,24.79,84.2,429.0,0,2.117
2026-05-29 06:05:00+08:00,24.36,77.9,428.0,0,1.807
2026-05-29 06:10:00+08:00,24.52,78.9,415.0,0,2.306
2026-05-29 06:15:00+08:00,25.79,77.7,410.0,0,2.159
2026-05-29 06:20:00+08:00,25.0,77.4,407.0,0,1.83
2026-05-29 06:25:00+08:00,25.17,74.4,408.0,0,2.029
2026-05-29 06:30:00+08:00,24.57,78.5,407.0,0,2.016
2026-05-29 06:35:00+08:00,25.35,78.9,399.0,0,1.952
2026-05-29 06:40:00+08:00,24.76,78.9,406.0,0,2.277
2026-05-29 06:45:00+08:00,25.77,76.8,408.0,0,2.223
2026-05-29 06:50:00+08:00,25.11,75.7,407.0,0,2.342
2026-05-29 06:55:00+08:00,25.49,81.2,400.0,0,2.322
2026-05-29 07:00:00+08:00,25.21,79.5,393.0,0,2.148
2026-05-29 07:05:00+08:00,25.13,78.7,400.0,0,2.211
2026-05-29 07:10:00+08:00,26.07,76.9,388.0,0,2.703
2026-05-29 07:15:00+08:00,26.15,76.5,387.0,0,2.293
2026-05-29 07:20:00+08:00,27.09,71.4,386.0,0,2.922
2026-05-29 07:25:00+08:00,25.8,76.3,397.0,0,2.348
2026-05-29 07:30:00+08:00,26.09,68.6,404.0,0,2.708
2026-05-29 07:35:00+08:00,26.73,73.8,404.0,0,2.368
2026-05-29 07:40:00+08:00,25.33,77.9,407.0,0,2.262
2026-05-29 07:45:00+08:00,25.6,75.0,411.0,0,2.736
2026-05-29 07:50:00+08:00,26.78,73.8,407.0,0,2.951
2026-05-29 07:55:00+08:00,26.5,75.2,413.0,0,2.285
2026-05-29 08:00:00+08:00,22.86,85.4,463.0,23,6.897
2026-05-29 08:05:00+08:00,22.61,83.0,529.0,33,7.596
2026-05-29 08:10:00+08:00,22.59,84.9,567.0,24,7.276
2026-05-29 08:15:00+08:00,22.63,84.1,598.0,21,7.322
2026-05-29 08:20:00+08:00,22.9,81.7,646.0,29,7.186
2026-05-29 08:25:00+08:00,22.4,85.7,689.0,31,7.215
2026-05-29 08:30:00+08:00,23.39,80.9,734.0,36,7.827
2026-05-29 08:35:00+08:00,22.82,86.2,750.0,22,7.148
2026-05-29 08:40:00+08:00,23.28,81.1,785.0,30,7.569
2026-05-29 08:45:00+08:00,23.16,81.1,794.0,27,7.4
2026-05-29 08:50:00+08:00,23.45,79.6,807.0,23,7.194
2026-05-29 08:55:00+08:00,24.05,80.9,820.0,22,7.587
2026-05-29 09:00:00+08:00,23.13,81.4,830.0,26,7.448
2026-05-29 09:05:00+08:00,23.55,83.8,846.0,29,7.661
2026-05-29 09:10:00+08:00,23.37,85.3,838.0,18,6.992
2026-05-29 09:15:00+08:00,23.76,75.3,851.0,27,7.349
2026-05-29 09:20:00+08:00,23.9,83.0,869.0,29,7.639
2026-05-29 09:25:00+08:00,24.25,83.9,898.0,38,7.968
2026-05-29 09:30:00+08:00,24.4,74.1,914.0,29,8.047
2026-05-29 09:35:00+08:00,23.72,78.4,912.0,25,7.241
2026-05-29 09:40:00+08:00,24.16,77.6,924.0,28,7.687
2026-05-29 09:45:00+08:00,24.61,79.2,926.0,22,7.502
2026-05-29 09:50:00+08:00,24.57,78.8,930.0,28,8.365
2026-05-29 09:55:00+08:00,24.47,82.0,947.0,31,8.077
2026-05-29 10:00:00+08:00,25.2,78.1,946.0,29,8.013
2026-05-29 10:05:00+08:00,24.76,78.5,925.0,15,7.615
2026-05-29 10:10:00+08:00,25.31,82.1,923.0,25,8.056
2026-05-29 10:15:00+08:00,24.27,-999.0,911.0,19,7.507
2026-05-29 10:20:00+08:00,24.8,78.6,928.0,32,8.027
2026-05-29 10:25:00+08:00,24.64,78.8,938.0,28,7.639
2026-05-29 10:30:00+08:00,24.57,79.5,958.0,36,8.478
2026-05-29 10:35:00+08:00,24.25,78.2,971.0,34,7.437
2026-05-29 10:40:00+08:00,25.27,79.0,989.0,38,8.259
2026-05-29 10:45:00+08:00,24.05,77.5,1001.0,31,7.641
2026-05-29 10:50:00+08:00,25.45,76.1,989.0,22,8.079
2026-05-29 10:55:00+08:00,25.21,79.1,969.0,19,7.568
2026-05-29 11:00:00+08:00,25.9,76.6,960.0,21,8.307
2026-05-29 11:05:00+08:00,25.51,79.6,966.0,29,7.672
2026-05-29 11:10:00+08:00,25.76,74.6,980.0,31,8.465
2026-05-29 11:15:00+08:00,25.69,77.4,984.0,27,8.107
2026-05-29 11:20:00+08:00,25.45,76.8,982.0,27,8.46
2026-05-29 11:25:00+08:00,25.62,75.5,987.0,30,8.531
2026-05-29 11:30:00+08:00,25.1,80.6,995.0,29,7.994
2026-05-29 11:35:00+08:00,25.33,78.2,1017.0,34,8.515
2026-05-29 11:40:00+08:00,25.57,80.6,1013.0,28,8.382
2026-05-29 11:45:00+08:00,25.74,78.0,1016.0,30,8.033
2026-05-29 11:50:00+08:00,26.12,76.4,1001.0,19,8.098
2026-05-29 11:55:00+08:00,25.89,77.3,1001.0,27,8.489
2026-05-29 12:00:00+08:00,25.85,77.5,972.0,8,7.532
2026-05-29 12:05:00+08:00,25.84,75.3,925.0,9,7.581
2026-05-29 12:10:00+08:00,26.29,76.4,896.0,11,7.848
2026-05-29 12:15:00+08:00,25.51,74.1,873.0,12,7.694
2026-05-29 12:20:00+08:00,25.69,75.8,857.0,13,7.528
2026-05-29 12:25:00+08:00,26.65,75.2,841.0,12,8.336
2026-05-29 12:30:00+08:00,26.11,77.3,830.0,12,7.665
2026-05-29 12:35:00+08:00,26.48,74.0,808.0,11,7.823
2026-05-29 12:40:00+08:00,26.21,74.9,796.0,11,7.797
2026-05-29 12:45:00+08:00,27.08,71.9,773.0,10,7.929
2026-05-29 12:50:00+08:00,26.68,74.2,764.0,12,7.653
2026-05-29 12:55:00+08:00,26.4,75.0,757.0,10,7.754
2026-05-29 13:00:00+08:00,26.71,70.0,761.0,22,8.007
2026-05-29 13:00:00+08:00,26.71,70.0,761.0,22,8.007
2026-05-29 13:05:00+08:00,26.24,76.3,782.0,26,8.632
2026-05-29 13:10:00+08:00,26.25,74.0,797.0,22,8.136
2026-05-29 13:15:00+08:00,26.73,73.7,813.0,25,8.638
2026-05-29 13:20:00+08:00,25.81,73.3,839.0,32,8.538
2026-05-29 13:25:00+08:00,25.95,77.7,830.0,21,8.114
2026-05-29 13:30:00+08:00,26.58,77.0,825.0,18,8.193
2026-05-29 13:35:00+08:00,26.56,72.9,845.0,33,8.466
2026-05-29 13:40:00+08:00,26.75,75.8,875.0,32,8.988
2026-05-29 13:45:00+08:00,26.6,75.3,900.0,35,8.877
2026-05-29 13:50:00+08:00,26.8,77.1,902.0,21,8.566
2026-05-29 13:55:00+08:00,27.15,74.3,893.0,21,8.509
2026-05-29 14:00:00+08:00,26.69,76.2,910.0,35,8.611
2026-05-29 14:05:00+08:00,27.07,73.9,932.0,34,8.898
2026-05-29 14:10:00+08:00,27.16,75.1,956.0,35,9.258
2026-05-29 14:15:00+08:00,27.45,73.7,966.0,30,8.631
2026-05-29 14:20:00+08:00,26.87,73.9,964.0,26,8.359
2026-05-29 14:25:00+08:00,26.55,74.2,972.0,28,8.324
2026-05-29 14:30:00+08:00,26.67,77.4,983.0,32,8.285
2026-05-29 14:35:00+08:00,26.87,77.1,983.0,27,8.819
2026-05-29 14:40:00+08:00,26.77,73.2,976.0,25,8.146
2026-05-29 14:45:00+08:00,26.68,76.3,982.0,28,8.588
2026-05-29 14:50:00+08:00,27.1,75.5,980.0,29,8.654
2026-05-29 14:55:00+08:00,26.95,77.6,1004.0,39,9.182
2026-05-29 15:00:00+08:00,26.68,78.0,1002.0,28,8.546
2026-05-29 15:05:00+08:00,27.38,79.4,999.0,22,8.613
2026-05-29 15:10:00+08:00,26.61,77.7,1016.0,32,8.871
2026-05-29 15:10:00+08:00,26.61,77.7,1016.0,32,8.871
2026-05-29 15:15:00+08:00,26.4,75.0,1023.0,35,9.352
2026-05-29 15:20:00+08:00,27.35,76.4,1034.0,35,9.054
2026-05-29 15:25:00+08:00,27.18,73.0,1008.0,16,8.558
2026-05-29 15:30:00+08:00,26.91,75.5,1007.0,32,8.849
2026-05-29 15:35:00+08:00,26.56,72.2,1008.0,30,8.571
2026-05-29 15:40:00+08:00,26.71,73.1,996.0,24,8.53
2026-05-29 15:45:00+08:00,27.29,77.2,987.0,24,8.691
2026-05-29 15:50:00+08:00,27.27,70.5,970.0,20,8.336
2026-05-29 15:55:00+08:00,27.33,70.7,969.0,24,8.756
2026-05-29 16:00:00+08:00,26.74,75.7,978.0,29,8.412
2026-05-29 16:05:00+08:00,27.29,78.2,1009.0,38,9.338
2026-05-29 16:10:00+08:00,26.53,77.8,1024.0,38,8.838
2026-05-29 16:15:00+08:00,26.59,74.8,1005.0,22,8.496
2026-05-29 16:20:00+08:00,26.62,75.6,1002.0,30,8.71
2026-05-29 16:25:00+08:00,27.05,74.0,990.0,25,8.708
2026-05-29 16:30:00+08:00,26.23,79.1,978.0,24,8.542
2026-05-29 16:35:00+08:00,26.89,74.6,1011.0,41,9.231
2026-05-29 16:40:00+08:00,25.98,74.5,1037.0,38,8.499
2026-05-29 16:45:00+08:00,27.36,74.4,1050.0,35,9.049
2026-05-29 16:50:00+08:00,26.63,72.2,1029.0,21,8.338
2026-05-29 16:55:00+08:00,26.36,74.3,1005.0,19,7.924
2026-05-29 17:00:00+08:00,26.21,75.1,996.0,22,8.265
2026-05-29 17:05:00+08:00,26.64,73.9,1011.0,34,9.049
2026-05-29 17:10:00+08:00,26.8,76.8,1007.0,31,8.318
2026-05-29 17:15:00+08:00,26.62,75.4,995.0,21,8.035
2026-05-29 17:20:00+08:00,26.69,73.9,999.0,28,8.799
2026-05-29 17:25:00+08:00,26.39,75.9,998.0,27,8.375
2026-05-29 17:30:00+08:00,26.93,71.1,1010.0,30,8.823
2026-05-29 17:35:00+08:00,26.41,74.4,1009.0,27,8.292
2026-05-29 17:40:00+08:00,26.84,72.2,1008.0,30,8.981
2026-05-29 17:45:00+08:00,25.25,78.9,992.0,21,7.752
2026-05-29 17:50:00+08:00,25.9,74.1,993.0,32,8.404
2026-05-29 17:55:00+08:00,26.2,73.6,1020.0,37,8.384
2026-05-29 18:00:00+08:00,29.25,68.1,957.0,0,3.494
2026-05-29 18:05:00+08:00,30.05,70.7,907.0,0,3.876
2026-05-29 18:10:00+08:00,29.59,65.1,849.0,0,3.5
2026-05-29 18:15:00+08:00,29.48,67.0,817.0,0,3.212
2026-05-29 18:20:00+08:00,30.44,67.9,783.0,0,3.658
2026-05-29 18:25:00+08:00,28.84,69.6,745.0,0,3.217
2026-05-29 18:30:00+08:00,29.22,68.2,704.0,0,3.522
2026-05-29 18:35:00+08:00,29.16,75.4,680.0,0,3.332
2026-05-29 18:40:00+08:00,29.11,72.7,656.0,0,3.646
2026-05-29 18:45:00+08:00,29.05,71.8,629.0,0,3.383
2026-05-29 18:50:00+08:00,28.48,69.8,614.0,0,3.355
2026-05-29 18:55:00+08:00,29.46,70.3,589.0,0,3.601
2026-05-29 19:00:00+08:00,29.15,72.0,574.0,0,3.382
2026-05-29 19:05:00+08:00,28.91,73.3,558.0,0,3.399
2026-05-29 19:10:00+08:00,28.47,69.1,536.0,0,3.189
2026-05-29 19:15:00+08:00,29.34,68.8,527.0,0,3.718
2026-05-29 19:20:00+08:00,29.39,65.7,517.0,0,3.622
2026-05-29 19:25:00+08:00,28.56,72.6,510.0,0,3.238
2026-05-29 19:30:00+08:00,28.42,70.9,496.0,0,3.33
2026-05-29 19:35:00+08:00,28.69,73.9,489.0,0,3.348
2026-05-29 19:40:00+08:00,28.67,72.8,482.0,0,3.638
2026-05-29 19:45:00+08:00,28.38,72.1,477.0,0,3.417
2026-05-29 19:50:00+08:00,28.19,70.5,477.0,0,3.292
2026-05-29 19:55:00+08:00,28.03,73.9,469.0,0,3.27
2026-05-29 20:00:00+08:00,28.16,71.9,462.0,0,3.127
2026-05-29 20:05:00+08:00,28.12,74.8,455.0,0,3.28
2026-05-29 20:10:00+08:00,28.26,68.5,448.0,0,3.421
2026-05-29 20:15:00+08:00,28.22,75.0,445.0,0,3.093
2026-05-29 20:20:00+08:00,28.03,68.3,436.0,0,3.166
2026-05-29 20:25:00+08:00,28.25,70.7,430.0,0,3.224
2026-05-29 20:30:00+08:00,28.36,73.5,426.0,0,3.598
2026-05-29 20:35:00+08:00,27.59,75.7,418.0,0,3.164
2026-05-29 20:40:00+08:00,27.97,69.6,416.0,0,2.821
2026-05-29 20:45:00+08:00,27.78,73.0,420.0,0,2.814
2026-05-29 20:50:00+08:00,27.47,74.3,411.0,0,2.826
2026-05-29 20:55:00+08:00,27.61,77.5,415.0,0,2.671
2026-05-29 21:00:00+08:00,26.8,78.4,420.0,0,2.418
2026-05-29 21:05:00+08:00,27.01,70.8,423.0,0,2.939
2026-05-29 21:10:00+08:00,27.04,76.1,426.0,0,2.972
2026-05-29 21:15:00+08:00,26.84,75.9,424.0,0,2.699
2026-05-29 21:20:00+08:00,26.47,73.1,409.0,0,2.522
2026-05-29 21:25:00+08:00,27.11,75.6,398.0,0,2.584
2026-05-29 21:30:00+08:00,26.66,72.4,395.0,0,2.66
2026-05-29 21:35:00+08:00,26.61,76.7,399.0,0,3.012
2026-05-29 21:40:00+08:00,26.89,73.3,396.0,0,2.811
2026-05-29 21:45:00+08:00,26.44,77.3,397.0,0,2.58
2026-05-29 21:50:00+08:00,26.06,76.3,404.0,0,2.383
2026-05-29 21:55:00+08:00,26.73,71.2,403.0,0,2.673
2026-05-29 22:00:00+08:00,26.86,75.3,409.0,0,2.655
2026-05-29 22:05:00+08:00,26.27,77.8,407.0,0,2.591
2026-05-29 22:10:00+08:00,25.51,80.0,402.0,0,2.116
2026-05-29 22:15:00+08:00,26.33,79.0,407.0,0,2.569
2026-05-29 22:20:00+08:00,26.26,76.7,416.0,0,2.52
2026-05-29 22:25:00+08:00,26.03,76.4,420.0,0,2.6
2026-05-29 22:30:00+08:00,25.95,71.7,420.0,0,2.342
2026-05-29 22:35:00+08:00,25.79,72.1,420.0,0,2.729
2026-05-29 22:40:00+08:00,25.3,76.4,413.0,0,2.344
2026-05-29 22:45:00+08:00,26.08,78.9,421.0,0,2.446
2026-05-29 22:50:00+08:00,25.86,77.2,420.0,0,2.338
2026-05-29 22:55:00+08:00,25.76,78.2,429.0,0,2.63
2026-05-29 23:00:00+08:00,25.16,77.7,419.0,0,2.061
2026-05-29 23:05:00+08:00,25.68,72.4,422.0,0,2.152
2026-05-29 23:10:00+08:00,25.71,78.3,424.0,0,2.281
2026-05-29 23:15:00+08:00,25.97,77.6,423.0,0,2.434
2026-05-29 23:20:00+08:00,25.06,77.8,422.0,0,2.062
2026-05-29 23:25:00+08:00,25.63,74.2,426.0,0,2.123
2026-05-29 23:30:00+08:00,25.76,73.9,424.0,0,2.068
2026-05-29 23:35:00+08:00,25.24,77.0,413.0,0,2.132
2026-05-29 23:40:00+08:00,24.98,76.4,424.0,0,2.054
2026-05-29 23:45:00+08:00,25.33,73.6,416.0,0,2.32
2026-05-29 23:50:00+08:00,24.86,82.4,418.0,0,2.224
2026-05-29 23:55:00+08:00,25.27,79.3,416.0,0,2.053
2026-05-30 00:00:00+08:00,25.28,76.8,412.0,0,2.33
2026-05-30 00:05:00+08:00,24.34,77.5,418.0,0,1.954
2026-05-30 00:10:00+08:00,24.95,82.0,409.0,0,2.524
2026-05-30 00:15:00+08:00,24.29,80.1,407.0,0,1.948
2026-05-30 00:20:00+08:00,25.07,74.6,403.0,0,1.976
2026-05-30 00:25:00+08:00,24.52,80.4,400.0,0,2.206
2026-05-30 00:30:00+08:00,24.56,76.3,410.0,0,2.253
2026-05-30 00:35:00+08:00,25.16,78.3,413.0,0,2.226
2026-05-30 00:40:00+08:00,24.86,75.1,410.0,0,2.039
2026-05-30 00:45:00+08:00,25.18,76.0,411.0,0,2.266
2026-05-30 00:50:00+08:00,23.93,79.1,402.0,0,2.236
2026-05-30 00:55:00+08:00,24.35,79.2,404.0,0,2.138
2026-05-30 01:00:00+08:00,24.27,81.7,410.0,0,1.667
2026-05-30 01:05:00+08:00,23.51,83.2,408.0,0,1.764
2026-05-30 01:10:00+08:00,23.68,85.9,411.0,0,1.888
2026-05-30 01:15:00+08:00,24.16,78.8,413.0,0,1.961
2026-05-30 01:20:00+08:00,24.14,81.8,414.0,0,1.738
2026-05-30 01:25:00+08:00,23.99,81.7,415.0,0,1.791
2026-05-30 01:30:00+08:00,23.5,78.9,418.0,0,1.639
2026-05-30 01:35:00+08:00,24.44,81.7,419.0,0,1.98
2026-05-30 01:40:00+08:00,24.37,78.2,422.0,0,1.698
2026-05-30 01:45:00+08:00,23.63,-999.0,422.0,0,1.765
2026-05-30 01:50:00+08:00,23.83,82.2,424.0,0,1.926
2026-05-30 01:55:00+08:00,24.0,79.0,415.0,0,1.161
2026-05-30 02:00:00+08:00,24.72,80.2,416.0,0,2.091
2026-05-30 02:05:00+08:00,24.8,80.6,406.0,0,1.841
2026-05-30 02:10:00+08:00,23.71,78.9,405.0,0,1.717
2026-05-30 02:15:00+08:00,23.9,78.9,418.0,0,1.735
2026-05-30 02:20:00+08:00,24.19,78.5,420.0,0,1.67
2026-05-30 02:25:00+08:00,23.54,77.5,419.0,0,1.613
2026-05-30 02:30:00+08:00,24.06,79.1,407.0,0,1.426
2026-05-30 02:35:00+08:00,24.26,81.1,402.0,0,2.056
2026-05-30 02:40:00+08:00,23.89,83.4,403.0,0,2.007
2026-05-30 02:45:00+08:00,23.29,77.9,410.0,0,1.516
2026-05-30 02:50:00+08:00,23.6,84.9,411.0,0,1.767
2026-05-30 02:55:00+08:00,23.44,83.1,419.0,0,1.317
2026-05-30 03:00:00+08:00,23.15,78.6,418.0,0,1.651
2026-05-30 03:05:00+08:00,24.05,84.7,418.0,0,1.987
2026-05-30 03:10:00+08:00,24.44,82.9,419.0,0,2.021
2026-05-30 03:15:00+08:00,23.64,78.8,417.0,0,1.803
2026-05-30 03:20:00+08:00,23.48,76.5,423.0,0,1.559
2026-05-30 03:25:00+08:00,23.81,79.7,428.0,0,1.734
2026-05-30 03:30:00+08:00,23.96,82.3,434.0,0,1.649
2026-05-30 03:35:00+08:00,23.91,80.7,440.0,0,1.895
2026-05-30 03:40:00+08:00,23.43,80.0,446.0,0,1.601
2026-05-30 03:45:00+08:00,23.56,80.6,448.0,0,1.454
2026-05-30 03:50:00+08:00,24.1,76.9,453.0,0,1.806
2026-05-30 03:55:00+08:00,24.2,78.7,446.0,0,1.886
2026-05-30 04:00:00+08:00,24.48,77.0,452.0,0,2.07
2026-05-30 04:05:00+08:00,23.76,78.3,452.0,0,1.819
2026-05-30 04:10:00+08:00,24.78,74.2,446.0,0,2.049
2026-05-30 04:15:00+08:00,24.2,74.0,444.0,0,1.932
2026-05-30 04:20:00+08:00,24.02,78.8,444.0,0,1.714
2026-05-30 04:25:00+08:00,24.22,82.3,443.0,0,2.148
2026-05-30 04:30:00+08:00,24.27,76.8,447.0,0,2.283
2026-05-30 04:35:00+08:00,24.14,79.7,446.0,0,1.514
2026-05-30 04:40:00+08:00,25.11,79.7,439.0,0,2.223
2026-05-30 04:45:00+08:00,24.55,78.5,433.0,0,2.31
2026-05-30 04:50:00+08:00,24.71,78.0,433.0,0,2.317
2026-05-30 04:55:00+08:00,24.23,80.4,428.0,0,1.891
2026-05-30 05:00:00+08:00,23.99,76.6,424.0,0,1.926
2026-05-30 05:05:00+08:00,25.29,77.5,422.0,0,2.22
2026-05-30 05:10:00+08:00,24.44,81.7,424.0,0,2.076
2026-05-30 05:15:00+08:00,24.54,78.2,418.0,0,2.095
2026-05-30 05:20:00+08:00,24.3,78.8,426.0,0,1.7
2026-05-30 05:25:00+08:00,24.98,76.9,426.0,0,1.919
2026-05-30 05:30:00+08:00,24.51,78.8,430.0,0,1.927
2026-05-30 05:35:00+08:00,24.03,87.2,429.0,0,2.07
2026-05-30 05:40:00+08:00,25.08,77.0,418.0,0,1.951
2026-05-30 05:45:00+08:00,24.21,78.4,419.0,0,1.916
2026-05-30 05:50:00+08:00,24.92,76.6,422.0,0,2.024
2026-05-30 05:55:00+08:00,24.46,75.8,428.0,0,1.924
2026-05-30 06:00:00+08:00,25.19,78.1,426.0,0,2.19
2026-05-30 06:05:00+08:00,24.84,77.9,425.0,0,1.804
2026-05-30 06:10:00+08:00,24.63,76.7,423.0,0,2.204
2026-05-30 06:15:00+08:00,25.29,79.2,421.0,0,2.19
2026-05-30 06:20:00+08:00,24.91,78.4,411.0,0,1.914
2026-05-30 06:25:00+08:00,25.83,76.7,408.0,0,2.249
2026-05-30 06:30:00+08:00,25.04,-999.0,403.0,0,2.138
2026-05-30 06:35:00+08:00,24.71,76.4,408.0,0,1.944
2026-05-30 06:40:00+08:00,24.73,81.4,410.0,0,2.221
2026-05-30 06:45:00+08:00,25.72,78.5,423.0,0,2.436
2026-05-30 06:50:00+08:00,25.34,73.5,431.0,0,2.19
2026-05-30 06:55:00+08:00,25.6,79.4,434.0,0,2.436
2026-05-30 07:00:00+08:00,26.13,76.5,434.0,0,2.372
2026-05-30 07:05:00+08:00,25.32,76.1,437.0,0,2.465
2026-05-30 07:10:00+08:00,24.8,78.2,434.0,0,1.877
2026-05-30 07:15:00+08:00,26.0,72.3,445.0,0,2.673
2026-05-30 07:20:00+08:00,26.52,75.4,445.0,0,2.907
2026-05-30 07:25:00+08:00,25.49,80.2,458.0,0,2.172
2026-05-30 07:30:00+08:00,26.59,78.9,455.0,0,3.123
2026-05-30 07:35:00+08:00,26.08,74.0,448.0,0,2.467
2026-05-30 07:40:00+08:00,26.24,75.7,452.0,0,2.549
2026-05-30 07:45:00+08:00,25.87,80.1,446.0,0,2.317
2026-05-30 07:50:00+08:00,26.17,74.8,448.0,0,2.617
2026-05-30 07:55:00+08:00,26.57,75.0,441.0,0,2.954
2026-05-30 08:00:00+08:00,26.21,76.3,441.0,0,2.679
2026-05-30 08:05:00+08:00,25.62,77.3,425.0,0,2.458
2026-05-30 08:10:00+08:00,26.37,70.1,419.0,0,2.508
2026-05-30 08:15:00+08:00,26.63,75.5,427.0,0,2.618
2026-05-30 08:20:00+08:00,26.54,76.3,426.0,0,2.698
2026-05-30 08:25:00+08:00,26.62,72.0,426.0,0,2.692
2026-05-30 08:30:00+08:00,26.95,78.7,432.0,0,2.683
2026-05-30 08:35:00+08:00,26.85,76.1,437.0,0,2.693
2026-05-30 08:40:00+08:00,26.79,77.0,432.0,0,2.708
2026-05-30 08:45:00+08:00,27.35,71.6,429.0,0,2.92
2026-05-30 08:50:00+08:00,27.7,67.5,434.0,0,2.998
2026-05-30 08:55:00+08:00,28.0,72.8,434.0,0,3.125
2026-05-30 09:00:00+08:00,27.05,72.6,416.0,0,2.704
2026-05-30 09:05:00+08:00,27.76,75.0,417.0,0,2.935
2026-05-30 09:10:00+08:00,27.04,76.4,420.0,0,2.7
2026-05-30 09:15:00+08:00,27.72,71.7,420.0,0,2.799
2026-05-30 09:20:00+08:00,27.6,74.2,421.0,0,2.781
2026-05-30 09:25:00+08:00,27.26,78.3,407.0,0,3.022
2026-05-30 09:30:00+08:00,27.52,71.7,414.0,0,2.987
2026-05-30 09:35:00+08:00,27.56,75.7,409.0,0,3.118
2026-05-30 09:40:00+08:00,28.66,74.2,411.0,0,3.211
2026-05-30 09:45:00+08:00,28.72,72.9,413.0,0,3.49
2026-05-30 09:50:00+08:00,28.26,72.9,409.0,0,3.213
2026-05-30 09:55:00+08:00,28.47,72.2,416.0,0,3.086
2026-05-30 10:00:00+08:00,27.97,69.5,419.0,0,3.114
2026-05-30 10:05:00+08:00,28.0,72.1,421.0,0,3.281
2026-05-30 10:10:00+08:00,28.56,68.1,417.0,0,3.204
2026-05-30 10:15:00+08:00,28.91,72.0,420.0,0,3.724
2026-05-30 10:20:00+08:00,28.24,75.1,412.0,0,3.521
2026-05-30 10:25:00+08:00,28.88,69.8,416.0,0,3.403
2026-05-30 10:30:00+08:00,28.63,76.0,408.0,0,3.572
2026-05-30 10:35:00+08:00,28.54,73.4,407.0,0,3.362
2026-05-30 10:40:00+08:00,28.76,73.8,414.0,0,3.254
2026-05-30 10:45:00+08:00,28.83,71.9,417.0,0,3.302
2026-05-30 10:50:00+08:00,28.59,73.8,417.0,0,3.354
2026-05-30 10:55:00+08:00,29.27,68.2,421.0,0,3.88
2026-05-30 11:00:00+08:00,29.36,70.2,424.0,0,3.785
2026-05-30 11:05:00+08:00,29.8,67.7,427.0,0,3.842
2026-05-30 11:10:00+08:00,29.26,69.6,423.0,0,3.786
2026-05-30 11:15:00+08:00,29.27,72.7,429.0,0,3.079
2026-05-30 11:20:00+08:00,28.7,73.4,432.0,0,3.599
2026-05-30 11:25:00+08:00,29.26,71.9,434.0,0,3.843
2026-05-30 11:30:00+08:00,29.04,70.6,433.0,0,3.778
2026-05-30 11:35:00+08:00,29.57,64.6,433.0,0,3.754
2026-05-30 11:40:00+08:00,29.57,71.4,433.0,0,3.581
2026-05-30 11:45:00+08:00,29.23,69.5,437.0,0,3.298
2026-05-30 11:50:00+08:00,29.96,65.1,438.0,0,3.621
2026-05-30 11:55:00+08:00,29.96,70.1,439.0,0,3.602
2026-05-30 12:00:00+08:00,30.18,71.1,427.0,0,3.944
2026-05-30 12:05:00+08:00,29.76,67.6,426.0,0,3.932
2026-05-30 12:10:00+08:00,30.02,68.4,427.0,0,3.686
2026-05-30 12:15:00+08:00,30.16,68.4,422.0,0,3.625
2026-05-30 12:20:00+08:00,30.37,70.8,427.0,0,3.898
2026-05-30 12:25:00+08:00,30.29,69.9,422.0,0,3.93
2026-05-30 12:30:00+08:00,29.88,66.2,424.0,0,3.713
2026-05-30 12:35:00+08:00,29.59,66.9,424.0,0,3.545
2026-05-30 12:40:00+08:00,30.1,70.9,430.0,0,4.088
2026-05-30 12:45:00+08:00,29.91,70.7,425.0,0,3.771
2026-05-30 12:50:00+08:00,30.54,69.9,431.0,0,3.342
2026-05-30 12:55:00+08:00,30.23,67.4,433.0,0,3.803
2026-05-30 13:00:00+08:00,29.65,71.9,434.0,0,3.44
2026-05-30 13:05:00+08:00,29.64,68.5,424.0,0,3.93
2026-05-30 13:10:00+08:00,30.13,68.7,420.0,0,3.858
2026-05-30 13:15:00+08:00,30.22,66.6,419.0,0,4.067
2026-05-30 13:20:00+08:00,30.19,68.2,420.0,0,3.562
2026-05-30 13:25:00+08:00,30.2,68.6,417.0,0,3.833
2026-05-30 13:30:00+08:00,31.06,64.5,424.0,0,4.091
2026-05-30 13:35:00+08:00,30.45,72.3,417.0,0,3.824
2026-05-30 13:40:00+08:00,30.83,68.3,418.0,0,3.929
2026-05-30 13:45:00+08:00,30.24,73.3,408.0,0,4.068
2026-05-30 13:50:00+08:00,30.92,65.9,405.0,0,4.002
2026-05-30 13:55:00+08:00,30.28,67.9,401.0,0,3.851
2026-05-30 14:00:00+08:00,30.59,68.3,401.0,0,4.157
2026-05-30 14:05:00+08:00,29.87,66.2,405.0,0,3.717
2026-05-30 14:10:00+08:00,30.88,65.5,401.0,0,4.257
2026-05-30 14:15:00+08:00,31.31,68.2,393.0,0,4.019
2026-05-30 14:20:00+08:00,30.62,67.3,393.0,0,4.056
2026-05-30 14:25:00+08:00,30.19,68.6,397.0,0,3.684
2026-05-30 14:30:00+08:00,30.62,66.0,398.0,0,4.391
2026-05-30 14:35:00+08:00,30.78,66.0,397.0,0,3.986
2026-05-30 14:40:00+08:00,30.85,66.8,395.0,0,3.884
2026-05-30 14:45:00+08:00,30.7,66.6,395.0,0,3.795
2026-05-30 14:50:00+08:00,30.44,71.1,395.0,0,3.879
2026-05-30 14:55:00+08:00,30.4,63.4,409.0,0,3.994
2026-05-30 15:00:00+08:00,31.21,65.6,409.0,0,4.589
2026-05-30 15:05:00+08:00,30.41,72.0,406.0,0,3.743
2026-05-30 15:10:00+08:00,30.84,66.5,403.0,0,4.151
2026-05-30 15:15:00+08:00,30.88,63.1,402.0,0,4.322
2026-05-30 15:20:00+08:00,30.79,71.1,405.0,0,4.376
2026-05-30 15:25:00+08:00,30.69,64.7,413.0,0,4.094
2026-05-30 15:30:00+08:00,29.92,70.6,416.0,0,3.962
2026-05-30 15:35:00+08:00,30.34,71.3,419.0,0,4.154
2026-05-30 15:40:00+08:00,31.15,64.0,415.0,0,4.766
2026-05-30 15:45:00+08:00,30.73,67.2,412.0,0,4.088
2026-05-30 15:50:00+08:00,31.15,65.4,418.0,0,3.691
2026-05-30 15:55:00+08:00,30.35,64.3,417.0,0,3.895
2026-05-30 16:00:00+08:00,30.54,67.8,407.0,0,3.741
2026-05-30 16:05:00+08:00,30.52,67.6,409.0,0,3.621
2026-05-30 16:10:00+08:00,30.72,64.4,408.0,0,3.977
2026-05-30 16:10:00+08:00,30.72,64.4,408.0,0,3.977
2026-05-30 16:15:00+08:00,30.7,69.5,408.0,0,3.85
2026-05-30 16:20:00+08:00,30.68,64.3,404.0,0,3.94
2026-05-30 16:25:00+08:00,30.68,64.2,405.0,0,3.832
2026-05-30 16:30:00+08:00,30.07,67.8,398.0,0,4.062
2026-05-30 16:35:00+08:00,30.62,67.5,401.0,0,3.923
2026-05-30 16:40:00+08:00,31.19,63.4,406.0,0,3.591
2026-05-30 16:45:00+08:00,30.64,68.1,409.0,0,4.148
2026-05-30 16:50:00+08:00,30.2,69.3,410.0,0,3.544
2026-05-30 16:55:00+08:00,30.48,66.1,402.0,0,3.899
2026-05-30 17:00:00+08:00,31.48,67.3,405.0,0,3.754
2026-05-30 17:05:00+08:00,29.99,71.9,409.0,0,3.739
2026-05-30 17:10:00+08:00,30.4,65.9,406.0,0,3.805
2026-05-30 17:15:00+08:00,29.81,67.2,415.0,0,3.583
2026-05-30 17:20:00+08:00,29.67,68.8,413.0,0,3.967
2026-05-30 17:25:00+08:00,30.48,65.1,409.0,0,3.72
2026-05-30 17:30:00+08:00,30.4,69.3,407.0,0,4.24
2026-05-30 17:35:00+08:00,30.04,68.5,412.0,0,4.079
2026-05-30 17:40:00+08:00,30.04,64.3,415.0,0,3.747
2026-05-30 17:45:00+08:00,30.21,-999.0,422.0,0,3.853
2026-05-30 17:50:00+08:00,30.11,65.0,421.0,0,3.704
2026-05-30 17:55:00+08:00,29.39,73.7,427.0,0,3.616
2026-05-30 18:00:00+08:00,29.24,66.9,427.0,0,3.642
2026-05-30 18:05:00+08:00,29.04,71.7,424.0,0,3.393
2026-05-30 18:10:00+08:00,29.95,64.9,424.0,0,3.865
2026-05-30 18:15:00+08:00,28.72,72.3,435.0,0,3.843
2026-05-30 18:20:00+08:00,29.55,67.7,438.0,0,3.309
2026-05-30 18:25:00+08:00,29.37,71.2,435.0,0,3.39
2026-05-30 18:30:00+08:00,28.82,70.6,441.0,0,3.699
2026-05-30 18:35:00+08:00,29.97,68.5,442.0,0,3.724
2026-05-30 18:40:00+08:00,29.42,70.2,442.0,0,3.75
2026-05-30 18:45:00+08:00,29.36,69.8,433.0,0,3.912
2026-05-30 18:50:00+08:00,28.91,72.2,440.0,0,3.341
2026-05-30 18:55:00+08:00,29.36,70.6,435.0,0,3.54
2026-05-30 19:00:00+08:00,29.4,71.1,437.0,0,3.564
2026-05-30 19:05:00+08:00,28.06,73.1,434.0,0,3.379
2026-05-30 19:10:00+08:00,28.78,66.6,423.0,0,3.196
2026-05-30 19:15:00+08:00,28.64,70.0,423.0,0,3.262
2026-05-30 19:20:00+08:00,28.08,75.1,425.0,0,3.492
2026-05-30 19:20:00+08:00,28.08,75.1,425.0,0,3.492
2026-05-30 19:25:00+08:00,29.24,69.6,434.0,0,3.237
2026-05-30 19:30:00+08:00,28.79,69.8,427.0,0,3.379
2026-05-30 19:35:00+08:00,28.58,74.2,426.0,0,3.69
2026-05-30 19:40:00+08:00,29.19,72.6,436.0,0,3.684
2026-05-30 19:45:00+08:00,28.71,73.5,440.0,0,3.101
2026-05-30 19:50:00+08:00,28.29,73.3,434.0,0,3.3
2026-05-30 19:55:00+08:00,27.8,76.4,428.0,0,3.055
2026-05-30 20:00:00+08:00,28.59,71.3,420.0,0,3.244
2026-05-30 20:05:00+08:00,27.79,74.4,416.0,0,2.972
2026-05-30 20:10:00+08:00,27.62,74.8,413.0,0,2.887
2026-05-30 20:15:00+08:00,28.07,71.6,418.0,0,3.249
2026-05-30 20:20:00+08:00,27.49,77.6,422.0,0,2.984
2026-05-30 20:25:00+08:00,27.69,72.1,425.0,0,3.119
2026-05-30 20:30:00+08:00,27.29,71.9,430.0,0,3.0
2026-05-30 20:35:00+08:00,28.29,69.7,432.0,0,3.012
2026-05-30 20:40:00+08:00,28.25,70.6,424.0,0,3.209
2026-05-30 20:45:00+08:00,28.3,70.1,428.0,0,3.295
2026-05-30 20:50:00+08:00,27.51,71.1,434.0,0,2.977
2026-05-30 20:55:00+08:00,27.25,73.6,439.0,0,2.824
2026-05-30 21:00:00+08:00,27.59,72.2,432.0,0,2.93
2026-05-30 21:05:00+08:00,27.09,75.0,428.0,0,2.804
2026-05-30 21:10:00+08:00,27.56,74.1,422.0,0,2.98
2026-05-30 21:15:00+08:00,27.0,74.0,424.0,0,2.847
2026-05-30 21:20:00+08:00,26.86,74.9,433.0,0,2.838
2026-05-30 21:25:00+08:00,27.04,71.2,435.0,0,2.738
2026-05-30 21:30:00+08:00,26.94,73.7,436.0,0,2.61
2026-05-30 21:35:00+08:00,27.02,75.4,441.0,0,2.599
2026-05-30 21:40:00+08:00,26.97,74.2,438.0,0,2.889
2026-05-30 21:45:00+08:00,26.01,78.9,431.0,0,2.529
2026-05-30 21:50:00+08:00,26.36,75.7,432.0,0,2.871
2026-05-30 21:55:00+08:00,27.13,77.3,429.0,0,2.792
2026-05-30 22:00:00+08:00,26.91,73.8,427.0,0,2.531
2026-05-30 22:05:00+08:00,26.23,77.9,438.0,0,2.411
2026-05-30 22:10:00+08:00,25.26,78.1,436.0,0,2.498
2026-05-30 22:15:00+08:00,24.86,78.0,440.0,0,2.116
2026-05-30 22:20:00+08:00,25.81,80.4,444.0,0,2.639
2026-05-30 22:25:00+08:00,25.54,75.0,456.0,0,2.27
2026-05-30 22:30:00+08:00,26.0,78.6,455.0,0,2.365
2026-05-30 22:35:00+08:00,25.84,75.2,454.0,0,2.524
2026-05-30 22:40:00+08:00,24.86,77.2,447.0,0,2.436
2026-05-30 22:45:00+08:00,25.54,77.3,453.0,0,2.497
2026-05-30 22:50:00+08:00,25.9,75.7,441.0,0,2.209
2026-05-30 22:55:00+08:00,25.3,78.0,440.0,0,2.252
2026-05-30 23:00:00+08:00,25.78,73.0,440.0,0,2.363
2026-05-30 23:05:00+08:00,25.27,76.2,430.0,0,2.533
2026-05-30 23:10:00+08:00,25.72,75.8,425.0,0,2.448
2026-05-30 23:15:00+08:00,24.94,80.4,419.0,0,2.118
2026-05-30 23:20:00+08:00,25.02,74.4,409.0,0,2.0
2026-05-30 23:25:00+08:00,25.7,73.3,410.0,0,2.462
2026-05-30 23:30:00+08:00,24.75,76.3,411.0,0,1.932
2026-05-30 23:35:00+08:00,25.16,77.0,408.0,0,2.372
2026-05-30 23:40:00+08:00,25.35,-999.0,411.0,0,2.392
2026-05-30 23:45:00+08:00,24.53,80.0,412.0,0,1.929
2026-05-30 23:50:00+08:00,24.8,75.3,411.0,0,1.973
2026-05-30 23:55:00+08:00,24.59,79.1,408.0,0,1.872
2026-05-31 00:00:00+08:00,24.62,76.8,420.0,0,2.015
2026-05-31 00:05:00+08:00,24.68,82.6,412.0,0,2.289
2026-05-31 00:10:00+08:00,25.33,81.1,411.0,0,2.299
2026-05-31 00:15:00+08:00,24.77,78.2,413.0,0,2.187
2026-05-31 00:20:00+08:00,25.19,72.2,411.0,0,2.011
2026-05-31 00:25:00+08:00,25.03,77.8,404.0,0,2.427
2026-05-31 00:30:00+08:00,24.93,76.7,409.0,0,2.03
2026-05-31 00:35:00+08:00,23.82,82.2,416.0,0,1.862
2026-05-31 00:40:00+08:00,24.22,82.9,417.0,0,2.041
2026-05-31 00:45:00+08:00,23.89,80.3,428.0,0,1.494
2026-05-31 00:50:00+08:00,24.12,81.1,418.0,0,1.489
2026-05-31 00:55:00+08:00,24.43,82.0,415.0,0,1.989
2026-05-31 01:00:00+08:00,23.85,82.6,417.0,0,1.745
2026-05-31 01:05:00+08:00,23.87,79.3,406.0,0,1.764
2026-05-31 01:10:00+08:00,24.56,75.1,407.0,0,2.27
2026-05-31 01:15:00+08:00,23.82,83.8,416.0,0,1.492
2026-05-31 01:20:00+08:00,24.89,78.7,420.0,0,2.039
2026-05-31 01:25:00+08:00,24.48,77.8,421.0,0,1.963
2026-05-31 01:30:00+08:00,24.0,84.2,412.0,0,2.102
2026-05-31 01:35:00+08:00,24.73,73.6,406.0,0,2.285
2026-05-31 01:40:00+08:00,24.17,79.9,412.0,0,1.636
2026-05-31 01:45:00+08:00,23.58,82.7,415.0,0,1.756
2026-05-31 01:50:00+08:00,24.61,75.3,420.0,0,1.886
2026-05-31 01:55:00+08:00,24.7,78.3,409.0,0,2.211
2026-05-31 02:00:00+08:00,24.5,78.0,418.0,0,2.022
2026-05-31 02:05:00+08:00,23.87,76.5,415.0,0,1.837
2026-05-31 02:10:00+08:00,23.95,78.0,411.0,0,1.743
2026-05-31 02:15:00+08:00,25.02,79.2,425.0,0,1.888
2026-05-31 02:20:00+08:00,23.53,77.5,426.0,0,1.623
2026-05-31 02:25:00+08:00,23.55,81.0,432.0,0,1.834
2026-05-31 02:30:00+08:00,23.81,75.8,424.0,0,1.998
2026-05-31 02:35:00+08:00,23.61,81.1,428.0,0,1.909
2026-05-31 02:40:00+08:00,23.7,82.6,428.0,0,1.913
2026-05-31 02:45:00+08:00,23.94,77.6,433.0,0,1.918
2026-05-31 02:50:00+08:00,23.62,79.7,432.0,0,1.934
2026-05-31 02:55:00+08:00,23.54,76.2,442.0,0,1.602
2026-05-31 03:00:00+08:00,23.31,80.2,431.0,0,1.703
2026-05-31 03:05:00+08:00,24.63,78.7,427.0,0,2.067
2026-05-31 03:10:00+08:00,23.97,81.4,434.0,0,2.114
2026-05-31 03:15:00+08:00,23.54,77.9,437.0,0,1.887
2026-05-31 03:20:00+08:00,22.7,81.0,444.0,0,1.093
2026-05-31 03:25:00+08:00,24.15,83.4,447.0,0,1.955
2026-05-31 03:30:00+08:00,23.28,81.2,441.0,0,1.966
2026-05-31 03:35:00+08:00,23.8,81.1,437.0,0,1.88
2026-05-31 03:40:00+08:00,24.17,78.0,441.0,0,1.804
2026-05-31 03:45:00+08:00,24.43,80.1,434.0,0,1.85
2026-05-31 03:50:00+08:00,24.44,80.0,438.0,0,2.357
2026-05-31 03:55:00+08:00,23.65,81.8,435.0,0,1.898
2026-05-31 04:00:00+08:00,24.01,76.7,428.0,0,1.889
2026-05-31 04:05:00+08:00,23.57,79.8,423.0,0,1.652
2026-05-31 04:10:00+08:00,23.72,80.2,425.0,0,1.531
2026-05-31 04:15:00+08:00,23.7,77.3,436.0,0,1.914
2026-05-31 04:20:00+08:00,24.57,74.5,430.0,0,2.035
2026-05-31 04:25:00+08:00,24.07,82.2,430.0,0,2.141
2026-05-31 04:30:00+08:00,23.98,76.5,429.0,0,1.821
2026-05-31 04:35:00+08:00,23.92,80.1,437.0,0,2.041
2026-05-31 04:40:00+08:00,23.84,83.7,435.0,0,1.668
2026-05-31 04:45:00+08:00,24.66,79.1,437.0,0,1.864
2026-05-31 04:50:00+08:00,24.21,84.4,435.0,0,1.984
2026-05-31 04:55:00+08:00,23.39,76.6,428.0,0,1.95
2026-05-31 05:00:00+08:00,24.63,81.2,429.0,0,1.893
2026-05-31 05:05:00+08:00,23.94,77.6,427.0,0,1.777
2026-05-31 05:10:00+08:00,24.03,77.0,423.0,0,1.996
2026-05-31 05:15:00+08:00,24.04,77.6,415.0,0,1.991
2026-05-31 05:20:00+08:00,24.19,77.6,409.0,0,1.662
2026-05-31 05:25:00+08:00,24.48,78.0,404.0,0,1.693
2026-05-31 05:30:00+08:00,24.64,82.0,408.0,0,1.873
2026-05-31 05:35:00+08:00,24.58,81.6,408.0,0,2.215
2026-05-31 05:40:00+08:00,24.86,76.9,410.0,0,1.797
2026-05-31 05:45:00+08:00,25.32,82.2,413.0,0,2.299
2026-05-31 05:50:00+08:00,25.29,77.5,421.0,0,2.418
2026-05-31 05:55:00+08:00,25.39,73.1,426.0,0,2.129
2026-05-31 06:00:00+08:00,24.95,81.9,426.0,0,2.376
2026-05-31 06:05:00+08:00,23.82,80.4,424.0,0,2.353
2026-05-31 06:10:00+08:00,25.19,82.2,428.0,0,2.247
2026-05-31 06:15:00+08:00,25.27,73.4,417.0,0,2.303
2026-05-31 06:20:00+08:00,25.19,76.2,415.0,0,2.486
2026-05-31 06:25:00+08:00,24.95,78.8,423.0,0,2.172
2026-05-31 06:30:00+08:00,25.37,75.9,419.0,0,2.34
2026-05-31 06:35:00+08:00,24.73,78.3,423.0,0,2.102
2026-05-31 06:40:00+08:00,25.49,77.5,420.0,0,2.436
2026-05-31 06:45:00+08:00,24.9,78.3,421.0,0,2.109
2026-05-31 06:50:00+08:00,25.76,77.0,420.0,0,2.423
2026-05-31 06:55:00+08:00,26.11,79.8,419.0,0,2.362
2026-05-31 07:00:00+08:00,26.22,72.1,416.0,0,2.637
2026-05-31 07:05:00+08:00,25.59,77.7,418.0,0,2.66
2026-05-31 07:10:00+08:00,25.05,80.5,431.0,0,2.117
2026-05-31 07:15:00+08:00,25.53,76.4,430.0,0,2.358
2026-05-31 07:20:00+08:00,25.52,75.6,423.0,0,2.246
2026-05-31 07:25:00+08:00,25.56,72.7,421.0,0,2.16
2026-05-31 07:30:00+08:00,25.64,77.8,423.0,0,2.397
2026-05-31 07:35:00+08:00,26.11,74.6,426.0,0,2.504
2026-05-31 07:40:00+08:00,25.97,78.7,426.0,0,2.655
2026-05-31 07:45:00+08:00,26.36,76.9,424.0,0,2.526
2026-05-31 07:50:00+08:00,26.81,71.8,424.0,0,2.844
2026-05-31 07:55:00+08:00,26.7,72.4,418.0,0,2.428
2026-05-31 08:00:00+08:00,27.14,73.3,426.0,0,2.763
2026-05-31 08:05:00+08:00,26.61,77.7,425.0,0,2.657
2026-05-31 08:10:00+08:00,26.82,73.5,433.0,0,2.778
2026-05-31 08:15:00+08:00,26.82,75.0,436.0,0,2.483
2026-05-31 08:20:00+08:00,26.95,71.1,436.0,0,2.9
2026-05-31 08:25:00+08:00,26.52,77.6,441.0,0,3.048
2026-05-31 08:30:00+08:00,26.68,79.7,438.0,0,2.507
2026-05-31 08:35:00+08:00,27.05,72.6,435.0,0,2.944
2026-05-31 08:40:00+08:00,27.03,73.0,437.0,0,2.967
2026-05-31 08:45:00+08:00,27.13,75.6,436.0,0,2.712
2026-05-31 08:50:00+08:00,26.66,69.6,423.0,0,2.344
2026-05-31 08:55:00+08:00,27.25,73.3,425.0,0,2.512
2026-05-31 09:00:00+08:00,27.32,69.4,420.0,0,2.92
2026-05-31 09:05:00+08:00,27.71,73.8,417.0,0,3.237
2026-05-31 09:10:00+08:00,27.3,71.8,419.0,0,2.758
2026-05-31 09:15:00+08:00,28.0,68.0,424.0,0,3.078
2026-05-31 09:20:00+08:00,27.73,73.4,427.0,0,3.004
2026-05-31 09:25:00+08:00,27.4,72.3,424.0,0,2.769
2026-05-31 09:30:00+08:00,27.28,73.2,419.0,0,2.811
2026-05-31 09:35:00+08:00,27.71,71.0,416.0,0,2.934
2026-05-31 09:40:00+08:00,27.86,74.9,415.0,0,2.956
2026-05-31 09:45:00+08:00,27.56,72.1,405.0,0,3.183
2026-05-31 09:50:00+08:00,27.72,76.2,402.0,0,2.95
2026-05-31 09:55:00+08:00,27.89,74.6,399.0,0,3.107
2026-05-31 10:00:00+08:00,28.21,72.7,397.0,0,3.104
2026-05-31 10:05:00+08:00,28.37,71.8,396.0,0,3.099
2026-05-31 10:10:00+08:00,28.14,66.8,395.0,0,2.682
2026-05-31 10:15:00+08:00,27.82,71.8,402.0,0,3.327
2026-05-31 10:20:00+08:00,28.48,72.3,401.0,0,2.749
2026-05-31 10:25:00+08:00,28.28,73.3,399.0,0,3.429
2026-05-31 10:30:00+08:00,28.11,71.7,405.0,0,3.112
2026-05-31 10:35:00+08:00,29.3,67.3,406.0,0,3.391
2026-05-31 10:40:00+08:00,27.87,71.6,404.0,0,3.112
2026-05-31 10:45:00+08:00,28.37,69.6,406.0,0,3.097
2026-05-31 10:50:00+08:00,29.26,66.6,411.0,0,3.635
2026-05-31 10:55:00+08:00,29.06,74.4,406.0,0,3.274
2026-05-31 11:00:00+08:00,28.34,72.9,404.0,0,3.039
2026-05-31 11:05:00+08:00,29.86,71.6,407.0,0,3.662
2026-05-31 11:10:00+08:00,28.98,75.6,410.0,0,3.236
2026-05-31 11:15:00+08:00,29.65,68.3,409.0,0,3.644
2026-05-31 11:20:00+08:00,30.01,67.6,411.0,0,3.541
2026-05-31 11:25:00+08:00,28.94,69.0,416.0,0,3.624
2026-05-31 11:30:00+08:00,29.16,72.6,412.0,0,3.769
2026-05-31 11:35:00+08:00,28.6,72.6,413.0,0,3.54
2026-05-31 11:40:00+08:00,29.02,68.3,408.0,0,3.473
2026-05-31 11:45:00+08:00,29.84,68.4,409.0,0,3.404
2026-05-31 11:50:00+08:00,28.73,72.0,410.0,0,3.595
2026-05-31 11:55:00+08:00,28.96,67.1,404.0,0,3.161
2026-05-31 12:00:00+08:00,30.04,71.9,402.0,0,3.83
2026-05-31 12:05:00+08:00,29.41,69.5,410.0,0,3.854
2026-05-31 12:10:00+08:00,29.85,63.8,413.0,0,3.944
2026-05-31 12:15:00+08:00,29.94,68.6,415.0,0,3.664
2026-05-31 12:20:00+08:00,30.47,67.0,423.0,0,3.876
2026-05-31 12:25:00+08:00,29.68,69.5,426.0,0,4.061
2026-05-31 12:30:00+08:00,29.73,71.8,437.0,0,3.861
2026-05-31 12:35:00+08:00,30.8,69.2,437.0,0,4.002
2026-05-31 12:40:00+08:00,29.92,72.3,425.0,0,3.794
2026-05-31 12:45:00+08:00,30.28,66.4,425.0,0,3.672
2026-05-31 12:50:00+08:00,30.1,68.6,416.0,0,3.634
2026-05-31 12:55:00+08:00,30.4,66.4,415.0,0,4.0
2026-05-31 13:00:00+08:00,30.9,62.8,421.0,0,4.052
2026-05-31 13:05:00+08:00,30.73,65.7,423.0,0,4.122
2026-05-31 13:10:00+08:00,30.13,67.0,427.0,0,3.83
2026-05-31 13:15:00+08:00,29.74,63.7,428.0,0,3.854
2026-05-31 13:20:00+08:00,30.07,69.2,427.0,0,3.97
2026-05-31 13:25:00+08:00,30.36,69.5,423.0,0,3.791
2026-05-31 13:30:00+08:00,30.53,71.5,416.0,0,4.119
2026-05-31 13:35:00+08:00,29.88,66.8,418.0,0,3.904
2026-05-31 13:40:00+08:00,30.67,67.6,420.0,0,3.724
2026-05-31 13:45:00+08:00,30.61,64.3,419.0,0,4.373
2026-05-31 13:50:00+08:00,30.65,70.9,423.0,0,3.636
2026-05-31 13:55:00+08:00,30.06,68.1,424.0,0,4.271
2026-05-31 14:00:00+08:00,30.64,64.4,419.0,0,4.026
2026-05-31 14:05:00+08:00,30.29,71.0,414.0,0,4.081
2026-05-31 14:10:00+08:00,30.34,71.5,411.0,0,3.787
2026-05-31 14:15:00+08:00,30.73,68.3,408.0,0,4.026
2026-05-31 14:20:00+08:00,31.2,64.2,417.0,0,4.106
2026-05-31 14:25:00+08:00,29.76,74.0,416.0,0,3.942
2026-05-31 14:30:00+08:00,30.78,66.9,417.0,0,3.978
2026-05-31 14:35:00+08:00,30.96,67.4,414.0,0,4.208
2026-05-31 14:40:00+08:00,30.58,65.8,404.0,0,3.92
2026-05-31 14:45:00+08:00,30.6,67.4,402.0,0,4.054
2026-05-31 14:50:00+08:00,31.67,68.1,403.0,0,4.247
2026-05-31 14:55:00+08:00,30.54,66.9,407.0,0,3.866
2026-05-31 15:00:00+08:00,30.96,63.2,406.0,0,3.995
2026-05-31 15:05:00+08:00,30.44,68.9,398.0,0,3.677
2026-05-31 15:10:00+08:00,31.25,65.9,396.0,0,4.427
2026-05-31 15:15:00+08:00,30.6,65.5,398.0,0,4.368
2026-05-31 15:20:00+08:00,30.42,69.2,390.0,0,4.127
2026-05-31 15:25:00+08:00,30.63,68.5,389.0,0,3.692
2026-05-31 15:30:00+08:00,30.13,68.8,390.0,0,3.838
2026-05-31 15:35:00+08:00,30.37,64.1,391.0,0,3.772
2026-05-31 15:40:00+08:00,30.05,68.8,398.0,0,3.91
2026-05-31 15:45:00+08:00,31.09,69.5,403.0,0,4.055
2026-05-31 15:50:00+08:00,30.14,69.5,409.0,0,3.773
2026-05-31 15:55:00+08:00,31.17,70.2,411.0,0,4.301
2026-05-31 16:00:00+08:00,29.79,73.1,408.0,0,3.509
2026-05-31 16:05:00+08:00,30.32,72.4,416.0,0,3.815
2026-05-31 16:10:00+08:00,29.97,70.7,416.0,0,3.613
2026-05-31 16:15:00+08:00,30.26,64.8,419.0,0,3.917
2026-05-31 16:20:00+08:00,31.13,67.7,422.0,0,3.788
2026-05-31 16:25:00+08:00,30.1,67.3,420.0,0,4.034
2026-05-31 16:30:00+08:00,30.49,69.8,422.0,0,4.183
2026-05-31 16:35:00+08:00,30.66,65.1,426.0,0,4.139
2026-05-31 16:40:00+08:00,30.15,66.1,417.0,0,3.811
2026-05-31 16:45:00+08:00,30.8,66.7,411.0,0,3.556
2026-05-31 16:50:00+08:00,29.77,66.2,413.0,0,3.527
2026-05-31 16:55:00+08:00,30.56,65.0,413.0,0,3.717
2026-05-31 17:00:00+08:00,30.16,65.6,419.0,0,4.012
2026-05-31 17:05:00+08:00,29.72,71.5,418.0,0,3.94
2026-05-31 17:10:00+08:00,30.14,66.3,420.0,0,4.196
2026-05-31 17:15:00+08:00,30.64,62.6,423.0,0,3.769
2026-05-31 17:20:00+08:00,29.9,67.0,422.0,0,4.068
2026-05-31 17:25:00+08:00,30.14,70.7,420.0,0,3.717
2026-05-31 17:30:00+08:00,30.17,65.3,418.0,0,3.689
2026-05-31 17:35:00+08:00,30.8,67.1,417.0,0,3.962
2026-05-31 17:40:00+08:00,29.62,69.7,411.0,0,3.821
2026-05-31 17:45:00+08:00,29.6,71.3,412.0,0,3.333
2026-05-31 17:50:00+08:00,30.4,66.5,411.0,0,3.817
2026-05-31 17:55:00+08:00,29.51,68.9,406.0,0,3.617
2026-05-31 18:00:00+08:00,29.62,71.2,404.0,0,3.365
2026-05-31 18:05:00+08:00,29.87,66.4,406.0,0,3.934
2026-05-31 18:10:00+08:00,29.97,69.6,404.0,0,3.553
2026-05-31 18:15:00+08:00,28.51,70.2,416.0,0,3.126
2026-05-31 18:20:00+08:00,29.53,72.9,413.0,0,3.435
2026-05-31 18:25:00+08:00,29.67,65.6,409.0,0,3.485
2026-05-31 18:30:00+08:00,29.95,69.8,412.0,0,3.94
2026-05-31 18:35:00+08:00,28.71,72.3,405.0,0,3.584
2026-05-31 18:40:00+08:00,29.23,70.2,399.0,0,3.87
2026-05-31 18:45:00+08:00,29.83,68.6,398.0,0,3.715
2026-05-31 18:50:00+08:00,29.3,72.8,404.0,0,3.348
2026-05-31 18:55:00+08:00,28.73,67.7,402.0,0,3.396
2026-05-31 19:00:00+08:00,29.35,70.1,408.0,0,3.501
2026-05-31 19:05:00+08:00,29.38,71.8,401.0,0,3.78
2026-05-31 19:10:00+08:00,29.98,65.8,405.0,0,3.825
2026-05-31 19:15:00+08:00,29.08,75.4,400.0,0,3.552
2026-05-31 19:20:00+08:00,29.51,72.0,398.0,0,3.272
2026-05-31 19:25:00+08:00,29.26,73.1,394.0,0,3.564
2026-05-31 19:30:00+08:00,28.9,71.4,399.0,0,3.397
2026-05-31 19:35:00+08:00,28.9,70.8,394.0,0,3.897
2026-05-31 19:40:00+08:00,28.54,69.5,394.0,0,3.039
2026-05-31 19:45:00+08:00,27.97,73.1,386.0,0,3.107
2026-05-31 19:45:00+08:00,27.97,73.1,386.0,0,3.107
2026-05-31 19:50:00+08:00,27.78,74.6,391.0,0,3.031
2026-05-31 19:55:00+08:00,28.32,72.9,387.0,0,3.482
2026-05-31 20:00:00+08:00,27.44,69.6,386.0,0,3.056
2026-05-31 20:05:00+08:00,28.41,70.2,378.0,0,3.261
2026-05-31 20:10:00+08:00,28.02,71.3,382.0,0,3.137
2026-05-31 20:15:00+08:00,28.79,69.6,388.0,0,3.309
2026-05-31 20:20:00+08:00,28.02,77.3,389.0,0,2.949
2026-05-31 20:25:00+08:00,26.76,74.2,389.0,0,2.893
2026-05-31 20:30:00+08:00,27.98,73.5,395.0,0,2.958
2026-05-31 20:35:00+08:00,27.58,72.3,396.0,0,2.956
2026-05-31 20:40:00+08:00,28.05,73.5,404.0,0,3.456
2026-05-31 20:45:00+08:00,26.98,75.9,398.0,0,3.017
2026-05-31 20:50:00+08:00,27.87,74.2,399.0,0,3.009
2026-05-31 20:55:00+08:00,27.65,73.2,402.0,0,2.81
2026-05-31 21:00:00+08:00,27.14,74.2,408.0,0,2.805
2026-05-31 21:05:00+08:00,27.09,70.9,407.0,0,2.872
2026-05-31 21:10:00+08:00,27.67,73.5,405.0,0,2.927
2026-05-31 21:15:00+08:00,27.27,73.5,407.0,0,2.87
2026-05-31 21:20:00+08:00,26.45,77.4,408.0,0,2.719
2026-05-31 21:25:00+08:00,27.13,78.9,423.0,0,2.963
2026-05-31 21:30:00+08:00,26.39,73.1,416.0,0,2.859
2026-05-31 21:35:00+08:00,26.91,74.9,415.0,0,2.619
2026-05-31 21:40:00+08:00,26.22,80.5,424.0,0,2.466
2026-05-31 21:45:00+08:00,26.4,76.3,434.0,0,2.407
2026-05-31 21:50:00+08:00,25.83,80.3,427.0,0,2.197
2026-05-31 21:55:00+08:00,26.97,76.9,428.0,0,2.764
2026-05-31 22:00:00+08:00,26.77,80.6,423.0,0,2.701
2026-05-31 22:05:00+08:00,26.21,80.4,420.0,0,3.116
2026-05-31 22:10:00+08:00,25.6,75.0,419.0,0,2.338
2026-05-31 22:15:00+08:00,26.05,77.9,416.0,0,2.75
2026-05-31 22:20:00+08:00,25.49,77.7,418.0,0,2.497
2026-05-31 22:25:00+08:00,26.59,75.9,417.0,0,2.502
2026-05-31 22:30:00+08:00,25.71,81.0,417.0,0,2.65
2026-05-31 22:35:00+08:00,25.48,78.0,420.0,0,2.352
2026-05-31 22:40:00+08:00,26.0,77.9,413.0,0,2.503
2026-05-31 22:45:00+08:00,25.58,73.6,408.0,0,2.97
2026-05-31 22:50:00+08:00,26.68,79.1,412.0,0,2.474
2026-05-31 22:55:00+08:00,26.44,74.8,415.0,0,2.536
2026-05-31 23:00:00+08:00,26.15,74.7,412.0,0,2.956
2026-05-31 23:05:00+08:00,24.48,77.4,424.0,0,1.914
2026-05-31 23:10:00+08:00,25.17,78.8,432.0,0,2.021
2026-05-31 23:15:00+08:00,25.74,75.9,430.0,0,2.413
2026-05-31 23:20:00+08:00,24.57,80.2,433.0,0,2.49
2026-05-31 23:25:00+08:00,25.42,80.5,428.0,0,2.107
2026-05-31 23:30:00+08:00,24.91,81.1,420.0,0,2.171
2026-05-31 23:35:00+08:00,25.48,75.5,413.0,0,2.435
2026-05-31 23:40:00+08:00,24.97,76.4,415.0,0,2.03
2026-05-31 23:45:00+08:00,24.88,78.7,414.0,0,2.487
2026-05-31 23:50:00+08:00,24.53,76.9,417.0,0,1.989
2026-05-31 23:55:00+08:00,24.55,81.0,416.0,0,1.983
2026-06-01 00:00:00+08:00,25.31,77.2,415.0,0,2.335
2026-06-01 00:05:00+08:00,23.95,81.9,417.0,0,1.875
2026-06-01 00:10:00+08:00,25.19,80.7,421.0,0,2.176
2026-06-01 00:15:00+08:00,24.93,81.6,422.0,0,2.32
2026-06-01 00:20:00+08:00,24.58,78.0,417.0,0,2.397
2026-06-01 00:25:00+08:00,25.76,77.5,419.0,0,2.47
2026-06-01 00:30:00+08:00,24.57,76.3,418.0,0,1.849
2026-06-01 00:35:00+08:00,24.67,79.5,417.0,0,1.774
2026-06-01 00:40:00+08:00,24.55,77.9,427.0,0,2.341
2026-06-01 00:45:00+08:00,24.81,77.8,422.0,0,2.073
2026-06-01 00:50:00+08:00,25.12,76.9,416.0,0,2.35
2026-06-01 00:55:00+08:00,24.49,79.2,411.0,0,1.983
2026-06-01 00:55:00+08:00,24.49,79.2,411.0,0,1.983
2026-06-01 01:00:00+08:00,24.78,78.2,412.0,0,2.008
2026-06-01 01:05:00+08:00,23.97,80.7,411.0,0,2.157
2026-06-01 01:10:00+08:00,23.84,80.9,409.0,0,1.911
2026-06-01 01:15:00+08:00,24.66,78.5,418.0,0,2.027
2026-06-01 01:20:00+08:00,23.72,79.1,411.0,0,1.824
2026-06-01 01:25:00+08:00,24.44,77.3,407.0,0,1.993
2026-06-01 01:30:00+08:00,24.89,78.0,409.0,0,1.972
2026-06-01 01:35:00+08:00,23.3,79.9,405.0,0,1.54
2026-06-01 01:40:00+08:00,24.55,77.1,413.0,0,1.946
2026-06-01 01:45:00+08:00,23.37,80.1,414.0,0,1.858
2026-06-01 01:50:00+08:00,24.13,83.6,423.0,0,1.838
2026-06-01 01:55:00+08:00,23.99,80.1,422.0,0,1.721
2026-06-01 02:00:00+08:00,24.26,79.3,419.0,0,1.997
2026-06-01 02:05:00+08:00,24.42,80.4,417.0,0,2.159
2026-06-01 02:10:00+08:00,23.29,80.8,425.0,0,1.526
2026-06-01 02:15:00+08:00,23.75,76.6,425.0,0,1.79
2026-06-01 02:20:00+08:00,24.53,81.2,423.0,0,2.001
2026-06-01 02:25:00+08:00,23.55,80.9,419.0,0,1.738
2026-06-01 02:30:00+08:00,23.94,75.8,418.0,0,1.557
2026-06-01 02:35:00+08:00,23.53,85.2,418.0,0,1.533
2026-06-01 02:40:00+08:00,23.79,80.4,414.0,0,1.861
2026-06-01 02:45:00+08:00,23.89,76.7,410.0,0,1.788
2026-06-01 02:50:00+08:00,23.91,81.5,408.0,0,1.962
2026-06-01 02:55:00+08:00,23.72,78.4,404.0,0,2.007
2026-06-01 03:00:00+08:00,23.86,79.8,407.0,0,1.598
2026-06-01 03:05:00+08:00,23.81,80.8,401.0,0,1.816
2026-06-01 03:10:00+08:00,24.02,80.9,406.0,0,1.815
2026-06-01 03:15:00+08:00,23.16,80.2,410.0,0,1.521
2026-06-01 03:20:00+08:00,23.4,81.7,408.0,0,1.854
2026-06-01 03:25:00+08:00,23.97,78.2,402.0,0,1.816
2026-06-01 03:30:00+08:00,24.57,77.3,400.0,0,1.742
2026-06-01 03:35:00+08:00,23.53,81.7,399.0,0,1.594
2026-06-01 03:40:00+08:00,23.38,80.0,404.0,0,1.55
2026-06-01 03:45:00+08:00,23.84,78.0,405.0,0,1.872
2026-06-01 03:50:00+08:00,24.07,77.7,422.0,0,2.103
2026-06-01 03:55:00+08:00,23.68,80.4,429.0,0,1.763
2026-06-01 04:00:00+08:00,24.87,77.8,423.0,0,2.038
2026-06-01 04:05:00+08:00,23.94,76.6,415.0,0,1.65
2026-06-01 04:10:00+08:00,24.52,78.3,422.0,0,1.824
2026-06-01 04:15:00+08:00,24.14,83.5,430.0,0,1.891
2026-06-01 04:20:00+08:00,23.33,77.3,432.0,0,1.411
2026-06-01 04:25:00+08:00,24.42,83.1,436.0,0,2.062
2026-06-01 04:30:00+08:00,24.53,79.9,438.0,0,2.041
2026-06-01 04:35:00+08:00,24.5,79.1,433.0,0,1.854
2026-06-01 04:40:00+08:00,24.43,78.8,429.0,0,1.96
2026-06-01 04:45:00+08:00,24.61,-999.0,441.0,0,2.045
2026-06-01 04:50:00+08:00,23.76,78.1,445.0,0,1.683
2026-06-01 04:55:00+08:00,25.13,74.8,440.0,0,2.18
2026-06-01 05:00:00+08:00,24.26,76.3,440.0,0,2.201
2026-06-01 05:05:00+08:00,24.66,78.1,438.0,0,2.07
2026-06-01 05:10:00+08:00,24.83,75.2,437.0,0,1.871
2026-06-01 05:15:00+08:00,24.33,82.5,427.0,0,2.027
2026-06-01 05:20:00+08:00,24.82,74.2,424.0,0,2.05
2026-06-01 05:25:00+08:00,24.13,77.6,434.0,0,1.953
2026-06-01 05:30:00+08:00,24.91,77.1,439.0,0,2.125
2026-06-01 05:35:00+08:00,24.94,79.1,438.0,0,2.348
2026-06-01 05:40:00+08:00,23.8,77.2,445.0,0,1.933
2026-06-01 05:45:00+08:00,24.72,77.4,448.0,0,2.045
2026-06-01 05:50:00+08:00,25.12,76.8,461.0,0,2.499
2026-06-01 05:55:00+08:00,25.15,77.8,457.0,0,2.534
2026-06-01 06:00:00+08:00,24.59,77.2,450.0,0,2.295
2026-06-01 06:05:00+08:00,25.69,77.1,448.0,0,2.151
2026-06-01 06:10:00+08:00,25.35,78.7,452.0,0,2.558
2026-06-01 06:15:00+08:00,24.55,83.3,448.0,0,2.2
2026-06-01 06:20:00+08:00,24.9,83.2,439.0,0,2.565
2026-06-01 06:25:00+08:00,24.92,75.1,426.0,0,2.161
2026-06-01 06:30:00+08:00,24.58,75.9,423.0,0,2.221
2026-06-01 06:35:00+08:00,25.49,76.4,422.0,0,2.47
2026-06-01 06:40:00+08:00,26.32,79.1,419.0,0,2.357
2026-06-01 06:45:00+08:00,25.99,73.7,414.0,0,2.608
2026-06-01 06:50:00+08:00,25.62,75.9,420.0,0,2.136
2026-06-01 06:55:00+08:00,25.85,74.5,423.0,0,2.316
2026-06-01 07:00:00+08:00,26.05,76.3,424.0,0,2.437
2026-06-01 07:05:00+08:00,26.04,73.0,425.0,0,2.732
2026-06-01 07:10:00+08:00,25.99,75.9,418.0,0,2.562
2026-06-01 07:15:00+08:00,25.64,77.1,424.0,0,2.549
2026-06-01 07:20:00+08:00,25.46,77.8,422.0,0,2.633
2026-06-01 07:25:00+08:00,26.35,73.3,415.0,0,2.35
2026-06-01 07:30:00+08:00,25.97,75.6,416.0,0,2.046
2026-06-01 07:35:00+08:00,26.65,72.9,413.0,0,2.654
2026-06-01 07:40:00+08:00,26.89,75.6,413.0,0,2.564
2026-06-01 07:45:00+08:00,26.09,79.0,410.0,0,2.374
2026-06-01 07:50:00+08:00,26.34,76.6,402.0,0,2.324
2026-06-01 07:55:00+08:00,26.12,78.8,406.0,0,2.249
2026-06-01 07:55:00+08:00,26.12,78.8,406.0,0,2.249
2026-06-01 08:00:00+08:00,23.76,76.0,467.0,28,7.678
2026-06-01 08:05:00+08:00,22.67,80.0,529.0,33,7.258
2026-06-01 08:10:00+08:00,22.95,81.0,572.0,26,7.451
2026-06-01 08:15:00+08:00,23.8,80.3,613.0,30,7.366
2026-06-01 08:20:00+08:00,23.32,77.5,648.0,25,7.161
2026-06-01 08:25:00+08:00,23.27,81.3,682.0,28,7.629
2026-06-01 08:30:00+08:00,22.65,81.2,708.0,26,7.465
2026-06-01 08:35:00+08:00,23.4,81.0,764.0,42,8.122
2026-06-01 08:40:00+08:00,22.88,83.2,778.0,23,7.212
2026-06-01 08:45:00+08:00,22.3,82.2,799.0,27,7.5
2026-06-01 08:50:00+08:00,23.03,84.3,826.0,28,7.677
2026-06-01 08:55:00+08:00,23.71,82.4,861.0,37,7.601
2026-06-01 09:00:00+08:00,22.87,83.3,857.0,20,7.523
2026-06-01 09:05:00+08:00,23.92,76.6,860.0,24,7.447
2026-06-01 09:10:00+08:00,23.86,84.6,863.0,26,7.895
2026-06-01 09:15:00+08:00,24.0,77.6,882.0,28,7.316
2026-06-01 09:20:00+08:00,24.14,77.9,875.0,19,7.571
2026-06-01 09:25:00+08:00,23.69,80.0,897.0,34,7.83
2026-06-01 09:30:00+08:00,23.97,81.1,918.0,27,7.382
2026-06-01 09:35:00+08:00,23.4,77.7,940.0,33,7.577
2026-06-01 09:40:00+08:00,23.89,80.5,945.0,29,7.702
2026-06-01 09:45:00+08:00,24.56,78.8,954.0,25,8.148
2026-06-01 09:50:00+08:00,24.08,77.8,950.0,25,7.272
2026-06-01 09:55:00+08:00,23.46,79.8,947.0,27,7.572
2026-06-01 10:00:00+08:00,24.2,77.9,975.0,38,8.03
2026-06-01 10:05:00+08:00,24.03,75.8,997.0,31,7.996
2026-06-01 10:10:00+08:00,24.31,81.3,998.0,25,7.814
2026-06-01 10:15:00+08:00,24.38,80.5,1008.0,29,8.089
2026-06-01 10:20:00+08:00,24.69,75.1,1004.0,27,8.091
2026-06-01 10:25:00+08:00,24.68,74.6,1003.0,26,7.526
2026-06-01 10:30:00+08:00,24.58,82.5,991.0,22,8.209
2026-06-01 10:35:00+08:00,24.34,79.5,1005.0,34,7.868
2026-06-01 10:40:00+08:00,24.87,78.0,1005.0,29,7.744
2026-06-01 10:45:00+08:00,25.1,77.3,1015.0,36,8.418
2026-06-01 10:50:00+08:00,24.75,80.1,1027.0,35,7.888
2026-06-01 10:55:00+08:00,25.81,73.4,1046.0,35,8.531
2026-06-01 11:00:00+08:00,25.69,73.5,1059.0,33,8.55
2026-06-01 11:05:00+08:00,25.14,77.1,1047.0,29,8.001
2026-06-01 11:10:00+08:00,24.4,76.1,1050.0,26,7.724
2026-06-01 11:15:00+08:00,25.87,77.1,1038.0,26,8.334
2026-06-01 11:20:00+08:00,25.52,77.1,1045.0,33,8.364
2026-06-01 11:25:00+08:00,25.83,76.4,1052.0,30,8.469
2026-06-01 11:30:00+08:00,26.3,72.0,1037.0,24,8.484
2026-06-01 11:35:00+08:00,25.4,76.7,1024.0,23,8.006
2026-06-01 11:40:00+08:00,25.34,80.7,1018.0,25,7.944
2026-06-01 11:45:00+08:00,26.14,75.8,1033.0,35,8.347
2026-06-01 11:50:00+08:00,25.73,76.6,1032.0,28,8.254
2026-06-01 11:55:00+08:00,26.1,74.6,1022.0,25,8.303
2026-06-01 12:00:00+08:00,26.27,77.9,975.0,9,7.847
2026-06-01 12:05:00+08:00,25.54,78.3,946.0,9,7.624
2026-06-01 12:10:00+08:00,26.13,76.0,901.0,7,7.688
2026-06-01 12:15:00+08:00,26.06,74.7,871.0,11,7.475
2026-06-01 12:20:00+08:00,26.04,78.9,845.0,9,7.644
2026-06-01 12:25:00+08:00,25.52,77.7,825.0,9,7.587
2026-06-01 12:30:00+08:00,26.22,75.2,799.0,10,7.506
2026-06-01 12:35:00+08:00,25.76,77.9,784.0,9,7.671
2026-06-01 12:40:00+08:00,25.89,76.5,773.0,12,7.73
2026-06-01 12:45:00+08:00,26.21,77.6,758.0,9,7.654
2026-06-01 12:50:00+08:00,26.81,78.6,748.0,11,8.285
2026-06-01 12:55:00+08:00,26.59,75.1,732.0,8,7.848
2026-06-01 13:00:00+08:00,26.44,71.7,760.0,27,8.449
2026-06-01 13:00:00+08:00,26.44,71.7,760.0,27,8.449
2026-06-01 13:05:00+08:00,26.27,75.2,799.0,36,9.002
2026-06-01 13:10:00+08:00,26.36,77.1,816.0,30,8.777
2026-06-01 13:15:00+08:00,26.38,72.7,838.0,30,8.652
2026-06-01 13:20:00+08:00,27.06,76.5,831.0,19,8.439
2026-06-01 13:25:00+08:00,26.22,76.0,837.0,23,8.403
2026-06-01 13:30:00+08:00,26.81,78.6,867.0,34,9.066
2026-06-01 13:35:00+08:00,26.1,80.1,894.0,38,8.819
2026-06-01 13:40:00+08:00,26.88,72.7,914.0,31,8.882
2026-06-01 13:45:00+08:00,27.09,75.7,926.0,27,8.707
2026-06-01 13:50:00+08:00,27.55,73.2,932.0,28,8.889
2026-06-01 13:55:00+08:00,26.54,77.5,923.0,19,8.177
2026-06-01 14:00:00+08:00,26.21,70.8,943.0,33,8.219
2026-06-01 14:05:00+08:00,27.19,71.2,942.0,27,8.587
2026-06-01 14:10:00+08:00,26.08,76.1,958.0,35,8.671
2026-06-01 14:15:00+08:00,27.12,73.1,952.0,22,8.362
2026-06-01 14:20:00+08:00,27.38,74.6,943.0,26,8.813
2026-06-01 14:25:00+08:00,27.37,74.8,961.0,32,8.973
2026-06-01 14:30:00+08:00,26.51,70.6,964.0,24,8.353
2026-06-01 14:35:00+08:00,27.44,72.1,977.0,29,8.915
2026-06-01 14:40:00+08:00,27.37,74.7,988.0,31,8.813
2026-06-01 14:45:00+08:00,26.71,76.3,962.0,16,8.349
2026-06-01 14:50:00+08:00,26.78,77.2,965.0,26,8.634
2026-06-01 14:55:00+08:00,27.17,74.1,977.0,30,9.17
2026-06-01 15:00:00+08:00,27.3,75.9,980.0,30,8.751
2026-06-01 15:05:00+08:00,26.67,72.3,973.0,27,8.685
2026-06-01 15:10:00+08:00,26.67,75.6,974.0,30,8.876
2026-06-01 15:15:00+08:00,27.37,75.0,973.0,27,8.898
2026-06-01 15:20:00+08:00,26.83,71.0,960.0,24,8.158
2026-06-01 15:25:00+08:00,27.27,75.5,940.0,17,8.513
2026-06-01 15:30:00+08:00,26.91,75.7,953.0,32,9.234
2026-06-01 15:35:00+08:00,26.36,76.7,939.0,16,8.433
2026-06-01 15:40:00+08:00,26.23,71.8,956.0,35,9.0
2026-06-01 15:45:00+08:00,25.98,73.3,970.0,31,8.967
2026-06-01 15:50:00+08:00,26.71,76.2,942.0,17,8.404
2026-06-01 15:55:00+08:00,26.55,70.4,944.0,28,8.242
2026-06-01 16:00:00+08:00,26.55,76.7,938.0,24,8.698
2026-06-01 16:05:00+08:00,27.1,77.1,944.0,26,8.604
2026-06-01 16:10:00+08:00,27.11,75.8,948.0,30,8.641
2026-06-01 16:15:00+08:00,26.57,71.2,933.0,20,8.481
2026-06-01 16:20:00+08:00,26.2,73.3,949.0,30,8.762
2026-06-01 16:25:00+08:00,27.32,74.7,944.0,23,8.317
2026-06-01 16:30:00+08:00,26.43,77.0,970.0,37,9.271
2026-06-01 16:35:00+08:00,26.33,78.2,979.0,32,8.558
2026-06-01 16:40:00+08:00,27.05,73.9,983.0,30,9.12
2026-06-01 16:45:00+08:00,26.22,80.0,979.0,23,8.16
2026-06-01 16:50:00+08:00,27.04,78.9,972.0,23,8.269
2026-06-01 16:55:00+08:00,25.98,76.5,974.0,24,8.35
2026-06-01 17:00:00+08:00,27.12,74.4,962.0,20,8.159
2026-06-01 17:05:00+08:00,26.32,73.8,936.0,16,7.985
2026-06-01 17:10:00+08:00,25.51,78.6,940.0,24,8.117
2026-06-01 17:15:00+08:00,26.56,72.5,941.0,24,8.056
2026-06-01 17:20:00+08:00,25.93,75.1,924.0,22,8.246
2026-06-01 17:25:00+08:00,26.83,73.8,948.0,35,9.216
2026-06-01 17:30:00+08:00,25.84,74.2,949.0,28,8.459
2026-06-01 17:35:00+08:00,26.33,80.5,959.0,29,8.193
2026-06-01 17:40:00+08:00,26.54,74.1,979.0,38,8.804
2026-06-01 17:45:00+08:00,25.82,76.0,986.0,32,8.515
2026-06-01 17:50:00+08:00,25.91,71.7,983.0,22,8.335
2026-06-01 17:55:00+08:00,25.83,78.0,939.0,10,7.786
2026-06-01 18:00:00+08:00,30.06,67.5,890.0,0,3.622
2026-06-01 18:05:00+08:00,29.12,69.0,838.0,0,3.498
2026-06-01 18:10:00+08:00,28.91,70.2,795.0,0,3.301
2026-06-01 18:15:00+08:00,29.72,70.9,750.0,0,3.552
2026-06-01 18:20:00+08:00,29.71,70.3,712.0,0,3.768
2026-06-01 18:25:00+08:00,29.5,71.2,690.0,0,3.707
2026-06-01 18:30:00+08:00,29.49,69.8,659.0,0,3.651
2026-06-01 18:35:00+08:00,28.79,71.6,618.0,0,3.48
2026-06-01 18:40:00+08:00,28.54,69.7,589.0,0,3.521
2026-06-01 18:45:00+08:00,28.77,71.5,568.0,0,3.324
2026-06-01 18:50:00+08:00,29.48,68.3,558.0,0,3.597
2026-06-01 18:55:00+08:00,28.47,73.9,549.0,0,3.183
2026-06-01 19:00:00+08:00,29.2,71.8,532.0,0,3.882
2026-06-01 19:05:00+08:00,29.02,70.8,520.0,0,3.527
2026-06-01 19:10:00+08:00,29.04,69.3,509.0,0,3.177
2026-06-01 19:15:00+08:00,29.02,75.6,491.0,0,3.52
2026-06-01 19:20:00+08:00,29.15,73.8,492.0,0,3.257
2026-06-01 19:25:00+08:00,28.86,69.1,486.0,0,3.491
2026-06-01 19:30:00+08:00,28.29,75.7,476.0,0,3.153
2026-06-01 19:35:00+08:00,29.0,67.0,475.0,0,3.649
2026-06-01 19:40:00+08:00,28.48,68.5,461.0,0,3.121
2026-06-01 19:45:00+08:00,28.57,71.0,454.0,0,3.055
2026-06-01 19:50:00+08:00,28.03,70.9,454.0,0,3.007
2026-06-01 19:55:00+08:00,28.12,71.5,444.0,0,3.383
2026-06-01 20:00:00+08:00,27.54,76.0,438.0,0,2.962
2026-06-01 20:05:00+08:00,28.0,70.3,431.0,0,2.976
2026-06-01 20:10:00+08:00,27.84,74.5,433.0,0,3.177
2026-06-01 20:15:00+08:00,27.89,72.0,435.0,0,3.297
2026-06-01 20:20:00+08:00,27.82,70.3,432.0,0,3.232
2026-06-01 20:25:00+08:00,27.91,78.6,429.0,0,3.428
2026-06-01 20:30:00+08:00,28.59,75.6,428.0,0,3.144
2026-06-01 20:35:00+08:00,28.27,70.3,427.0,0,3.146
2026-06-01 20:40:00+08:00,27.39,72.1,431.0,0,3.167
2026-06-01 20:45:00+08:00,27.57,76.2,429.0,0,2.712
2026-06-01 20:50:00+08:00,27.86,71.9,427.0,0,3.078
2026-06-01 20:55:00+08:00,27.39,75.6,423.0,0,3.0
2026-06-01 21:00:00+08:00,27.8,76.5,422.0,0,2.979
2026-06-01 21:05:00+08:00,26.91,75.5,424.0,0,2.352
2026-06-01 21:10:00+08:00,27.29,76.5,418.0,0,2.872
2026-06-01 21:15:00+08:00,27.14,73.3,413.0,0,2.809
2026-06-01 21:20:00+08:00,27.51,68.8,406.0,0,3.075
2026-06-01 21:25:00+08:00,27.19,72.5,404.0,0,2.769
2026-06-01 21:30:00+08:00,27.5,73.0,403.0,0,2.841
2026-06-01 21:35:00+08:00,26.89,77.5,408.0,0,2.761
2026-06-01 21:40:00+08:00,27.08,76.2,414.0,0,2.963
2026-06-01 21:45:00+08:00,26.03,74.8,412.0,0,2.194
2026-06-01 21:50:00+08:00,26.69,74.7,414.0,0,2.791
2026-06-01 21:55:00+08:00,26.53,74.2,416.0,0,3.091
2026-06-01 22:00:00+08:00,26.72,73.9,418.0,0,2.508
2026-06-01 22:05:00+08:00,26.23,77.2,420.0,0,2.841
2026-06-01 22:10:00+08:00,26.22,72.0,421.0,0,2.806
2026-06-01 22:15:00+08:00,26.31,76.9,419.0,0,2.522
2026-06-01 22:20:00+08:00,25.61,76.7,414.0,0,2.383
2026-06-01 22:25:00+08:00,26.24,78.7,416.0,0,2.542
2026-06-01 22:30:00+08:00,25.23,75.7,411.0,0,2.407
2026-06-01 22:35:00+08:00,25.67,78.8,412.0,0,2.854
2026-06-01 22:40:00+08:00,25.96,75.3,415.0,0,2.749
2026-06-01 22:45:00+08:00,25.78,79.5,419.0,0,2.389
2026-06-01 22:50:00+08:00,25.81,76.8,419.0,0,2.347
2026-06-01 22:55:00+08:00,25.68,74.7,426.0,0,2.594
2026-06-01 23:00:00+08:00,26.31,72.5,428.0,0,2.522
2026-06-01 23:05:00+08:00,25.53,78.6,418.0,0,2.657
2026-06-01 23:10:00+08:00,25.44,76.1,409.0,0,2.331
2026-06-01 23:15:00+08:00,25.37,76.5,407.0,0,2.43
2026-06-01 23:20:00+08:00,24.39,80.4,420.0,0,2.014
2026-06-01 23:25:00+08:00,25.6,79.4,410.0,0,2.046
2026-06-01 23:30:00+08:00,25.19,76.1,407.0,0,2.529
2026-06-01 23:35:00+08:00,25.0,73.8,409.0,0,2.038
2026-06-01 23:40:00+08:00,25.34,-999.0,405.0,0,2.142
2026-06-01 23:45:00+08:00,24.93,78.7,408.0,0,2.303
2026-06-01 23:50:00+08:00,24.58,79.7,402.0,0,2.117
2026-06-01 23:55:00+08:00,24.99,79.1,391.0,0,2.421
2026-06-02 00:00:00+08:00,25.42,76.7,390.0,0,2.213
2026-06-02 00:05:00+08:00,25.04,82.6,384.0,0,2.026
2026-06-02 00:05:00+08:00,25.04,82.6,384.0,0,2.026
2026-06-02 00:10:00+08:00,24.76,79.4,388.0,0,2.043
2026-06-02 00:15:00+08:00,24.97,76.9,384.0,0,2.405
2026-06-02 00:20:00+08:00,23.94,79.1,394.0,0,1.897
2026-06-02 00:25:00+08:00,25.08,80.2,406.0,0,2.373
2026-06-02 00:30:00+08:00,24.74,77.6,405.0,0,2.418
2026-06-02 00:35:00+08:00,24.61,76.9,411.0,0,1.89
2026-06-02 00:40:00+08:00,24.47,78.4,407.0,0,2.358
2026-06-02 00:45:00+08:00,24.08,77.6,406.0,0,1.644
2026-06-02 00:50:00+08:00,24.97,76.5,406.0,0,2.166
2026-06-02 00:55:00+08:00,24.27,77.4,412.0,0,1.994
2026-06-02 01:00:00+08:00,24.67,77.3,411.0,0,2.27
2026-06-02 01:05:00+08:00,24.21,76.3,414.0,0,1.919
2026-06-02 01:10:00+08:00,24.74,78.1,418.0,0,2.224
2026-06-02 01:15:00+08:00,25.1,75.5,414.0,0,2.311
2026-06-02 01:20:00+08:00,24.22,80.2,410.0,0,2.075
2026-06-02 01:25:00+08:00,23.9,82.8,414.0,0,1.847
2026-06-02 01:30:00+08:00,23.91,82.8,413.0,0,2.273
2026-06-02 01:35:00+08:00,23.84,79.9,413.0,0,1.803
2026-06-02 01:40:00+08:00,23.8,76.8,415.0,0,1.711
2026-06-02 01:45:00+08:00,24.62,77.2,418.0,0,2.086
2026-06-02 01:50:00+08:00,24.5,78.3,429.0,0,2.039
2026-06-02 01:55:00+08:00,23.65,77.2,424.0,0,1.566
2026-06-02 02:00:00+08:00,23.1,77.4,427.0,0,1.498
2026-06-02 02:05:00+08:00,24.79,80.6,436.0,0,2.178
2026-06-02 02:10:00+08:00,23.4,82.9,435.0,0,1.711
2026-06-02 02:15:00+08:00,24.33,78.4,435.0,0,1.632
2026-06-02 02:20:00+08:00,24.4,71.8,432.0,0,2.277
2026-06-02 02:25:00+08:00,24.41,75.6,430.0,0,1.952
2026-06-02 02:30:00+08:00,24.1,81.7,427.0,0,2.125
2026-06-02 02:35:00+08:00,24.37,83.1,413.0,0,1.54
2026-06-02 02:40:00+08:00,23.83,80.3,417.0,0,1.668
2026-06-02 02:45:00+08:00,24.41,76.1,405.0,0,1.998
2026-06-02 02:50:00+08:00,24.63,78.4,407.0,0,1.922
2026-06-02 02:55:00+08:00,23.85,84.8,409.0,0,1.66
2026-06-02 03:00:00+08:00,23.81,78.5,406.0,0,1.693
2026-06-02 03:05:00+08:00,23.86,77.5,417.0,0,1.666
2026-06-02 03:10:00+08:00,23.54,79.8,413.0,0,2.024
2026-06-02 03:15:00+08:00,24.34,80.8,412.0,0,2.021
2026-06-02 03:20:00+08:00,24.13,78.6,417.0,0,2.023
2026-06-02 03:25:00+08:00,23.82,79.6,423.0,0,1.723
2026-06-02 03:30:00+08:00,24.5,77.6,425.0,0,1.898
2026-06-02 03:35:00+08:00,23.83,80.6,424.0,0,1.799
2026-06-02 03:40:00+08:00,24.05,78.9,426.0,0,2.093
2026-06-02 03:45:00+08:00,23.99,78.2,431.0,0,1.792
2026-06-02 03:50:00+08:00,24.36,78.8,428.0,0,2.365
2026-06-02 03:55:00+08:00,24.28,79.4,425.0,0,1.783
2026-06-02 04:00:00+08:00,23.86,77.3,416.0,0,1.489
2026-06-02 04:05:00+08:00,24.15,80.4,419.0,0,1.977
2026-06-02 04:10:00+08:00,24.18,77.7,415.0,0,2.063
2026-06-02 04:15:00+08:00,24.03,80.0,421.0,0,1.956
2026-06-02 04:20:00+08:00,24.08,76.1,420.0,0,1.702
2026-06-02 04:25:00+08:00,24.33,79.0,420.0,0,1.788
2026-06-02 04:30:00+08:00,23.99,82.7,423.0,0,2.017
2026-06-02 04:35:00+08:00,24.04,79.2,425.0,0,1.869
2026-06-02 04:40:00+08:00,24.15,78.7,419.0,0,2.06
2026-06-02 04:45:00+08:00,23.79,79.9,419.0,0,1.61
2026-06-02 04:50:00+08:00,25.14,77.2,411.0,0,2.298
2026-06-02 04:55:00+08:00,24.54,77.9,417.0,0,1.854
2026-06-02 05:00:00+08:00,24.9,79.4,423.0,0,2.24
2026-06-02 05:05:00+08:00,24.02,77.2,423.0,0,1.926
2026-06-02 05:10:00+08:00,24.84,75.3,420.0,0,1.908
2026-06-02 05:15:00+08:00,24.37,79.4,418.0,0,2.093
2026-06-02 05:20:00+08:00,24.84,77.9,421.0,0,2.294
2026-06-02 05:25:00+08:00,23.38,80.6,414.0,0,1.959
2026-06-02 05:30:00+08:00,24.25,80.8,413.0,0,1.927
2026-06-02 05:35:00+08:00,24.38,83.3,412.0,0,1.996
2026-06-02 05:40:00+08:00,24.56,77.9,414.0,0,1.729
2026-06-02 05:45:00+08:00,24.77,82.5,419.0,0,1.953
2026-06-02 05:50:00+08:00,25.3,78.0,415.0,0,2.05
2026-06-02 05:55:00+08:00,24.52,79.9,411.0,0,1.894
2026-06-02 05:55:00+08:00,24.52,79.9,411.0,0,1.894
2026-06-02 06:00:00+08:00,24.31,80.6,416.0,0,1.962
2026-06-02 06:05:00+08:00,25.26,79.8,424.0,0,2.062
2026-06-02 06:10:00+08:00,25.04,79.3,430.0,0,2.004
2026-06-02 06:15:00+08:00,24.89,79.6,432.0,0,2.024
2026-06-02 06:20:00+08:00,25.09,77.3,433.0,0,2.037
2026-06-02 06:25:00+08:00,25.25,79.9,426.0,0,1.799
2026-06-02 06:30:00+08:00,26.14,75.7,424.0,0,2.288
2026-06-02 06:35:00+08:00,25.03,75.5,427.0,0,2.167
2026-06-02 06:40:00+08:00,25.7,74.3,435.0,0,2.192
2026-06-02 06:45:00+08:00,25.52,74.3,428.0,0,2.464
2026-06-02 06:50:00+08:00,25.11,75.8,434.0,0,2.43
2026-06-02 06:55:00+08:00,25.35,79.5,447.0,0,2.388
2026-06-02 07:00:00+08:00,25.99,74.0,450.0,0,2.588
2026-06-02 07:05:00+08:00,24.97,79.4,455.0,0,2.164
2026-06-02 07:10:00+08:00,25.87,76.7,454.0,0,2.28
2026-06-02 07:15:00+08:00,25.85,72.1,451.0,0,2.583
2026-06-02 07:20:00+08:00,26.39,75.0,452.0,0,2.578
2026-06-02 07:25:00+08:00,25.88,77.3,449.0,0,2.672
2026-06-02 07:30:00+08:00,26.48,74.0,448.0,0,2.667
2026-06-02 07:35:00+08:00,25.88,75.8,448.0,0,2.318
2026-06-02 07:40:00+08:00,26.26,76.3,446.0,0,2.6
2026-06-02 07:45:00+08:00,26.58,77.2,446.0,0,2.637
2026-06-02 07:50:00+08:00,26.74,73.1,447.0,0,2.733
2026-06-02 07:55:00+08:00,25.7,77.1,449.0,0,2.342
2026-06-02 08:00:00+08:00,22.11,83.4,507.0,33,7.471
2026-06-02 08:05:00+08:00,22.28,83.1,541.0,21,7.002
2026-06-02 08:10:00+08:00,22.46,81.1,574.0,24,6.849
2026-06-02 08:15:00+08:00,23.19,79.9,620.0,31,7.664
2026-06-02 08:20:00+08:00,23.08,80.4,676.0,33,7.461
2026-06-02 08:25:00+08:00,23.12,85.9,713.0,28,7.731
2026-06-02 08:30:00+08:00,23.48,82.3,741.0,27,7.565
2026-06-02 08:35:00+08:00,23.3,83.5,765.0,28,7.511
2026-06-02 08:40:00+08:00,23.61,75.3,784.0,22,7.564
2026-06-02 08:45:00+08:00,23.3,82.3,799.0,27,7.51
2026-06-02 08:50:00+08:00,23.53,79.8,825.0,34,7.508
2026-06-02 08:55:00+08:00,23.57,83.2,851.0,32,7.8
2026-06-02 09:00:00+08:00,23.47,81.6,877.0,34,7.699
2026-06-02 09:05:00+08:00,22.65,83.3,922.0,44,7.869
2026-06-02 09:10:00+08:00,23.32,79.5,925.0,25,7.3
2026-06-02 09:15:00+08:00,23.95,79.9,923.0,23,7.476
2026-06-02 09:20:00+08:00,23.34,78.8,934.0,30,7.541
2026-06-02 09:25:00+08:00,23.6,81.2,921.0,20,7.166
2026-06-02 09:30:00+08:00,24.23,81.7,918.0,20,7.313
2026-06-02 09:35:00+08:00,24.41,77.3,912.0,22,7.235
2026-06-02 09:40:00+08:00,24.49,81.6,935.0,33,8.309
2026-06-02 09:45:00+08:00,25.12,76.3,942.0,29,8.231
2026-06-02 09:50:00+08:00,24.06,82.5,965.0,36,8.131
2026-06-02 09:55:00+08:00,24.05,79.0,937.0,19,7.089
2026-06-02 10:00:00+08:00,24.47,75.5,938.0,25,7.709
2026-06-02 10:05:00+08:00,24.44,82.3,961.0,36,7.966
2026-06-02 10:10:00+08:00,24.11,78.3,977.0,31,8.108
2026-06-02 10:15:00+08:00,24.67,75.8,956.0,16,7.561
2026-06-02 10:20:00+08:00,24.74,79.5,956.0,25,7.568
2026-06-02 10:25:00+08:00,24.6,82.2,956.0,23,7.69
2026-06-02 10:30:00+08:00,24.69,77.6,926.0,14,7.229
2026-06-02 10:35:00+08:00,24.95,74.6,903.0,15,7.384
2026-06-02 10:40:00+08:00,24.91,77.1,924.0,33,8.696
2026-06-02 10:45:00+08:00,24.64,78.8,929.0,22,7.781
2026-06-02 10:50:00+08:00,24.45,80.2,930.0,27,8.142
2026-06-02 10:55:00+08:00,25.33,81.2,927.0,22,7.926
2026-06-02 11:00:00+08:00,25.31,83.0,938.0,34,8.37
2026-06-02 11:05:00+08:00,25.22,74.3,933.0,21,7.663
2026-06-02 11:10:00+08:00,24.98,74.4,955.0,33,7.973
2026-06-02 11:15:00+08:00,25.76,78.8,968.0,32,8.358
2026-06-02 11:20:00+08:00,25.67,78.6,980.0,31,8.369
2026-06-02 11:25:00+08:00,25.6,74.4,995.0,29,8.438
2026-06-02 11:30:00+08:00,25.97,77.5,971.0,16,8.039
2026-06-02 11:35:00+08:00,25.49,76.4,982.0,30,8.388
2026-06-02 11:40:00+08:00,25.04,78.2,986.0,31,8.001
2026-06-02 11:45:00+08:00,26.27,77.8,1021.0,45,8.884
2026-06-02 11:50:00+08:00,25.53,73.5,1008.0,23,8.02
2026-06-02 11:55:00+08:00,26.9,75.1,1001.0,20,8.263
2026-06-02 12:00:00+08:00,26.16,78.3,953.0,5,7.825
2026-06-02 12:05:00+08:00,26.52,70.1,919.0,8,7.865
2026-06-02 12:10:00+08:00,25.56,79.7,899.0,12,7.888
2026-06-02 12:15:00+08:00,26.06,75.9,873.0,9,7.535
2026-06-02 12:20:00+08:00,26.5,77.9,852.0,10,7.886
2026-06-02 12:25:00+08:00,26.47,75.8,828.0,10,7.877
2026-06-02 12:30:00+08:00,25.57,75.4,824.0,13,7.672
2026-06-02 12:35:00+08:00,26.41,78.1,812.0,11,8.085
2026-06-02 12:40:00+08:00,25.78,76.9,783.0,9,7.748
2026-06-02 12:45:00+08:00,26.7,70.7,770.0,9,7.912
2026-06-02 12:50:00+08:00,26.09,77.6,759.0,13,8.007
2026-06-02 12:55:00+08:00,26.23,76.6,748.0,10,7.674
2026-06-02 13:00:00+08:00,26.48,73.9,759.0,19,8.285
2026-06-02 13:05:00+08:00,27.04,75.8,788.0,30,8.959
2026-06-02 13:10:00+08:00,25.76,77.3,813.0,30,8.549
2026-06-02 13:15:00+08:00,26.15,77.9,822.0,25,8.231
2026-06-02 13:20:00+08:00,26.47,73.4,846.0,28,8.791
2026-06-02 13:25:00+08:00,26.53,73.0,844.0,22,8.446
2026-06-02 13:30:00+08:00,25.79,76.5,880.0,32,8.574
2026-06-02 13:35:00+08:00,26.49,68.4,902.0,28,8.539
2026-06-02 13:40:00+08:00,26.57,78.4,908.0,27,8.572
2026-06-02 13:45:00+08:00,26.69,78.9,918.0,27,8.87
2026-06-02 13:50:00+08:00,26.84,76.0,928.0,28,8.796
2026-06-02 13:55:00+08:00,27.48,71.4,944.0,33,9.127
2026-06-02 14:00:00+08:00,27.15,73.7,944.0,26,8.51
2026-06-02 14:05:00+08:00,26.5,74.1,965.0,35,8.728
2026-06-02 14:10:00+08:00,26.91,73.6,962.0,23,8.424
2026-06-02 14:15:00+08:00,27.51,74.1,972.0,30,8.774
2026-06-02 14:20:00+08:00,27.38,73.1,965.0,27,8.993
2026-06-02 14:25:00+08:00,26.45,74.0,967.0,25,8.462
2026-06-02 14:30:00+08:00,26.21,75.3,969.0,28,8.428
2026-06-02 14:35:00+08:00,27.16,73.3,968.0,24,8.838
2026-06-02 14:40:00+08:00,27.12,77.2,983.0,34,8.761
2026-06-02 14:45:00+08:00,26.97,77.2,966.0,19,7.864
2026-06-02 14:50:00+08:00,26.8,76.2,962.0,25,8.943
2026-06-02 14:55:00+08:00,26.82,75.0,945.0,23,8.376
2026-06-02 15:00:00+08:00,26.72,72.9,968.0,32,8.43
2026-06-02 15:05:00+08:00,26.28,75.7,991.0,37,9.291
2026-06-02 15:10:00+08:00,27.69,72.8,1004.0,33,8.972
2026-06-02 15:15:00+08:00,26.78,73.1,1012.0,33,8.808
2026-06-02 15:20:00+08:00,26.15,76.8,1004.0,23,8.335
2026-06-02 15:25:00+08:00,27.08,75.8,992.0,25,8.67
2026-06-02 15:30:00+08:00,27.54,75.5,1009.0,37,9.226
2026-06-02 15:35:00+08:00,26.38,77.3,1010.0,25,8.61
2026-06-02 15:40:00+08:00,26.41,75.2,1019.0,35,8.847
2026-06-02 15:45:00+08:00,26.93,73.4,1017.0,28,8.716
2026-06-02 15:50:00+08:00,26.55,70.1,1015.0,30,8.398
2026-06-02 15:55:00+08:00,26.85,70.4,1000.0,22,8.599
2026-06-02 16:00:00+08:00,26.77,76.8,1006.0,34,8.559
2026-06-02 16:05:00+08:00,26.13,79.7,1002.0,27,8.331
2026-06-02 16:10:00+08:00,26.23,75.3,1007.0,31,8.673
2026-06-02 16:15:00+08:00,27.05,75.9,1010.0,28,8.512
2026-06-02 16:20:00+08:00,26.69,78.1,1005.0,29,8.831
2026-06-02 16:25:00+08:00,27.11,72.7,976.0,14,8.18
2026-06-02 16:30:00+08:00,26.76,75.7,966.0,22,8.326
2026-06-02 16:35:00+08:00,26.39,73.8,971.0,29,8.754
2026-06-02 16:40:00+08:00,26.71,72.2,994.0,34,8.883
2026-06-02 16:45:00+08:00,26.49,72.7,987.0,21,8.042
2026-06-02 16:50:00+08:00,26.41,72.7,998.0,33,8.901
2026-06-02 16:55:00+08:00,26.37,77.1,1005.0,29,8.6
2026-06-02 17:00:00+08:00,26.41,79.1,1008.0,30,8.486
2026-06-02 17:05:00+08:00,27.03,72.8,1009.0,27,8.617
2026-06-02 17:10:00+08:00,26.6,75.5,1011.0,33,8.765
2026-06-02 17:15:00+08:00,25.92,77.1,1003.0,26,8.119
2026-06-02 17:20:00+08:00,26.99,73.9,989.0,24,8.479
2026-06-02 17:25:00+08:00,25.34,78.2,992.0,28,8.409
2026-06-02 17:30:00+08:00,24.94,76.1,994.0,26,8.083
2026-06-02 17:35:00+08:00,25.87,81.5,1004.0,31,8.661
2026-06-02 17:40:00+08:00,26.31,74.0,987.0,22,8.378
2026-06-02 17:45:00+08:00,25.98,72.8,972.0,23,7.898
2026-06-02 17:50:00+08:00,25.95,78.9,952.0,17,7.937
2026-06-02 17:55:00+08:00,25.93,77.9,954.0,29,8.711
2026-06-02 18:00:00+08:00,29.4,71.3,899.0,0,3.626
2026-06-02 18:05:00+08:00,29.82,64.2,846.0,0,3.831
2026-06-02 18:10:00+08:00,29.26,69.8,810.0,0,3.238
2026-06-02 18:15:00+08:00,30.07,70.4,770.0,0,3.634
2026-06-02 18:20:00+08:00,29.83,71.6,738.0,0,3.779
2026-06-02 18:25:00+08:00,29.44,73.1,705.0,0,3.439
2026-06-02 18:30:00+08:00,28.42,72.8,671.0,0,3.178
2026-06-02 18:35:00+08:00,28.83,72.5,643.0,0,3.528
2026-06-02 18:40:00+08:00,28.71,73.2,620.0,0,3.413
2026-06-02 18:45:00+08:00,28.85,70.0,599.0,0,3.545
2026-06-02 18:50:00+08:00,29.77,69.4,581.0,0,3.664
2026-06-02 18:55:00+08:00,29.64,71.2,563.0,0,3.718
2026-06-02 19:00:00+08:00,28.77,73.1,550.0,0,3.658
2026-06-02 19:05:00+08:00,29.54,72.6,544.0,0,3.695
2026-06-02 19:10:00+08:00,29.08,67.7,532.0,0,3.394
2026-06-02 19:10:00+08:00,29.08,67.7,532.0,0,3.394
2026-06-02 19:15:00+08:00,28.48,74.9,521.0,0,3.282
2026-06-02 19:20:00+08:00,28.66,68.8,508.0,0,3.219
2026-06-02 19:25:00+08:00,27.9,73.6,499.0,0,3.087
2026-06-02 19:30:00+08:00,28.83,71.5,487.0,0,3.319
2026-06-02 19:35:00+08:00,28.35,73.7,475.0,0,3.141
2026-06-02 19:40:00+08:00,28.43,64.9,466.0,0,3.436
2026-06-02 19:45:00+08:00,28.81,72.0,465.0,0,3.56
2026-06-02 19:50:00+08:00,28.52,72.0,456.0,0,3.286
2026-06-02 19:55:00+08:00,28.68,71.1,457.0,0,3.429
2026-06-02 20:00:00+08:00,28.03,70.7,443.0,0,2.984
2026-06-02 20:05:00+08:00,28.09,70.0,451.0,0,3.164
2026-06-02 20:10:00+08:00,27.61,73.7,443.0,0,3.306
2026-06-02 20:15:00+08:00,28.54,68.8,437.0,0,2.913
2026-06-02 20:20:00+08:00,27.0,71.0,433.0,0,2.513
2026-06-02 20:25:00+08:00,27.44,71.8,434.0,0,3.149
2026-06-02 20:30:00+08:00,27.79,71.9,447.0,0,2.97
2026-06-02 20:35:00+08:00,28.15,72.7,441.0,0,3.22
2026-06-02 20:40:00+08:00,27.07,74.4,444.0,0,2.773
2026-06-02 20:45:00+08:00,27.92,68.1,438.0,0,2.949
2026-06-02 20:50:00+08:00,27.27,76.0,447.0,0,2.959
2026-06-02 20:55:00+08:00,27.26,70.4,445.0,0,2.816
2026-06-02 21:00:00+08:00,26.92,72.0,446.0,0,3.054
2026-06-02 21:05:00+08:00,27.19,74.9,440.0,0,2.727
2026-06-02 21:10:00+08:00,27.33,74.0,437.0,0,2.686
2026-06-02 21:15:00+08:00,26.74,77.5,425.0,0,2.625
2026-06-02 21:20:00+08:00,27.04,72.8,420.0,0,3.078
2026-06-02 21:25:00+08:00,26.04,74.3,430.0,0,2.39
2026-06-02 21:30:00+08:00,27.39,71.2,433.0,0,2.823
2026-06-02 21:35:00+08:00,27.23,74.0,435.0,0,3.023
2026-06-02 21:40:00+08:00,27.55,73.7,434.0,0,2.817
2026-06-02 21:45:00+08:00,26.52,74.6,424.0,0,2.982
2026-06-02 21:50:00+08:00,26.47,75.9,427.0,0,2.518
2026-06-02 21:55:00+08:00,26.65,77.0,423.0,0,2.748
2026-06-02 22:00:00+08:00,26.28,75.9,423.0,0,2.224
2026-06-02 22:05:00+08:00,25.67,79.8,417.0,0,2.288
2026-06-02 22:10:00+08:00,26.11,78.5,414.0,0,2.636
2026-06-02 22:15:00+08:00,26.18,70.6,414.0,0,2.379
2026-06-02 22:20:00+08:00,26.0,73.1,414.0,0,2.289
2026-06-02 22:25:00+08:00,25.48,79.4,405.0,0,2.217
2026-06-02 22:30:00+08:00,26.26,76.7,414.0,0,2.197
2026-06-02 22:35:00+08:00,26.1,79.3,414.0,0,2.382
2026-06-02 22:40:00+08:00,25.5,75.5,420.0,0,2.29
2026-06-02 22:45:00+08:00,25.8,72.8,425.0,0,2.525
2026-06-02 22:50:00+08:00,25.61,74.7,425.0,0,2.374
2026-06-02 22:55:00+08:00,25.48,81.5,422.0,0,2.503
2026-06-02 23:00:00+08:00,26.25,74.2,415.0,0,2.607
2026-06-02 23:05:00+08:00,25.43,77.0,423.0,0,2.595
2026-06-02 23:10:00+08:00,25.22,75.6,425.0,0,1.899
2026-06-02 23:15:00+08:00,25.24,80.5,426.0,0,2.781
2026-06-02 23:20:00+08:00,25.68,74.4,418.0,0,2.386
2026-06-02 23:25:00+08:00,25.65,78.0,415.0,0,2.413
2026-06-02 23:30:00+08:00,24.96,78.3,416.0,0,2.066
2026-06-02 23:35:00+08:00,25.35,72.3,416.0,0,2.122
2026-06-02 23:40:00+08:00,25.47,77.2,422.0,0,2.509
2026-06-02 23:45:00+08:00,25.45,75.0,412.0,0,2.421
2026-06-02 23:50:00+08:00,24.93,74.2,423.0,0,1.8
2026-06-02 23:55:00+08:00,24.67,76.1,419.0,0,1.669
2026-06-03 00:00:00+08:00,24.38,76.1,426.0,0,1.942
2026-06-03 00:05:00+08:00,24.95,76.6,423.0,0,2.167
2026-06-03 00:10:00+08:00,24.72,79.1,431.0,0,2.023
2026-06-03 00:15:00+08:00,25.18,74.2,424.0,0,2.013
2026-06-03 00:20:00+08:00,24.02,80.4,423.0,0,1.7
2026-06-03 00:25:00+08:00,24.95,73.5,423.0,0,2.174
2026-06-03 00:30:00+08:00,24.6,81.1,428.0,0,2.2
2026-06-03 00:35:00+08:00,25.01,80.7,434.0,0,1.977
2026-06-03 00:40:00+08:00,24.21,81.9,430.0,0,2.062
2026-06-03 00:40:00+08:00,24.21,81.9,430.0,0,2.062
2026-06-03 00:45:00+08:00,24.53,76.5,429.0,0,2.213
2026-06-03 00:50:00+08:00,24.46,81.0,434.0,0,1.837
2026-06-03 00:55:00+08:00,24.36,86.8,434.0,0,2.092
2026-06-03 01:00:00+08:00,24.56,77.6,422.0,0,2.284
2026-06-03 01:05:00+08:00,24.72,77.5,419.0,0,1.9
2026-06-03 01:10:00+08:00,24.1,81.0,423.0,0,2.271
2026-06-03 01:15:00+08:00,24.28,80.9,418.0,0,2.059
2026-06-03 01:20:00+08:00,24.3,78.0,417.0,0,1.932
2026-06-03 01:25:00+08:00,24.5,80.3,410.0,0,2.047
2026-06-03 01:30:00+08:00,23.93,82.4,415.0,0,1.752
2026-06-03 01:35:00+08:00,24.12,81.6,415.0,0,2.008
2026-06-03 01:40:00+08:00,24.56,79.3,429.0,0,1.625
2026-06-03 01:45:00+08:00,24.07,81.2,425.0,0,2.084
2026-06-03 01:50:00+08:00,23.61,81.1,437.0,0,1.872
2026-06-03 01:55:00+08:00,24.1,78.2,428.0,0,2.083
2026-06-03 02:00:00+08:00,24.33,80.1,428.0,0,1.743
2026-06-03 02:05:00+08:00,23.97,80.0,424.0,0,1.818
2026-06-03 02:10:00+08:00,23.79,81.0,421.0,0,1.705
2026-06-03 02:15:00+08:00,24.52,78.4,429.0,0,1.896
2026-06-03 02:20:00+08:00,23.5,81.7,428.0,0,1.623
2026-06-03 02:25:00+08:00,24.08,79.5,429.0,0,2.102
2026-06-03 02:30:00+08:00,24.23,81.1,428.0,0,1.538
2026-06-03 02:35:00+08:00,24.09,78.2,425.0,0,1.707
2026-06-03 02:40:00+08:00,23.74,82.8,423.0,0,1.543
2026-06-03 02:45:00+08:00,24.35,80.8,420.0,0,1.916
2026-06-03 02:50:00+08:00,23.95,82.4,419.0,0,1.395
2026-06-03 02:55:00+08:00,23.17,78.4,418.0,0,1.566
2026-06-03 03:00:00+08:00,24.38,79.0,421.0,0,1.888
2026-06-03 03:05:00+08:00,23.66,79.4,420.0,0,1.719
2026-06-03 03:10:00+08:00,24.69,83.4,418.0,0,1.885
2026-06-03 03:15:00+08:00,23.96,81.8,427.0,0,1.661
2026-06-03 03:20:00+08:00,24.05,79.9,424.0,0,1.901
2026-06-03 03:25:00+08:00,24.41,80.0,427.0,0,2.006
2026-06-03 03:30:00+08:00,23.34,81.8,428.0,0,1.47
2026-06-03 03:35:00+08:00,23.31,80.1,418.0,0,1.428
2026-06-03 03:40:00+08:00,24.04,76.0,417.0,0,1.674
2026-06-03 03:45:00+08:00,24.06,82.7,418.0,0,1.504
2026-06-03 03:50:00+08:00,23.96,78.1,419.0,0,1.998
2026-06-03 03:55:00+08:00,24.84,78.0,416.0,0,1.949
2026-06-03 04:00:00+08:00,24.13,80.6,416.0,0,1.876
2026-06-03 04:05:00+08:00,24.2,81.0,413.0,0,1.893
2026-06-03 04:10:00+08:00,23.48,77.8,411.0,0,1.976
2026-06-03 04:15:00+08:00,24.27,81.5,406.0,0,1.862
2026-06-03 04:20:00+08:00,24.59,75.8,402.0,0,1.888
2026-06-03 04:25:00+08:00,24.27,78.2,414.0,0,1.64
2026-06-03 04:30:00+08:00,23.97,78.2,416.0,0,1.961
2026-06-03 04:35:00+08:00,24.38,82.8,413.0,0,2.114
2026-06-03 04:40:00+08:00,24.59,81.8,412.0,0,2.085
2026-06-03 04:45:00+08:00,24.87,76.9,414.0,0,1.916
2026-06-03 04:50:00+08:00,24.9,77.4,412.0,0,1.82
2026-06-03 04:55:00+08:00,24.46,79.8,411.0,0,1.947
2026-06-03 05:00:00+08:00,24.16,74.7,416.0,0,1.815
2026-06-03 05:05:00+08:00,24.93,76.9,416.0,0,1.914
2026-06-03 05:10:00+08:00,23.94,77.9,420.0,0,1.937
2026-06-03 05:15:00+08:00,24.4,77.3,429.0,0,1.969
2026-06-03 05:20:00+08:00,25.35,75.8,431.0,0,2.043
2026-06-03 05:25:00+08:00,24.61,76.4,437.0,0,1.789
2026-06-03 05:30:00+08:00,24.54,80.2,440.0,0,2.137
2026-06-03 05:35:00+08:00,24.73,78.3,443.0,0,2.338
2026-06-03 05:40:00+08:00,25.09,79.5,444.0,0,2.09
2026-06-03 05:45:00+08:00,24.34,84.1,446.0,0,1.994
2026-06-03 05:50:00+08:00,25.13,74.0,438.0,0,1.704
2026-06-03 05:55:00+08:00,24.79,76.9,446.0,0,2.119
2026-06-03 06:00:00+08:00,24.63,77.4,442.0,0,1.806
2026-06-03 06:05:00+08:00,24.71,76.0,438.0,0,2.039
2026-06-03 06:10:00+08:00,24.67,75.4,442.0,0,2.05
2026-06-03 06:15:00+08:00,24.55,75.2,443.0,0,1.643
2026-06-03 06:20:00+08:00,25.27,77.9,434.0,0,2.101
2026-06-03 06:25:00+08:00,24.65,78.4,439.0,0,2.289
2026-06-03 06:30:00+08:00,25.71,75.5,444.0,0,2.23
2026-06-03 06:35:00+08:00,25.32,79.8,437.0,0,2.207
2026-06-03 06:40:00+08:00,24.92,76.7,438.0,0,2.418
2026-06-03 06:45:00+08:00,25.8,76.8,438.0,0,2.486
2026-06-03 06:50:00+08:00,25.29,76.4,423.0,0,2.244
2026-06-03 06:55:00+08:00,24.87,77.3,428.0,0,1.872
2026-06-03 07:00:00+08:00,24.95,79.6,429.0,0,2.168
2026-06-03 07:05:00+08:00,25.85,73.8,434.0,0,2.488
2026-06-03 07:10:00+08:00,25.35,78.6,428.0,0,2.693
2026-06-03 07:15:00+08:00,25.94,74.2,427.0,0,2.428
2026-06-03 07:20:00+08:00,26.02,76.2,420.0,0,2.236
2026-06-03 07:25:00+08:00,26.04,75.5,422.0,0,2.537
2026-06-03 07:30:00+08:00,26.42,74.2,421.0,0,2.769
2026-06-03 07:35:00+08:00,26.24,73.2,420.0,0,2.477
2026-06-03 07:40:00+08:00,26.67,75.8,426.0,0,3.123
2026-06-03 07:45:00+08:00,26.18,76.0,425.0,0,2.796
2026-06-03 07:50:00+08:00,26.26,74.3,425.0,0,2.457
2026-06-03 07:55:00+08:00,26.7,75.1,418.0,0,2.453
2026-06-03 08:00:00+08:00,23.4,84.3,495.0,35,7.702
2026-06-03 08:05:00+08:00,22.59,80.8,550.0,33,7.147
2026-06-03 08:10:00+08:00,22.96,85.0,579.0,22,7.525
2026-06-03 08:15:00+08:00,22.19,84.3,614.0,25,7.751
2026-06-03 08:20:00+08:00,23.0,83.0,655.0,29,7.554
2026-06-03 08:25:00+08:00,22.87,81.1,702.0,35,7.625
2026-06-03 08:30:00+08:00,22.92,84.7,728.0,28,7.333
2026-06-03 08:35:00+08:00,22.85,84.0,769.0,38,7.85
2026-06-03 08:40:00+08:00,23.08,83.9,807.0,36,7.218
2026-06-03 08:45:00+08:00,23.49,83.7,820.0,23,7.447
2026-06-03 08:50:00+08:00,24.04,81.9,875.0,41,8.395
2026-06-03 08:55:00+08:00,22.84,81.5,898.0,31,7.763
2026-06-03 09:00:00+08:00,24.13,79.1,889.0,13,7.132
2026-06-03 09:05:00+08:00,23.37,79.9,905.0,29,7.773
2026-06-03 09:10:00+08:00,22.86,82.0,901.0,20,7.22
2026-06-03 09:15:00+08:00,24.35,81.9,926.0,36,8.191
2026-06-03 09:20:00+08:00,23.93,76.8,930.0,24,7.601
2026-06-03 09:25:00+08:00,24.56,76.2,913.0,17,7.243
2026-06-03 09:30:00+08:00,23.45,78.1,917.0,29,7.61
2026-06-03 09:35:00+08:00,24.82,79.5,950.0,37,8.224
2026-06-03 09:40:00+08:00,23.99,81.9,965.0,36,7.831
2026-06-03 09:45:00+08:00,24.2,80.7,989.0,33,7.939
2026-06-03 09:50:00+08:00,23.91,74.9,977.0,17,7.187
2026-06-03 09:55:00+08:00,23.82,80.0,1005.0,39,8.204
2026-06-03 10:00:00+08:00,24.8,75.9,1025.0,41,8.194
2026-06-03 10:05:00+08:00,25.0,77.5,1019.0,24,8.127
2026-06-03 10:10:00+08:00,23.84,76.4,1025.0,29,7.956
2026-06-03 10:15:00+08:00,23.99,-999.0,1023.0,28,7.802
2026-06-03 10:20:00+08:00,24.75,80.4,1023.0,29,8.182
2026-06-03 10:25:00+08:00,23.98,80.9,1050.0,38,7.965
2026-06-03 10:30:00+08:00,24.86,81.3,1040.0,27,8.002
2026-06-03 10:35:00+08:00,24.92,80.7,1017.0,20,7.565
2026-06-03 10:40:00+08:00,25.41,79.7,991.0,21,28.785600000000002
2026-06-03 10:45:00+08:00,24.35,79.1,973.0,18,26.5788
2026-06-03 10:50:00+08:00,24.92,78.8,964.0,23,28.8828
2026-06-03 10:55:00+08:00,25.43,70.9,984.0,34,30.366000000000003
2026-06-03 11:00:00+08:00,24.96,76.7,990.0,25,28.4544
2026-06-03 11:05:00+08:00,25.3,76.8,1001.0,30,30.5532
2026-06-03 11:10:00+08:00,25.39,80.2,1013.0,32,30.06
2026-06-03 11:15:00+08:00,26.05,77.7,1030.0,31,8.629
2026-06-03 11:20:00+08:00,25.42,81.4,1029.0,29,8.25
2026-06-03 11:25:00+08:00,25.77,75.2,997.0,17,7.69
2026-06-03 11:30:00+08:00,25.01,75.8,999.0,26,8.049
2026-06-03 11:35:00+08:00,25.05,78.2,983.0,21,8.054
2026-06-03 11:40:00+08:00,26.04,78.8,985.0,27,7.886
2026-06-03 11:45:00+08:00,26.24,74.5,987.0,29,8.691
2026-06-03 11:50:00+08:00,26.44,79.4,1013.0,41,8.997
2026-06-03 11:55:00+08:00,25.51,76.7,994.0,20,7.712
2026-06-03 12:00:00+08:00,26.12,-999.0,958.0,10,7.761
2026-06-03 12:05:00+08:00,26.52,73.6,920.0,9,8.103
2026-06-03 12:10:00+08:00,26.01,75.6,884.0,4,7.507
2026-06-03 12:15:00+08:00,25.98,74.8,854.0,7,7.839
2026-06-03 12:20:00+08:00,26.16,72.8,832.0,12,7.934
2026-06-03 12:25:00+08:00,26.59,74.3,824.0,11,8.316
2026-06-03 12:30:00+08:00,26.37,77.3,805.0,10,7.904
2026-06-03 12:35:00+08:00,26.37,75.9,803.0,12,7.893
2026-06-03 12:40:00+08:00,25.54,80.0,791.0,8,7.321
2026-06-03 12:45:00+08:00,26.2,79.4,784.0,11,7.919
2026-06-03 12:50:00+08:00,26.49,77.3,775.0,10,8.024
2026-06-03 12:55:00+08:00,26.82,71.0,745.0,7,7.904
2026-06-03 13:00:00+08:00,26.57,75.9,762.0,26,8.301
2026-06-03 13:05:00+08:00,26.14,77.3,789.0,25,8.286
2026-06-03 13:10:00+08:00,26.48,76.7,809.0,29,8.606
2026-06-03 13:15:00+08:00,25.36,82.9,844.0,33,8.516
2026-06-03 13:20:00+08:00,25.75,75.5,851.0,20,8.405
2026-06-03 13:25:00+08:00,26.38,81.8,894.0,39,8.766
2026-06-03 13:30:00+08:00,26.44,73.7,932.0,35,8.652
2026-06-03 13:35:00+08:00,26.7,76.7,935.0,30,8.908
2026-06-03 13:40:00+08:00,26.61,75.9,940.0,31,8.319
2026-06-03 13:45:00+08:00,27.21,74.9,964.0,33,8.861
2026-06-03 13:50:00+08:00,26.28,74.0,932.0,15,7.897
2026-06-03 13:55:00+08:00,27.12,76.3,939.0,23,8.324
2026-06-03 14:00:00+08:00,27.12,76.0,946.0,30,9.082
2026-06-03 14:05:00+08:00,27.15,69.6,963.0,32,8.702
2026-06-03 14:10:00+08:00,27.15,76.6,977.0,30,9.106
2026-06-03 14:15:00+08:00,27.08,75.4,987.0,31,8.934
2026-06-03 14:20:00+08:00,26.89,80.8,977.0,25,8.272
2026-06-03 14:25:00+08:00,26.16,76.7,965.0,21,7.935
2026-06-03 14:30:00+08:00,26.74,75.8,945.0,20,8.346
2026-06-03 14:35:00+08:00,26.97,77.3,980.0,42,8.638
2026-06-03 14:40:00+08:00,26.79,72.5,964.0,27,8.642
2026-06-03 14:45:00+08:00,27.12,71.4,954.0,22,8.453
2026-06-03 14:50:00+08:00,26.65,74.7,972.0,32,8.593
2026-06-03 14:55:00+08:00,27.46,72.0,967.0,29,8.746
2026-06-03 15:00:00+08:00,26.7,78.0,972.0,28,8.851
2026-06-03 15:05:00+08:00,27.0,74.5,970.0,25,8.491
2026-06-03 15:10:00+08:00,26.19,70.4,970.0,21,8.044
2026-06-03 15:15:00+08:00,27.36,74.5,1000.0,42,9.137
2026-06-03 15:20:00+08:00,26.24,76.4,992.0,25,8.433
2026-06-03 15:25:00+08:00,26.73,77.5,973.0,20,8.359
2026-06-03 15:30:00+08:00,27.32,72.8,994.0,37,9.256
2026-06-03 15:35:00+08:00,27.06,72.9,1005.0,29,8.666
2026-06-03 15:40:00+08:00,27.48,71.4,988.0,21,8.356
2026-06-03 15:45:00+08:00,26.87,78.2,972.0,20,8.27
2026-06-03 15:50:00+08:00,26.69,75.6,992.0,37,9.253
2026-06-03 15:55:00+08:00,27.02,72.9,1018.0,38,8.99
2026-06-03 16:00:00+08:00,26.59,75.0,1008.0,22,8.433
2026-06-03 16:05:00+08:00,26.64,78.0,1012.0,25,8.662
2026-06-03 16:10:00+08:00,26.67,76.3,1025.0,36,8.782
2026-06-03 16:15:00+08:00,26.88,73.1,1046.0,35,8.594
2026-06-03 16:20:00+08:00,27.32,75.6,1043.0,30,8.604
2026-06-03 16:25:00+08:00,26.28,78.8,1043.0,31,8.544
2026-06-03 16:30:00+08:00,26.62,78.2,1041.0,27,8.569
2026-06-03 16:30:00+08:00,26.62,78.2,1041.0,27,8.569
2026-06-03 16:35:00+08:00,26.43,77.7,1043.0,29,8.636
2026-06-03 16:40:00+08:00,26.65,71.8,1041.0,32,8.487
2026-06-03 16:45:00+08:00,26.64,74.8,1044.0,30,8.644
2026-06-03 16:50:00+08:00,27.09,71.5,1010.0,14,8.251
2026-06-03 16:55:00+08:00,26.36,76.7,1014.0,31,8.201
2026-06-03 17:00:00+08:00,26.99,76.7,1024.0,38,8.847
2026-06-03 17:05:00+08:00,26.8,72.8,1020.0,27,8.487
2026-06-03 17:10:00+08:00,26.41,77.0,1020.0,24,8.44
2026-06-03 17:15:00+08:00,26.76,73.9,1029.0,31,8.702
2026-06-03 17:20:00+08:00,26.33,74.9,1021.0,29,8.529
2026-06-03 17:25:00+08:00,26.56,73.5,1014.0,25,8.207
2026-06-03 17:30:00+08:00,25.32,75.4,1042.0,41,8.836
2026-06-03 17:35:00+08:00,26.07,77.7,1041.0,32,8.517
2026-06-03 17:40:00+08:00,26.56,78.6,1054.0,38,9.32
2026-06-03 17:45:00+08:00,25.32,76.6,1040.0,22,8.111
2026-06-03 17:50:00+08:00,26.22,74.2,1029.0,24,8.424
2026-06-03 17:55:00+08:00,26.27,77.1,1038.0,33,8.614
2026-06-03 18:00:00+08:00,29.64,68.8,970.0,0,3.653
2026-06-03 18:05:00+08:00,29.39,72.1,916.0,0,3.703
2026-06-03 18:10:00+08:00,30.28,69.5,861.0,0,3.917
2026-06-03 18:15:00+08:00,29.46,66.8,817.0,0,3.905
2026-06-03 18:20:00+08:00,29.39,71.6,770.0,0,3.76
2026-06-03 18:25:00+08:00,29.42,68.3,741.0,0,3.435
2026-06-03 18:30:00+08:00,29.7,71.6,707.0,0,3.553
2026-06-03 18:35:00+08:00,29.61,73.6,673.0,0,3.789
2026-06-03 18:40:00+08:00,29.24,67.7,656.0,0,3.519
2026-06-03 18:45:00+08:00,29.43,68.6,634.0,0,3.874
2026-06-03 18:50:00+08:00,29.35,71.0,613.0,0,3.233
2026-06-03 18:55:00+08:00,28.88,67.5,596.0,0,3.469
2026-06-03 19:00:00+08:00,29.13,67.3,579.0,0,3.55
2026-06-03 19:05:00+08:00,28.65,73.3,566.0,0,3.304
2026-06-03 19:10:00+08:00,29.04,69.3,554.0,0,3.201
2026-06-03 19:15:00+08:00,29.26,68.3,539.0,0,3.392
2026-06-03 19:20:00+08:00,29.55,68.7,523.0,0,3.605
2026-06-03 19:25:00+08:00,28.26,72.3,512.0,0,3.364
2026-06-03 19:30:00+08:00,28.77,69.7,497.0,0,3.357
2026-06-03 19:35:00+08:00,28.81,72.2,491.0,0,3.302
2026-06-03 19:40:00+08:00,28.44,73.2,492.0,0,3.062
2026-06-03 19:45:00+08:00,28.24,71.6,484.0,0,3.547
2026-06-03 19:50:00+08:00,28.73,69.5,485.0,0,3.057
2026-06-03 19:55:00+08:00,28.92,68.2,484.0,0,3.987
2026-06-03 20:00:00+08:00,28.6,72.7,482.0,0,3.069
2026-06-03 20:05:00+08:00,28.27,70.2,479.0,0,3.048
2026-06-03 20:10:00+08:00,27.76,76.1,479.0,0,3.09
2026-06-03 20:15:00+08:00,27.74,73.4,474.0,0,2.959
2026-06-03 20:20:00+08:00,27.99,72.9,473.0,0,2.941
2026-06-03 20:25:00+08:00,27.73,66.4,462.0,0,2.825
2026-06-03 20:30:00+08:00,27.81,74.4,464.0,0,3.033
2026-06-03 20:35:00+08:00,28.19,72.7,465.0,0,3.319
2026-06-03 20:40:00+08:00,27.71,75.7,469.0,0,2.94
2026-06-03 20:45:00+08:00,27.44,70.6,466.0,0,3.037
2026-06-03 20:50:00+08:00,27.09,75.2,463.0,0,3.157
2026-06-03 20:55:00+08:00,27.69,73.0,466.0,0,2.994
2026-06-03 21:00:00+08:00,27.17,71.1,462.0,0,2.704
2026-06-03 21:05:00+08:00,27.25,72.3,463.0,0,2.585
2026-06-03 21:10:00+08:00,27.37,74.2,468.0,0,2.867
2026-06-03 21:15:00+08:00,26.98,75.0,461.0,0,2.677
2026-06-03 21:20:00+08:00,27.11,75.1,456.0,0,2.89
2026-06-03 21:25:00+08:00,27.18,72.4,451.0,0,3.154
2026-06-03 21:30:00+08:00,26.46,70.7,450.0,0,2.581
2026-06-03 21:35:00+08:00,26.58,69.7,451.0,0,3.035
2026-06-03 21:40:00+08:00,26.88,70.9,451.0,0,2.918
2026-06-03 21:45:00+08:00,26.38,79.7,439.0,0,2.359
2026-06-03 21:50:00+08:00,26.27,75.1,441.0,0,2.938
2026-06-03 21:55:00+08:00,26.41,78.1,441.0,0,2.716
2026-06-03 22:00:00+08:00,26.75,76.0,437.0,0,2.568
2026-06-03 22:05:00+08:00,25.6,79.9,434.0,0,2.232
2026-06-03 22:10:00+08:00,26.67,75.7,436.0,0,2.362
2026-06-03 22:15:00+08:00,26.61,74.9,438.0,0,2.604
2026-06-03 22:20:00+08:00,26.44,75.7,449.0,0,2.911
2026-06-03 22:25:00+08:00,25.92,80.2,448.0,0,2.639
2026-06-03 22:30:00+08:00,25.98,73.2,441.0,0,2.669
2026-06-03 22:35:00+08:00,26.43,78.8,439.0,0,2.653
2026-06-03 22:40:00+08:00,25.8,80.5,440.0,0,1.934
2026-06-03 22:45:00+08:00,26.25,78.0,434.0,0,2.564
2026-06-03 22:50:00+08:00,25.31,75.6,442.0,0,2.437
2026-06-03 22:55:00+08:00,26.49,72.2,444.0,0,2.839
2026-06-03 23:00:00+08:00,25.45,77.2,444.0,0,2.145
2026-06-03 23:05:00+08:00,25.18,77.0,438.0,0,2.044
2026-06-03 23:10:00+08:00,25.7,78.5,431.0,0,2.239
2026-06-03 23:15:00+08:00,25.42,80.7,430.0,0,2.176
2026-06-03 23:20:00+08:00,25.56,78.6,432.0,0,2.107
2026-06-03 23:25:00+08:00,24.66,75.3,438.0,0,2.023
2026-06-03 23:30:00+08:00,24.69,75.2,436.0,0,2.595
2026-06-03 23:35:00+08:00,25.48,79.6,435.0,0,1.961
2026-06-03 23:40:00+08:00,25.08,78.9,435.0,0,2.334
2026-06-03 23:45:00+08:00,24.3,76.1,432.0,0,1.96
2026-06-03 23:50:00+08:00,25.44,78.5,434.0,0,2.339
2026-06-03 23:55:00+08:00,25.13,79.6,431.0,0,2.501
2026-06-04 00:00:00+08:00,25.02,79.0,427.0,0,2.225
2026-06-04 00:05:00+08:00,24.24,-999.0,420.0,0,2.172
2026-06-04 00:10:00+08:00,24.72,77.6,423.0,0,2.274
2026-06-04 00:15:00+08:00,24.57,81.6,429.0,0,1.919
2026-06-04 00:20:00+08:00,24.82,80.6,433.0,0,2.067
2026-06-04 00:25:00+08:00,25.04,75.1,433.0,0,1.992
2026-06-04 00:30:00+08:00,24.59,77.0,430.0,0,2.317
2026-06-04 00:35:00+08:00,24.04,79.1,435.0,0,2.15
2026-06-04 00:40:00+08:00,24.99,82.2,425.0,0,2.063
2026-06-04 00:45:00+08:00,24.61,77.8,424.0,0,1.862
2026-06-04 00:50:00+08:00,24.62,82.6,431.0,0,1.758
2026-06-04 00:55:00+08:00,24.5,82.9,423.0,0,2.168
2026-06-04 01:00:00+08:00,24.05,79.3,425.0,0,1.696
2026-06-04 01:05:00+08:00,24.25,81.7,433.0,0,2.334
2026-06-04 01:10:00+08:00,24.3,80.5,428.0,0,1.832
2026-06-04 01:15:00+08:00,24.06,82.5,439.0,0,1.889
2026-06-04 01:20:00+08:00,23.91,79.2,447.0,0,1.819
2026-06-04 01:25:00+08:00,23.98,81.1,442.0,0,2.071
2026-06-04 01:30:00+08:00,24.23,78.6,440.0,0,1.878
2026-06-04 01:35:00+08:00,23.67,77.9,445.0,0,1.824
2026-06-04 01:40:00+08:00,23.91,78.2,446.0,0,1.887
2026-06-04 01:45:00+08:00,24.65,82.8,450.0,0,1.961
2026-06-04 01:50:00+08:00,24.28,79.1,455.0,0,2.053
2026-06-04 01:55:00+08:00,24.7,79.1,458.0,0,2.064
2026-06-04 02:00:00+08:00,24.27,82.4,454.0,0,1.653
2026-06-04 02:05:00+08:00,24.05,83.6,444.0,0,1.856
2026-06-04 02:10:00+08:00,23.62,82.8,445.0,0,1.833
2026-06-04 02:15:00+08:00,23.14,81.5,452.0,0,1.627
2026-06-04 02:20:00+08:00,23.4,79.7,452.0,0,1.86
2026-06-04 02:25:00+08:00,23.16,83.7,448.0,0,1.412
2026-06-04 02:30:00+08:00,22.99,78.9,448.0,0,1.839
2026-06-04 02:35:00+08:00,24.39,82.3,451.0,0,1.846
2026-06-04 02:40:00+08:00,23.45,80.7,450.0,0,1.37
2026-06-04 02:45:00+08:00,24.74,78.5,445.0,0,2.119
2026-06-04 02:50:00+08:00,23.36,78.1,434.0,0,1.537
2026-06-04 02:55:00+08:00,24.17,83.0,430.0,0,1.689
2026-06-04 03:00:00+08:00,23.89,77.3,424.0,0,1.897
2026-06-04 03:05:00+08:00,23.38,86.7,419.0,0,1.822
2026-06-04 03:10:00+08:00,24.38,77.4,408.0,0,1.791
2026-06-04 03:15:00+08:00,23.81,86.0,405.0,0,1.806
2026-06-04 03:20:00+08:00,23.82,81.6,408.0,0,1.788
2026-06-04 03:25:00+08:00,24.03,78.2,417.0,0,1.919
2026-06-04 03:30:00+08:00,23.37,81.9,418.0,0,1.42
2026-06-04 03:35:00+08:00,23.98,86.0,421.0,0,1.898
2026-06-04 03:40:00+08:00,24.19,77.7,414.0,0,2.117
2026-06-04 03:45:00+08:00,24.41,79.1,413.0,0,1.541
2026-06-04 03:50:00+08:00,23.1,78.0,413.0,0,1.529
2026-06-04 03:50:00+08:00,23.1,78.0,413.0,0,1.529
2026-06-04 03:55:00+08:00,23.95,79.4,410.0,0,1.992
2026-06-04 04:00:00+08:00,24.27,79.6,414.0,0,1.767
2026-06-04 04:05:00+08:00,24.15,77.0,420.0,0,1.769
2026-06-04 04:10:00+08:00,24.83,76.6,432.0,0,2.493
2026-06-04 04:15:00+08:00,23.62,77.8,435.0,0,1.885
2026-06-04 04:20:00+08:00,24.24,80.8,431.0,0,1.869
2026-06-04 04:25:00+08:00,24.17,80.4,433.0,0,2.101
2026-06-04 04:30:00+08:00,23.95,80.5,432.0,0,1.803
2026-06-04 04:35:00+08:00,24.31,81.0,433.0,0,1.988
2026-06-04 04:40:00+08:00,23.87,77.8,431.0,0,1.885
2026-06-04 04:45:00+08:00,25.32,75.7,423.0,0,2.207
2026-06-04 04:50:00+08:00,24.58,75.3,422.0,0,1.846
2026-06-04 04:55:00+08:00,24.29,79.2,422.0,0,1.784
2026-06-04 05:00:00+08:00,25.01,78.4,426.0,0,1.835
2026-06-04 05:05:00+08:00,25.19,79.6,427.0,0,1.968
2026-06-04 05:05:00+08:00,25.19,79.6,427.0,0,1.968
2026-06-04 05:10:00+08:00,25.68,75.7,431.0,0,2.266
2026-06-04 05:15:00+08:00,24.28,78.3,425.0,0,2.2
2026-06-04 05:20:00+08:00,24.9,73.5,423.0,0,1.911
2026-06-04 05:25:00+08:00,24.9,78.3,416.0,0,1.774
2026-06-04 05:30:00+08:00,24.23,80.3,427.0,0,2.186
2026-06-04 05:35:00+08:00,25.18,75.4,428.0,0,2.244
2026-06-04 05:40:00+08:00,24.27,77.3,437.0,0,1.913
2026-06-04 05:45:00+08:00,24.65,74.5,429.0,0,2.252
2026-06-04 05:50:00+08:00,25.19,78.1,428.0,0,2.15
2026-06-04 05:55:00+08:00,24.67,75.4,426.0,0,2.125
2026-06-04 06:00:00+08:00,24.52,79.4,418.0,0,1.937
2026-06-04 06:05:00+08:00,25.28,76.1,412.0,0,2.411
2026-06-04 06:10:00+08:00,24.19,85.1,418.0,0,1.749
2026-06-04 06:15:00+08:00,25.85,75.6,420.0,0,2.632
2026-06-04 06:20:00+08:00,25.28,74.1,418.0,0,2.366
2026-06-04 06:25:00+08:00,25.8,75.7,423.0,0,2.356
2026-06-04 06:30:00+08:00,25.68,78.3,420.0,0,2.349
2026-06-04 06:35:00+08:00,24.91,75.8,426.0,0,1.979
2026-06-04 06:40:00+08:00,25.17,76.9,423.0,0,2.207
2026-06-04 06:45:00+08:00,25.65,78.6,421.0,0,2.507
2026-06-04 06:50:00+08:00,24.71,77.3,425.0,0,2.285
2026-06-04 06:55:00+08:00,24.81,80.4,427.0,0,2.362
2026-06-04 07:00:00+08:00,26.55,77.4,421.0,0,2.631
2026-06-04 07:05:00+08:00,25.68,80.0,419.0,0,2.513
2026-06-04 07:10:00+08:00,25.21,79.6,426.0,0,2.671
2026-06-04 07:15:00+08:00,26.34,81.2,422.0,0,2.599
2026-06-04 07:20:00+08:00,25.56,79.9,425.0,0,2.65
2026-06-04 07:25:00+08:00,25.53,76.5,424.0,0,2.26
2026-06-04 07:30:00+08:00,25.53,78.1,421.0,0,2.564
2026-06-04 07:35:00+08:00,26.54,76.7,425.0,0,2.375
2026-06-04 07:40:00+08:00,25.93,80.7,426.0,0,2.397
2026-06-04 07:45:00+08:00,25.89,77.8,427.0,0,2.293
2026-06-04 07:50:00+08:00,25.98,76.0,429.0,0,2.436
2026-06-04 07:55:00+08:00,26.85,74.1,431.0,0,2.355
2026-06-04 08:00:00+08:00,22.25,83.2,497.0,29,7.237
2026-06-04 08:05:00+08:00,21.91,81.5,549.0,31,7.444
2026-06-04 08:10:00+08:00,23.0,84.8,585.0,24,6.995
2026-06-04 08:15:00+08:00,22.67,80.6,633.0,31,7.234
2026-06-04 08:20:00+08:00,23.38,86.8,654.0,24,7.282
2026-06-04 08:25:00+08:00,22.54,81.4,697.0,30,7.36
2026-06-04 08:30:00+08:00,23.22,80.3,724.0,27,7.422
2026-06-04 08:35:00+08:00,23.39,80.3,742.0,24,7.483
2026-06-04 08:40:00+08:00,22.95,80.1,792.0,37,7.802
2026-06-04 08:45:00+08:00,22.53,83.6,821.0,32,7.4
2026-06-04 08:50:00+08:00,22.95,78.6,845.0,27,7.186
2026-06-04 08:55:00+08:00,22.7,82.3,892.0,41,8.008
2026-06-04 09:00:00+08:00,24.14,80.6,921.0,40,8.063
2026-06-04 09:05:00+08:00,23.68,76.6,919.0,26,7.547
2026-06-04 09:10:00+08:00,23.82,76.5,919.0,28,7.836
2026-06-04 09:15:00+08:00,23.11,85.9,930.0,33,7.364
2026-06-04 09:20:00+08:00,23.51,84.1,958.0,35,8.157
2026-06-04 09:25:00+08:00,23.46,81.6,965.0,29,7.72
2026-06-04 09:30:00+08:00,24.37,76.0,974.0,34,8.146
2026-06-04 09:35:00+08:00,24.21,78.7,975.0,30,8.152
2026-06-04 09:40:00+08:00,23.83,81.7,959.0,22,7.692
2026-06-04 09:45:00+08:00,24.53,81.8,959.0,26,8.059
2026-06-04 09:50:00+08:00,23.98,82.0,955.0,21,7.49
2026-06-04 09:55:00+08:00,24.45,79.5,971.0,36,8.019
2026-06-04 10:00:00+08:00,24.2,76.2,1001.0,37,8.298
2026-06-04 10:05:00+08:00,24.53,78.3,994.0,27,7.982
2026-06-04 10:10:00+08:00,24.67,76.8,997.0,29,7.643
2026-06-04 10:15:00+08:00,25.23,77.8,1039.0,43,8.606
2026-06-04 10:20:00+08:00,24.01,82.5,1043.0,29,7.663
2026-06-04 10:25:00+08:00,25.08,76.2,1039.0,30,8.227
2026-06-04 10:30:00+08:00,24.16,-999.0,1052.0,37,8.157
2026-06-04 10:35:00+08:00,25.16,74.8,1045.0,28,7.869
2026-06-04 10:40:00+08:00,24.98,83.3,1041.0,24,7.901
2026-06-04 10:45:00+08:00,24.65,83.0,1027.0,23,7.7
2026-06-04 10:50:00+08:00,25.65,78.6,1026.0,29,8.151
2026-06-04 10:55:00+08:00,25.01,73.6,1024.0,24,7.848
2026-06-04 11:00:00+08:00,25.98,78.1,1007.0,26,8.092
2026-06-04 11:05:00+08:00,25.78,76.5,1015.0,35,8.355
2026-06-04 11:10:00+08:00,24.51,82.8,1009.0,23,7.925
2026-06-04 11:15:00+08:00,25.04,80.8,1023.0,36,8.471
2026-06-04 11:20:00+08:00,26.27,76.6,1018.0,28,8.116
2026-06-04 11:25:00+08:00,26.14,77.8,1022.0,29,8.554
2026-06-04 11:30:00+08:00,25.21,78.7,1011.0,23,8.018
2026-06-04 11:35:00+08:00,25.6,73.7,997.0,21,8.385
2026-06-04 11:40:00+08:00,25.87,79.9,1002.0,31,8.069
2026-06-04 11:45:00+08:00,25.21,78.7,1025.0,35,8.534
2026-06-04 11:50:00+08:00,25.86,75.5,1020.0,23,8.366
2026-06-04 11:55:00+08:00,25.84,76.4,1038.0,36,8.268
2026-06-04 12:00:00+08:00,26.69,76.0,1003.0,13,7.947
2026-06-04 12:05:00+08:00,25.59,79.8,962.0,10,7.639
2026-06-04 12:10:00+08:00,25.74,79.9,929.0,9,7.867
2026-06-04 12:15:00+08:00,25.85,75.8,908.0,11,7.61
2026-06-04 12:20:00+08:00,26.15,77.7,870.0,8,7.999
2026-06-04 12:25:00+08:00,25.7,77.9,838.0,7,7.819
2026-06-04 12:30:00+08:00,26.33,73.6,816.0,9,7.984
2026-06-04 12:35:00+08:00,26.37,75.4,796.0,10,7.801
2026-06-04 12:40:00+08:00,26.08,76.1,782.0,9,7.728
2026-06-04 12:45:00+08:00,26.4,74.4,768.0,10,7.717
2026-06-04 12:50:00+08:00,26.43,77.3,760.0,10,8.293
2026-06-04 12:55:00+08:00,26.15,77.3,759.0,16,8.319
2026-06-04 13:00:00+08:00,26.75,76.1,788.0,29,8.684
2026-06-04 13:05:00+08:00,26.83,72.2,809.0,28,8.403
2026-06-04 13:10:00+08:00,26.97,68.6,832.0,27,8.633
2026-06-04 13:15:00+08:00,26.85,79.0,851.0,26,8.801
2026-06-04 13:20:00+08:00,26.86,72.9,866.0,26,8.48
2026-06-04 13:25:00+08:00,26.58,72.3,864.0,24,8.403
2026-06-04 13:30:00+08:00,26.12,81.2,877.0,25,8.233
2026-06-04 13:35:00+08:00,26.68,73.6,890.0,27,8.652
2026-06-04 13:40:00+08:00,26.73,76.7,905.0,32,8.729
2026-06-04 13:45:00+08:00,26.66,76.0,914.0,24,8.481
2026-06-04 13:50:00+08:00,26.25,76.2,910.0,19,8.396
2026-06-04 13:55:00+08:00,27.21,75.1,909.0,23,8.883
2026-06-04 14:00:00+08:00,26.81,72.3,915.0,25,8.242
2026-06-04 14:05:00+08:00,26.55,75.8,899.0,17,8.359
2026-06-04 14:10:00+08:00,27.2,72.6,897.0,23,8.699
2026-06-04 14:15:00+08:00,27.92,75.8,896.0,22,8.477
2026-06-04 14:20:00+08:00,26.45,73.9,914.0,29,8.556
2026-06-04 14:25:00+08:00,26.91,73.9,915.0,27,8.578
2026-06-04 14:30:00+08:00,26.72,74.5,919.0,26,8.81
2026-06-04 14:35:00+08:00,26.48,74.0,913.0,25,8.804
2026-06-04 14:40:00+08:00,27.49,72.8,915.0,29,8.792
2026-06-04 14:45:00+08:00,26.66,75.1,936.0,33,8.614
2026-06-04 14:50:00+08:00,26.63,72.6,937.0,27,8.9
2026-06-04 14:55:00+08:00,26.93,75.7,934.0,25,8.624
2026-06-04 15:00:00+08:00,26.43,73.1,951.0,30,8.806
2026-06-04 15:05:00+08:00,26.78,76.6,951.0,26,8.664
2026-06-04 15:10:00+08:00,26.87,76.3,976.0,36,8.656
2026-06-04 15:15:00+08:00,26.61,76.7,1000.0,37,9.095
2026-06-04 15:20:00+08:00,26.86,72.1,1004.0,30,9.029
2026-06-04 15:25:00+08:00,26.7,72.3,1001.0,25,8.612
2026-06-04 15:30:00+08:00,27.17,78.3,979.0,20,8.505
2026-06-04 15:35:00+08:00,26.81,72.9,977.0,27,8.592
2026-06-04 15:40:00+08:00,26.71,75.7,974.0,26,8.772
2026-06-04 15:45:00+08:00,27.35,73.9,970.0,23,8.454
2026-06-04 15:50:00+08:00,26.4,79.0,980.0,31,8.682
2026-06-04 15:55:00+08:00,26.28,80.7,953.0,19,8.423
2026-06-04 16:00:00+08:00,26.46,71.7,964.0,33,8.711
2026-06-04 16:05:00+08:00,27.17,71.7,984.0,37,9.001
2026-06-04 16:10:00+08:00,27.08,73.8,1000.0,35,8.746
2026-06-04 16:15:00+08:00,26.41,78.1,992.0,23,8.208
2026-06-04 16:20:00+08:00,26.78,71.6,998.0,31,8.746
2026-06-04 16:25:00+08:00,26.53,76.8,985.0,19,8.219
2026-06-04 16:30:00+08:00,26.69,75.9,1002.0,37,8.778
2026-06-04 16:35:00+08:00,26.94,75.7,1013.0,31,8.843
2026-06-04 16:40:00+08:00,26.69,81.1,983.0,12,8.116
2026-06-04 16:45:00+08:00,26.53,72.9,995.0,33,8.703
2026-06-04 16:50:00+08:00,26.26,77.2,991.0,26,8.407
2026-06-04 16:55:00+08:00,26.35,75.5,989.0,23,8.427
2026-06-04 17:00:00+08:00,26.26,75.3,1005.0,33,8.612
2026-06-04 17:05:00+08:00,26.53,73.0,997.0,25,8.091
2026-06-04 17:10:00+08:00,25.95,74.0,991.0,27,8.563
2026-06-04 17:15:00+08:00,26.56,73.8,1006.0,34,9.1
2026-06-04 17:20:00+08:00,26.64,75.4,989.0,24,8.193
2026-06-04 17:25:00+08:00,26.54,72.3,960.0,15,8.27
2026-06-04 17:30:00+08:00,26.72,77.3,970.0,30,8.952
2026-06-04 17:35:00+08:00,26.23,75.9,983.0,29,8.434
2026-06-04 17:40:00+08:00,25.46,76.9,979.0,28,8.433
2026-06-04 17:45:00+08:00,25.99,75.2,984.0,33,8.705
2026-06-04 17:50:00+08:00,25.59,72.9,961.0,18,8.289
2026-06-04 17:55:00+08:00,26.42,73.7,986.0,37,8.937
2026-06-04 18:00:00+08:00,29.93,67.0,929.0,0,3.551
2026-06-04 18:05:00+08:00,29.56,69.9,883.0,0,3.814
2026-06-04 18:10:00+08:00,30.18,70.6,834.0,0,4.003
2026-06-04 18:15:00+08:00,29.07,72.4,787.0,0,3.571
2026-06-04 18:20:00+08:00,30.41,66.8,751.0,0,3.856
2026-06-04 18:25:00+08:00,29.01,72.0,723.0,0,3.22
2026-06-04 18:30:00+08:00,28.95,71.5,697.0,0,3.234
2026-06-04 18:35:00+08:00,29.11,72.1,664.0,0,3.235
2026-06-04 18:40:00+08:00,28.91,76.7,638.0,0,3.433
2026-06-04 18:45:00+08:00,28.78,73.0,610.0,0,3.385
2026-06-04 18:50:00+08:00,29.84,69.2,587.0,0,3.376
2026-06-04 18:55:00+08:00,29.16,68.8,577.0,0,3.363
2026-06-04 19:00:00+08:00,28.86,73.0,568.0,0,3.523
2026-06-04 19:05:00+08:00,29.79,69.3,561.0,0,3.6
2026-06-04 19:10:00+08:00,29.82,68.3,540.0,0,3.525
2026-06-04 19:15:00+08:00,28.3,72.8,523.0,0,3.315
2026-06-04 19:20:00+08:00,29.11,70.8,517.0,0,3.917
2026-06-04 19:25:00+08:00,28.41,70.8,505.0,0,3.306
2026-06-04 19:30:00+08:00,29.11,74.7,494.0,0,3.258
2026-06-04 19:35:00+08:00,28.87,70.5,479.0,0,3.429
2026-06-04 19:40:00+08:00,28.59,71.2,475.0,0,3.582
2026-06-04 19:45:00+08:00,28.08,73.2,467.0,0,3.205
2026-06-04 19:50:00+08:00,28.04,74.4,454.0,0,3.17
2026-06-04 19:55:00+08:00,27.82,72.1,452.0,0,3.121
2026-06-04 20:00:00+08:00,28.16,68.2,437.0,0,3.372
2026-06-04 20:05:00+08:00,28.13,72.4,428.0,0,3.237
2026-06-04 20:10:00+08:00,28.58,71.5,427.0,0,2.966
2026-06-04 20:15:00+08:00,27.86,74.6,419.0,0,3.144
2026-06-04 20:20:00+08:00,27.97,73.0,424.0,0,2.975
2026-06-04 20:25:00+08:00,28.11,74.0,432.0,0,3.122
2026-06-04 20:30:00+08:00,28.11,74.4,435.0,0,2.816
2026-06-04 20:35:00+08:00,27.86,73.8,434.0,0,3.003
2026-06-04 20:40:00+08:00,27.47,77.1,434.0,0,2.853
2026-06-04 20:45:00+08:00,28.37,75.8,423.0,0,3.328
2026-06-04 20:50:00+08:00,27.82,75.5,421.0,0,2.798
2026-06-04 20:55:00+08:00,27.97,69.2,423.0,0,2.89
2026-06-04 21:00:00+08:00,27.61,79.2,421.0,0,2.982
2026-06-04 21:05:00+08:00,26.85,76.5,421.0,0,2.639
2026-06-04 21:10:00+08:00,28.05,72.9,423.0,0,2.94
2026-06-04 21:15:00+08:00,27.61,73.3,419.0,0,3.208
2026-06-04 21:20:00+08:00,26.93,76.9,424.0,0,2.837
2026-06-04 21:25:00+08:00,26.91,73.3,426.0,0,2.433
2026-06-04 21:30:00+08:00,26.16,73.6,420.0,0,2.474
2026-06-04 21:35:00+08:00,27.92,70.4,419.0,0,3.077
2026-06-04 21:40:00+08:00,26.72,74.8,422.0,0,2.664
2026-06-04 21:45:00+08:00,26.56,73.7,412.0,0,2.587
2026-06-04 21:50:00+08:00,26.1,76.2,418.0,0,2.714
2026-06-04 21:55:00+08:00,26.16,77.1,420.0,0,3.052
2026-06-04 22:00:00+08:00,26.4,72.7,416.0,0,2.705
2026-06-04 22:05:00+08:00,27.05,69.2,404.0,0,2.679
2026-06-04 22:10:00+08:00,26.43,79.3,405.0,0,2.65
2026-06-04 22:15:00+08:00,26.57,78.3,405.0,0,2.803
2026-06-04 22:20:00+08:00,25.69,77.6,412.0,0,2.522
2026-06-04 22:25:00+08:00,26.02,78.8,407.0,0,2.442
2026-06-04 22:30:00+08:00,25.81,81.6,403.0,0,2.4
2026-06-04 22:35:00+08:00,25.84,75.1,404.0,0,2.302
2026-06-04 22:40:00+08:00,25.91,75.3,405.0,0,2.641
2026-06-04 22:45:00+08:00,25.74,77.6,410.0,0,2.35
2026-06-04 22:50:00+08:00,25.99,76.9,409.0,0,2.542
2026-06-04 22:55:00+08:00,25.48,77.2,412.0,0,2.472
2026-06-04 23:00:00+08:00,24.61,78.1,412.0,0,1.924
2026-06-04 23:05:00+08:00,26.01,74.6,410.0,0,2.387
2026-06-04 23:10:00+08:00,25.59,76.7,411.0,0,2.419
2026-06-04 23:15:00+08:00,25.17,77.8,403.0,0,2.466
2026-06-04 23:20:00+08:00,25.06,81.8,411.0,0,2.109
2026-06-04 23:25:00+08:00,25.2,73.1,406.0,0,2.124
2026-06-04 23:30:00+08:00,25.9,75.1,404.0,0,2.528
2026-06-04 23:35:00+08:00,25.46,81.0,403.0,0,2.306
2026-06-04 23:40:00+08:00,25.49,79.6,407.0,0,2.565
2026-06-04 23:45:00+08:00,25.46,76.9,402.0,0,1.988
2026-06-04 23:50:00+08:00,24.64,79.9,409.0,0,2.284
2026-06-04 23:55:00+08:00,24.18,79.0,412.0,0,1.595
2026-06-05 00:00:00+08:00,25.0,77.9,420.0,0,1.974
2026-06-05 00:05:00+08:00,25.68,75.4,419.0,0,2.218
2026-06-05 00:10:00+08:00,25.32,79.0,417.0,0,1.916
2026-06-05 00:15:00+08:00,24.41,73.0,408.0,0,1.633
2026-06-05 00:20:00+08:00,25.58,76.3,412.0,0,2.279
2026-06-05 00:25:00+08:00,24.57,76.0,410.0,0,2.148
2026-06-05 00:30:00+08:00,24.72,79.5,406.0,0,1.964
2026-06-05 00:35:00+08:00,24.71,80.5,410.0,0,2.07
2026-06-05 00:40:00+08:00,24.93,79.9,413.0,0,1.926
2026-06-05 00:45:00+08:00,24.37,77.1,415.0,0,2.128
2026-06-05 00:50:00+08:00,24.53,75.4,416.0,0,1.866
2026-06-05 00:55:00+08:00,25.05,77.6,411.0,0,2.038
2026-06-05 01:00:00+08:00,24.5,80.2,411.0,0,2.075
2026-06-05 01:05:00+08:00,24.14,77.2,405.0,0,1.849
2026-06-05 01:10:00+08:00,24.39,81.3,412.0,0,1.729
2026-06-05 01:15:00+08:00,24.51,78.1,415.0,0,2.202
2026-06-05 01:20:00+08:00,23.9,75.4,423.0,0,2.039
2026-06-05 01:25:00+08:00,24.12,79.0,417.0,0,2.04
2026-06-05 01:30:00+08:00,24.08,78.3,420.0,0,1.753
2026-06-05 01:35:00+08:00,23.38,82.2,422.0,0,1.971
2026-06-05 01:40:00+08:00,25.13,76.6,420.0,0,1.968
2026-06-05 01:45:00+08:00,24.7,78.9,429.0,0,2.075
2026-06-05 01:50:00+08:00,23.74,81.7,419.0,0,1.551
2026-06-05 01:55:00+08:00,24.61,76.2,422.0,0,2.518
2026-06-05 02:00:00+08:00,23.99,76.9,418.0,0,1.899
2026-06-05 02:05:00+08:00,23.69,78.9,415.0,0,1.923
2026-06-05 02:10:00+08:00,24.28,79.6,409.0,0,1.908
2026-06-05 02:15:00+08:00,24.18,75.8,412.0,0,1.89
2026-06-05 02:20:00+08:00,23.58,81.0,414.0,0,1.865
2026-06-05 02:25:00+08:00,24.01,84.5,426.0,0,1.803
2026-06-05 02:30:00+08:00,23.87,78.0,422.0,0,2.011
2026-06-05 02:35:00+08:00,23.64,80.1,421.0,0,1.548
2026-06-05 02:40:00+08:00,23.41,76.9,428.0,0,1.516
2026-06-05 02:45:00+08:00,24.13,79.7,432.0,0,1.96
2026-06-05 02:50:00+08:00,24.17,80.6,440.0,0,2.127
2026-06-05 02:55:00+08:00,24.45,79.6,433.0,0,1.893
2026-06-05 03:00:00+08:00,24.38,77.3,436.0,0,2.138
2026-06-05 03:05:00+08:00,24.19,77.6,437.0,0,2.095
2026-06-05 03:10:00+08:00,24.31,75.9,442.0,0,2.063
2026-06-05 03:15:00+08:00,24.2,80.1,435.0,0,2.257
2026-06-05 03:20:00+08:00,23.65,81.4,438.0,0,2.192
2026-06-05 03:25:00+08:00,24.04,76.7,442.0,0,2.139
2026-06-05 03:30:00+08:00,24.08,80.6,444.0,0,2.013
2026-06-05 03:35:00+08:00,24.13,79.3,451.0,0,1.57
2026-06-05 03:40:00+08:00,25.16,75.2,445.0,0,2.247
2026-06-05 03:45:00+08:00,23.66,78.8,438.0,0,1.708
2026-06-05 03:50:00+08:00,24.69,77.5,426.0,0,1.865
2026-06-05 03:55:00+08:00,24.17,81.8,425.0,0,2.017
2026-06-05 04:00:00+08:00,23.84,82.9,424.0,0,1.972
2026-06-05 04:05:00+08:00,23.89,-999.0,422.0,0,1.947
2026-06-05 04:10:00+08:00,23.81,77.8,423.0,0,2.021
2026-06-05 04:15:00+08:00,24.31,81.8,418.0,0,1.897
2026-06-05 04:20:00+08:00,24.27,75.1,418.0,0,2.11
2026-06-05 04:25:00+08:00,23.1,84.1,414.0,0,1.848
2026-06-05 04:30:00+08:00,23.73,78.4,410.0,0,1.591
2026-06-05 04:35:00+08:00,24.61,81.4,404.0,0,1.852
2026-06-05 04:40:00+08:00,24.7,78.1,406.0,0,2.157
2026-06-05 04:45:00+08:00,24.45,79.5,414.0,0,1.784
2026-06-05 04:50:00+08:00,24.11,83.4,422.0,0,1.67
2026-06-05 04:55:00+08:00,24.68,76.2,417.0,0,1.784
2026-06-05 05:00:00+08:00,24.25,75.2,421.0,0,2.001
2026-06-05 05:05:00+08:00,24.18,83.4,422.0,0,1.98
2026-06-05 05:10:00+08:00,24.31,83.4,426.0,0,2.011
2026-06-05 05:15:00+08:00,24.6,79.4,425.0,0,2.044
2026-06-05 05:20:00+08:00,23.23,82.3,425.0,0,1.826
2026-06-05 05:25:00+08:00,24.59,75.9,426.0,0,2.21
2026-06-05 05:30:00+08:00,24.08,77.2,421.0,0,1.871
2026-06-05 05:35:00+08:00,25.08,81.7,423.0,0,2.107
2026-06-05 05:40:00+08:00,23.67,82.0,420.0,0,1.675
2026-06-05 05:45:00+08:00,24.22,76.8,421.0,0,2.044
2026-06-05 05:50:00+08:00,24.47,72.6,421.0,0,2.094
2026-06-05 05:55:00+08:00,24.83,77.4,424.0,0,2.159
2026-06-05 06:00:00+08:00,25.29,77.2,423.0,0,2.031
2026-06-05 06:05:00+08:00,24.59,79.8,426.0,0,2.021
2026-06-05 06:10:00+08:00,25.67,73.6,428.0,0,2.464
2026-06-05 06:15:00+08:00,24.62,76.6,436.0,0,2.071
2026-06-05 06:20:00+08:00,25.43,76.9,437.0,0,2.183
2026-06-05 06:25:00+08:00,24.76,77.8,434.0,0,1.822
2026-06-05 06:30:00+08:00,24.77,82.1,426.0,0,2.525
2026-06-05 06:35:00+08:00,25.92,73.8,420.0,0,2.239
2026-06-05 06:40:00+08:00,24.93,82.0,422.0,0,2.049
2026-06-05 06:45:00+08:00,25.22,80.3,423.0,0,2.141
2026-06-05 06:50:00+08:00,24.45,81.5,418.0,0,1.988
2026-06-05 06:55:00+08:00,25.38,78.0,416.0,0,2.325
2026-06-05 07:00:00+08:00,25.19,77.8,416.0,0,2.381
2026-06-05 07:05:00+08:00,25.53,74.6,418.0,0,2.211
2026-06-05 07:10:00+08:00,25.95,76.0,412.0,0,2.207
2026-06-05 07:15:00+08:00,25.37,77.7,415.0,0,2.6
2026-06-05 07:20:00+08:00,25.98,79.1,418.0,0,2.385
2026-06-05 07:25:00+08:00,26.52,74.4,421.0,0,2.947
2026-06-05 07:30:00+08:00,25.57,76.3,422.0,0,2.505
2026-06-05 07:35:00+08:00,26.45,75.0,427.0,0,2.389
2026-06-05 07:40:00+08:00,25.49,76.0,426.0,0,2.64
2026-06-05 07:45:00+08:00,26.07,75.7,422.0,0,2.666
2026-06-05 07:50:00+08:00,26.68,77.3,423.0,0,2.767
2026-06-05 07:55:00+08:00,25.83,76.8,434.0,0,2.804
2026-06-05 08:00:00+08:00,22.87,80.3,493.0,31,7.669
2026-06-05 08:05:00+08:00,22.46,81.5,529.0,22,6.89
2026-06-05 08:10:00+08:00,22.53,82.5,569.0,22,6.793
2026-06-05 08:15:00+08:00,23.08,80.9,600.0,23,7.383
2026-06-05 08:20:00+08:00,23.05,82.6,657.0,30,7.57
2026-06-05 08:25:00+08:00,22.92,80.5,704.0,36,7.689
2026-06-05 08:30:00+08:00,22.61,81.4,743.0,32,7.765
2026-06-05 08:35:00+08:00,23.17,85.5,783.0,32,7.696
2026-06-05 08:40:00+08:00,23.01,85.7,800.0,25,7.323
2026-06-05 08:45:00+08:00,23.6,78.2,831.0,35,7.933
2026-06-05 08:50:00+08:00,23.56,75.5,834.0,20,7.463
2026-06-05 08:55:00+08:00,23.68,79.3,850.0,29,7.371
2026-06-05 09:00:00+08:00,23.66,78.2,878.0,35,8.185
2026-06-05 09:05:00+08:00,23.37,76.3,897.0,30,7.125
2026-06-05 09:10:00+08:00,23.66,78.3,918.0,34,7.86
2026-06-05 09:15:00+08:00,24.23,77.8,913.0,24,7.816
2026-06-05 09:20:00+08:00,24.17,76.3,914.0,26,7.961
2026-06-05 09:25:00+08:00,23.31,79.5,929.0,28,7.711
2026-06-05 09:30:00+08:00,23.36,79.9,956.0,42,8.194
2026-06-05 09:35:00+08:00,23.99,82.9,959.0,30,7.709
2026-06-05 09:40:00+08:00,23.21,83.5,958.0,28,8.018
2026-06-05 09:45:00+08:00,24.38,77.7,962.0,27,7.623
2026-06-05 09:50:00+08:00,23.83,77.8,982.0,33,8.095
2026-06-05 09:55:00+08:00,24.94,76.0,962.0,21,8.027
2026-06-05 10:00:00+08:00,24.22,80.9,958.0,22,7.622
2026-06-05 10:05:00+08:00,24.86,75.1,937.0,19,7.775
2026-06-05 10:10:00+08:00,24.63,77.9,936.0,27,7.78
2026-06-05 10:15:00+08:00,24.92,78.4,953.0,35,8.508
2026-06-05 10:20:00+08:00,25.03,76.4,968.0,33,8.521
2026-06-05 10:25:00+08:00,24.55,78.7,961.0,18,8.047
2026-06-05 10:30:00+08:00,25.28,74.2,945.0,21,8.166
2026-06-05 10:35:00+08:00,24.88,82.7,949.0,27,8.068
2026-06-05 10:40:00+08:00,24.99,79.3,956.0,28,8.375
2026-06-05 10:45:00+08:00,25.16,78.6,975.0,35,8.302
2026-06-05 10:50:00+08:00,24.81,81.0,1008.0,45,8.398
2026-06-05 10:55:00+08:00,25.21,80.2,1018.0,31,8.195
2026-06-05 11:00:00+08:00,24.81,78.2,1001.0,20,7.718
2026-06-05 11:05:00+08:00,25.57,79.4,1010.0,31,8.307
2026-06-05 11:10:00+08:00,25.23,76.2,1009.0,30,8.156
2026-06-05 11:15:00+08:00,25.43,77.7,1008.0,27,8.303
2026-06-05 11:20:00+08:00,24.8,78.0,1001.0,23,7.889
2026-06-05 11:25:00+08:00,25.47,78.9,1001.0,28,8.239
2026-06-05 11:30:00+08:00,24.94,76.1,1005.0,30,8.192
2026-06-05 11:35:00+08:00,25.64,70.8,998.0,27,8.462
2026-06-05 11:40:00+08:00,25.44,74.1,1007.0,31,8.168
2026-06-05 11:45:00+08:00,26.0,74.1,995.0,19,7.95
2026-06-05 11:50:00+08:00,26.3,73.7,974.0,18,7.968
2026-06-05 11:55:00+08:00,26.3,79.6,979.0,31,8.893
2026-06-05 12:00:00+08:00,26.29,78.5,945.0,12,7.544
2026-06-05 12:05:00+08:00,25.7,79.8,918.0,10,7.563
2026-06-05 12:10:00+08:00,26.18,81.1,897.0,11,7.818
2026-06-05 12:15:00+08:00,26.2,75.1,855.0,7,7.734
2026-06-05 12:20:00+08:00,26.23,76.2,830.0,9,7.547
2026-06-05 12:25:00+08:00,26.63,73.1,811.0,9,7.786
2026-06-05 12:30:00+08:00,26.02,76.7,785.0,8,7.186
2026-06-05 12:35:00+08:00,26.9,72.3,759.0,10,7.856
2026-06-05 12:40:00+08:00,26.57,73.6,746.0,9,7.965
2026-06-05 12:45:00+08:00,26.59,78.9,736.0,9,7.743
2026-06-05 12:50:00+08:00,26.85,74.1,719.0,8,7.753
2026-06-05 12:55:00+08:00,25.86,76.2,713.0,13,7.85
2026-06-05 13:00:00+08:00,26.74,74.0,750.0,32,8.509
2026-06-05 13:05:00+08:00,26.02,76.9,767.0,24,8.129
2026-06-05 13:10:00+08:00,26.38,68.7,815.0,39,8.678
2026-06-05 13:15:00+08:00,26.65,72.7,812.0,18,8.692
2026-06-05 13:20:00+08:00,26.32,72.5,846.0,35,8.595
2026-06-05 13:25:00+08:00,26.89,78.0,877.0,38,8.929
2026-06-05 13:30:00+08:00,26.09,70.9,907.0,40,9.089
2026-06-05 13:35:00+08:00,26.22,83.7,931.0,33,8.532
2026-06-05 13:40:00+08:00,26.46,71.2,955.0,34,8.677
2026-06-05 13:45:00+08:00,26.86,69.9,969.0,31,8.768
2026-06-05 13:50:00+08:00,26.29,79.4,988.0,33,8.724
2026-06-05 13:55:00+08:00,26.55,79.2,995.0,32,8.862
2026-06-05 14:00:00+08:00,26.69,77.0,983.0,22,8.884
2026-06-05 14:05:00+08:00,27.24,71.6,975.0,26,8.594
2026-06-05 14:10:00+08:00,27.4,72.2,979.0,24,8.571
2026-06-05 14:15:00+08:00,26.87,73.4,996.0,37,9.137
2026-06-05 14:20:00+08:00,26.06,76.2,1001.0,27,8.21
2026-06-05 14:25:00+08:00,26.51,73.2,1002.0,30,8.564
2026-06-05 14:30:00+08:00,26.58,74.0,998.0,23,8.717
2026-06-05 14:35:00+08:00,26.93,76.6,988.0,23,8.37
2026-06-05 14:40:00+08:00,27.62,70.1,1008.0,35,8.996
2026-06-05 14:45:00+08:00,27.24,72.1,1003.0,27,8.76
2026-06-05 14:50:00+08:00,27.11,77.6,1016.0,33,9.094
2026-06-05 14:55:00+08:00,27.5,73.3,1033.0,36,8.808
2026-06-05 15:00:00+08:00,26.79,72.1,1038.0,32,8.813
2026-06-05 15:05:00+08:00,27.04,70.5,1030.0,26,8.71
2026-06-05 15:10:00+08:00,27.07,71.0,1030.0,29,8.713
2026-06-05 15:15:00+08:00,27.12,73.9,1022.0,23,8.515
2026-06-05 15:20:00+08:00,27.77,73.8,1026.0,30,9.182
2026-06-05 15:25:00+08:00,27.43,74.0,1012.0,20,8.312
2026-06-05 15:30:00+08:00,26.33,73.8,1010.0,30,8.686
2026-06-05 15:35:00+08:00,27.1,77.4,1012.0,25,8.631
2026-06-05 15:40:00+08:00,26.28,71.5,994.0,19,8.356
2026-06-05 15:45:00+08:00,26.08,76.6,980.0,18,7.953
2026-06-05 15:50:00+08:00,26.95,73.5,968.0,20,7.775
2026-06-05 15:55:00+08:00,26.36,74.6,972.0,29,8.889
2026-06-05 16:00:00+08:00,26.21,78.9,972.0,26,8.312
2026-06-05 16:05:00+08:00,26.92,76.7,981.0,31,8.653
2026-06-05 16:10:00+08:00,27.26,73.9,1006.0,37,9.187
2026-06-05 16:15:00+08:00,27.32,76.6,973.0,12,7.928
2026-06-05 16:20:00+08:00,26.53,76.1,969.0,24,8.39
2026-06-05 16:25:00+08:00,26.15,76.7,986.0,33,8.259
2026-06-05 16:30:00+08:00,26.64,78.1,994.0,30,9.216
2026-06-05 16:35:00+08:00,26.35,76.3,986.0,27,8.325
2026-06-05 16:40:00+08:00,26.87,73.9,992.0,30,8.807
2026-06-05 16:45:00+08:00,26.77,76.8,998.0,30,8.657
2026-06-05 16:50:00+08:00,27.28,73.1,964.0,17,8.43
2026-06-05 16:55:00+08:00,26.39,78.4,960.0,24,8.18
2026-06-05 17:00:00+08:00,26.49,78.4,972.0,34,9.042
2026-06-05 17:05:00+08:00,26.51,76.4,972.0,23,8.431
2026-06-05 17:10:00+08:00,26.58,74.3,958.0,22,8.684
2026-06-05 17:15:00+08:00,25.87,70.7,963.0,29,8.346
2026-06-05 17:20:00+08:00,25.89,76.5,975.0,31,8.655
2026-06-05 17:25:00+08:00,26.68,74.0,971.0,28,8.847
2026-06-05 17:30:00+08:00,26.25,78.9,980.0,31,8.541
2026-06-05 17:35:00+08:00,26.91,76.5,956.0,20,8.358
2026-06-05 17:40:00+08:00,25.41,75.3,954.0,25,7.993
2026-06-05 17:45:00+08:00,25.93,73.3,941.0,22,8.449
2026-06-05 17:50:00+08:00,25.8,79.1,945.0,26,8.089
2026-06-05 17:55:00+08:00,26.1,80.3,948.0,26,8.256
2026-06-05 18:00:00+08:00,30.05,67.1,890.0,0,3.76
2026-06-05 18:05:00+08:00,29.51,65.2,847.0,0,3.123
2026-06-05 18:10:00+08:00,30.14,68.6,808.0,0,3.629
2026-06-05 18:15:00+08:00,29.39,71.5,770.0,0,3.595
2026-06-05 18:20:00+08:00,29.17,69.6,726.0,0,3.389
2026-06-05 18:25:00+08:00,29.92,69.1,686.0,0,3.849
2026-06-05 18:30:00+08:00,29.0,71.2,663.0,0,3.378
2026-06-05 18:35:00+08:00,29.33,68.8,640.0,0,3.434
2026-06-05 18:40:00+08:00,29.9,68.3,617.0,0,3.642
2026-06-05 18:45:00+08:00,29.55,69.0,601.0,0,3.378
2026-06-05 18:50:00+08:00,28.43,72.8,588.0,0,3.045
2026-06-05 18:55:00+08:00,29.28,72.1,572.0,0,3.49
2026-06-05 19:00:00+08:00,28.5,70.5,556.0,0,3.438
2026-06-05 19:05:00+08:00,29.02,69.0,543.0,0,3.558
2026-06-05 19:10:00+08:00,29.22,69.8,531.0,0,3.693
2026-06-05 19:15:00+08:00,28.49,68.0,515.0,0,3.544
2026-06-05 19:20:00+08:00,28.01,70.5,503.0,0,3.025
2026-06-05 19:25:00+08:00,28.44,71.8,494.0,0,3.196
2026-06-05 19:30:00+08:00,28.86,71.2,494.0,0,3.369
2026-06-05 19:35:00+08:00,28.03,70.0,486.0,0,3.073
2026-06-05 19:40:00+08:00,29.3,72.8,478.0,0,3.411
2026-06-05 19:45:00+08:00,27.95,73.9,468.0,0,3.26
2026-06-05 19:50:00+08:00,28.56,66.4,467.0,0,3.568
2026-06-05 19:55:00+08:00,27.67,72.9,465.0,0,3.175
2026-06-05 20:00:00+08:00,27.73,73.0,460.0,0,3.435
2026-06-05 20:05:00+08:00,28.2,72.6,453.0,0,3.428
2026-06-05 20:05:00+08:00,28.2,72.6,453.0,0,3.428
2026-06-05 20:10:00+08:00,27.96,73.4,446.0,0,3.087
2026-06-05 20:15:00+08:00,28.02,73.9,438.0,0,3.075
2026-06-05 20:20:00+08:00,28.55,73.3,437.0,0,3.08
2026-06-05 20:25:00+08:00,28.3,74.1,431.0,0,2.816
2026-06-05 20:30:00+08:00,28.34,72.0,430.0,0,3.078
2026-06-05 20:35:00+08:00,27.82,71.1,427.0,0,3.251
2026-06-05 20:40:00+08:00,27.24,74.4,418.0,0,2.975
2026-06-05 20:45:00+08:00,27.84,74.8,416.0,0,3.109
2026-06-05 20:50:00+08:00,28.14,72.7,413.0,0,2.878
2026-06-05 20:55:00+08:00,26.63,68.0,405.0,0,3.071
2026-06-05 21:00:00+08:00,27.09,72.4,411.0,0,2.802
2026-06-05 21:05:00+08:00,26.36,80.1,408.0,0,2.784
2026-06-05 21:10:00+08:00,26.87,74.1,410.0,0,2.83
2026-06-05 21:15:00+08:00,27.0,71.4,404.0,0,2.785
2026-06-05 21:20:00+08:00,27.33,74.2,415.0,0,3.102
2026-06-05 21:25:00+08:00,26.28,75.1,407.0,0,2.683
2026-06-05 21:30:00+08:00,27.54,73.7,412.0,0,2.8
2026-06-05 21:35:00+08:00,26.94,72.6,419.0,0,2.483
2026-06-05 21:40:00+08:00,26.58,75.1,418.0,0,2.819
2026-06-05 21:45:00+08:00,26.93,75.1,420.0,0,2.96
2026-06-05 21:50:00+08:00,26.56,75.4,424.0,0,2.665
2026-06-05 21:55:00+08:00,26.79,75.7,417.0,0,2.645
2026-06-05 22:00:00+08:00,26.95,77.9,418.0,0,2.787
2026-06-05 22:05:00+08:00,27.25,72.7,415.0,0,3.128
2026-06-05 22:10:00+08:00,25.77,72.2,414.0,0,2.501
2026-06-05 22:15:00+08:00,26.49,75.8,407.0,0,2.601
2026-06-05 22:20:00+08:00,27.14,71.6,410.0,0,2.764
2026-06-05 22:25:00+08:00,26.31,74.6,413.0,0,2.708
2026-06-05 22:30:00+08:00,26.64,68.6,415.0,0,2.617
2026-06-05 22:35:00+08:00,25.69,80.4,422.0,0,2.124
2026-06-05 22:40:00+08:00,25.65,78.2,425.0,0,2.294
2026-06-05 22:45:00+08:00,25.84,73.5,417.0,0,2.478
2026-06-05 22:50:00+08:00,26.66,75.3,421.0,0,2.767
2026-06-05 22:55:00+08:00,25.17,74.7,425.0,0,2.323
2026-06-05 23:00:00+08:00,25.92,76.9,430.0,0,2.337
2026-06-05 23:05:00+08:00,25.71,74.1,434.0,0,2.549
2026-06-05 23:10:00+08:00,25.03,80.2,426.0,0,2.054
2026-06-05 23:15:00+08:00,25.54,74.0,423.0,0,2.555
2026-06-05 23:20:00+08:00,25.86,78.2,431.0,0,2.468
2026-06-05 23:25:00+08:00,24.87,74.9,420.0,0,2.146
2026-06-05 23:30:00+08:00,24.27,78.6,415.0,0,1.828
2026-06-05 23:35:00+08:00,24.11,82.2,410.0,0,1.991
2026-06-05 23:40:00+08:00,25.4,73.5,417.0,0,2.209
2026-06-05 23:45:00+08:00,25.16,76.0,412.0,0,2.112
2026-06-05 23:50:00+08:00,25.74,76.1,414.0,0,2.415
2026-06-05 23:55:00+08:00,25.0,78.5,425.0,0,2.311
2026-06-06 00:00:00+08:00,25.53,74.1,424.0,0,2.447
2026-06-06 00:05:00+08:00,24.89,77.8,423.0,0,2.105
2026-06-06 00:10:00+08:00,25.32,78.5,414.0,0,2.429
2026-06-06 00:15:00+08:00,24.76,78.4,412.0,0,1.919
2026-06-06 00:20:00+08:00,24.78,76.7,412.0,0,2.068
2026-06-06 00:25:00+08:00,24.78,82.3,413.0,0,2.035
2026-06-06 00:30:00+08:00,24.86,78.0,411.0,0,2.025
2026-06-06 00:35:00+08:00,24.53,83.4,416.0,0,1.885
2026-06-06 00:40:00+08:00,24.12,78.3,413.0,0,2.031
2026-06-06 00:45:00+08:00,24.77,79.4,412.0,0,1.923
2026-06-06 00:50:00+08:00,24.27,80.6,411.0,0,2.066
2026-06-06 00:55:00+08:00,24.6,81.3,411.0,0,2.242
2026-06-06 01:00:00+08:00,24.56,78.4,405.0,0,2.341
2026-06-06 01:05:00+08:00,24.03,83.4,404.0,0,1.881
2026-06-06 01:10:00+08:00,23.81,80.4,414.0,0,1.806
2026-06-06 01:15:00+08:00,24.67,74.6,415.0,0,2.307
2026-06-06 01:20:00+08:00,23.99,79.7,413.0,0,1.605
2026-06-06 01:25:00+08:00,24.32,80.0,414.0,0,2.179
2026-06-06 01:30:00+08:00,23.89,80.3,404.0,0,1.587
2026-06-06 01:35:00+08:00,23.71,80.5,396.0,0,1.737
2026-06-06 01:40:00+08:00,24.49,79.6,400.0,0,1.967
2026-06-06 01:45:00+08:00,23.59,85.3,397.0,0,2.007
2026-06-06 01:50:00+08:00,24.21,80.6,396.0,0,2.013
2026-06-06 01:55:00+08:00,24.02,79.5,403.0,0,1.742
2026-06-06 02:00:00+08:00,24.71,77.2,410.0,0,1.933
2026-06-06 02:05:00+08:00,23.81,85.3,399.0,0,1.568
2026-06-06 02:10:00+08:00,24.58,78.7,400.0,0,2.184
2026-06-06 02:15:00+08:00,24.22,79.2,403.0,0,1.75
2026-06-06 02:20:00+08:00,24.03,79.2,411.0,0,1.88
2026-06-06 02:25:00+08:00,24.36,79.2,406.0,0,1.892
2026-06-06 02:30:00+08:00,24.25,81.2,412.0,0,2.016
2026-06-06 02:35:00+08:00,24.11,81.0,406.0,0,1.827
2026-06-06 02:40:00+08:00,23.65,81.3,409.0,0,1.988
2026-06-06 02:45:00+08:00,23.33,80.9,412.0,0,1.975
2026-06-06 02:50:00+08:00,23.26,83.3,411.0,0,1.65
2026-06-06 02:55:00+08:00,23.61,81.0,409.0,0,1.779
2026-06-06 03:00:00+08:00,24.22,77.7,408.0,0,2.306
2026-06-06 03:05:00+08:00,24.03,82.5,413.0,0,2.005
2026-06-06 03:05:00+08:00,24.03,82.5,413.0,0,2.005
2026-06-06 03:10:00+08:00,23.3,80.7,403.0,0,1.836
2026-06-06 03:15:00+08:00,23.42,82.0,404.0,0,2.093
2026-06-06 03:20:00+08:00,24.45,75.5,408.0,0,1.682
2026-06-06 03:25:00+08:00,24.74,76.6,414.0,0,2.391
2026-06-06 03:30:00+08:00,24.92,77.2,416.0,0,1.993
2026-06-06 03:35:00+08:00,24.17,81.9,415.0,0,1.631
2026-06-06 03:40:00+08:00,23.97,82.9,415.0,0,1.81
2026-06-06 03:45:00+08:00,24.48,79.0,413.0,0,1.681
2026-06-06 03:50:00+08:00,24.18,83.2,414.0,0,2.038
2026-06-06 03:55:00+08:00,24.28,83.9,415.0,0,1.966
2026-06-06 04:00:00+08:00,23.22,83.9,414.0,0,1.636
2026-06-06 04:05:00+08:00,23.41,81.2,420.0,0,1.637
2026-06-06 04:10:00+08:00,24.04,83.5,419.0,0,1.97
2026-06-06 04:15:00+08:00,24.1,80.0,423.0,0,2.038
2026-06-06 04:20:00+08:00,23.9,81.4,427.0,0,1.955
2026-06-06 04:25:00+08:00,23.87,81.2,421.0,0,1.682
2026-06-06 04:30:00+08:00,24.35,80.6,422.0,0,1.778
2026-06-06 04:35:00+08:00,24.5,76.9,417.0,0,1.925
2026-06-06 04:40:00+08:00,24.05,85.4,420.0,0,1.388
2026-06-06 04:45:00+08:00,24.24,79.2,433.0,0,1.866
2026-06-06 04:50:00+08:00,25.02,74.9,428.0,0,1.99
2026-06-06 04:55:00+08:00,24.22,81.6,429.0,0,1.822
2026-06-06 05:00:00+08:00,24.81,79.7,432.0,0,1.69
2026-06-06 05:05:00+08:00,24.22,75.5,432.0,0,1.97
2026-06-06 05:10:00+08:00,24.58,76.4,426.0,0,2.147
2026-06-06 05:15:00+08:00,24.56,77.5,432.0,0,1.883
2026-06-06 05:20:00+08:00,24.8,76.8,429.0,0,2.239
2026-06-06 05:25:00+08:00,25.37,75.9,428.0,0,2.157
2026-06-06 05:30:00+08:00,24.42,81.8,437.0,0,1.979
2026-06-06 05:35:00+08:00,25.02,77.6,436.0,0,2.24
2026-06-06 05:35:00+08:00,25.02,77.6,436.0,0,2.24
2026-06-06 05:40:00+08:00,24.9,79.2,438.0,0,1.791
2026-06-06 05:45:00+08:00,24.46,80.6,431.0,0,2.4
2026-06-06 05:50:00+08:00,24.76,83.2,428.0,0,2.079
2026-06-06 05:55:00+08:00,25.03,73.8,425.0,0,2.399
2026-06-06 06:00:00+08:00,24.7,80.6,425.0,0,2.334
2026-06-06 06:05:00+08:00,24.19,77.5,431.0,0,2.086
2026-06-06 06:10:00+08:00,25.22,80.3,424.0,0,2.282
2026-06-06 06:15:00+08:00,24.77,75.1,420.0,0,2.227
2026-06-06 06:20:00+08:00,24.75,78.7,416.0,0,2.017
2026-06-06 06:25:00+08:00,24.73,81.0,422.0,0,2.185
2026-06-06 06:30:00+08:00,25.18,76.4,418.0,0,2.13
2026-06-06 06:35:00+08:00,24.3,80.7,418.0,0,1.973
2026-06-06 06:40:00+08:00,24.99,79.7,421.0,0,1.783
2026-06-06 06:45:00+08:00,26.17,77.3,421.0,0,2.364
2026-06-06 06:50:00+08:00,25.47,79.8,420.0,0,2.326
2026-06-06 06:55:00+08:00,25.93,76.4,410.0,0,2.149
2026-06-06 07:00:00+08:00,25.99,75.1,413.0,0,2.137
2026-06-06 07:05:00+08:00,25.48,77.8,412.0,0,2.12
2026-06-06 07:10:00+08:00,26.19,80.7,416.0,0,2.729
2026-06-06 07:15:00+08:00,26.28,76.8,409.0,0,2.83
2026-06-06 07:20:00+08:00,26.58,75.8,417.0,0,2.55
2026-06-06 07:25:00+08:00,26.05,76.7,419.0,0,2.397
2026-06-06 07:30:00+08:00,26.66,76.4,411.0,0,2.659
2026-06-06 07:35:00+08:00,26.07,73.6,411.0,0,2.57
2026-06-06 07:40:00+08:00,26.11,74.8,420.0,0,2.659
2026-06-06 07:45:00+08:00,25.48,76.8,413.0,0,2.459
2026-06-06 07:50:00+08:00,26.39,71.9,403.0,0,2.575
2026-06-06 07:55:00+08:00,26.77,71.7,405.0,0,2.69
2026-06-06 08:00:00+08:00,26.22,77.8,408.0,0,2.665
2026-06-06 08:05:00+08:00,26.81,79.5,413.0,0,3.066
2026-06-06 08:10:00+08:00,26.69,76.3,418.0,0,2.702
2026-06-06 08:15:00+08:00,25.89,79.0,413.0,0,2.349
2026-06-06 08:20:00+08:00,26.59,78.5,415.0,0,2.774
2026-06-06 08:25:00+08:00,26.73,70.9,409.0,0,2.931
2026-06-06 08:30:00+08:00,27.3,74.5,406.0,0,2.72
2026-06-06 08:35:00+08:00,26.3,74.3,407.0,0,2.682
2026-06-06 08:40:00+08:00,26.66,76.1,414.0,0,2.573
2026-06-06 08:45:00+08:00,26.5,76.5,410.0,0,2.294
2026-06-06 08:50:00+08:00,27.14,71.7,405.0,0,2.947
2026-06-06 08:55:00+08:00,27.21,76.3,415.0,0,2.718
2026-06-06 09:00:00+08:00,28.0,71.3,408.0,0,3.025
2026-06-06 09:05:00+08:00,27.82,72.1,411.0,0,3.305
2026-06-06 09:10:00+08:00,27.27,73.8,406.0,0,2.824
2026-06-06 09:15:00+08:00,27.54,75.1,415.0,0,2.935
2026-06-06 09:20:00+08:00,27.31,71.6,410.0,0,3.123
2026-06-06 09:25:00+08:00,27.54,73.1,401.0,0,3.307
2026-06-06 09:30:00+08:00,27.81,73.4,402.0,0,2.791
2026-06-06 09:35:00+08:00,27.97,73.6,404.0,0,3.501
2026-06-06 09:40:00+08:00,28.12,74.0,401.0,0,3.091
2026-06-06 09:45:00+08:00,28.1,76.3,403.0,0,3.045
2026-06-06 09:50:00+08:00,28.59,71.2,404.0,0,3.018
2026-06-06 09:55:00+08:00,27.41,73.5,405.0,0,2.842
2026-06-06 10:00:00+08:00,28.09,70.9,409.0,0,3.093
2026-06-06 10:05:00+08:00,29.09,72.0,401.0,0,3.482
2026-06-06 10:10:00+08:00,28.85,70.9,404.0,0,3.378
2026-06-06 10:15:00+08:00,28.36,71.3,411.0,0,2.884
2026-06-06 10:20:00+08:00,28.43,72.3,404.0,0,3.233
2026-06-06 10:25:00+08:00,29.14,66.9,403.0,0,3.516
2026-06-06 10:30:00+08:00,28.24,70.5,405.0,0,3.262
2026-06-06 10:35:00+08:00,29.41,67.0,405.0,0,3.544
2026-06-06 10:40:00+08:00,28.67,68.3,408.0,0,3.17
2026-06-06 10:45:00+08:00,28.2,74.8,410.0,0,3.158
2026-06-06 10:50:00+08:00,28.62,71.7,414.0,0,3.468
2026-06-06 10:55:00+08:00,28.89,75.8,411.0,0,3.572
2026-06-06 11:00:00+08:00,29.41,67.2,412.0,0,3.838
2026-06-06 11:05:00+08:00,29.14,71.7,412.0,0,3.566
2026-06-06 11:10:00+08:00,28.76,73.8,416.0,0,3.456
2026-06-06 11:15:00+08:00,29.14,72.4,416.0,0,3.576
2026-06-06 11:20:00+08:00,28.51,71.0,428.0,0,3.223
2026-06-06 11:25:00+08:00,29.41,65.9,441.0,0,3.397
2026-06-06 11:30:00+08:00,29.81,66.6,442.0,0,4.021
2026-06-06 11:35:00+08:00,29.57,70.6,435.0,0,3.561
2026-06-06 11:40:00+08:00,29.24,70.2,440.0,0,3.891
2026-06-06 11:45:00+08:00,29.34,73.4,436.0,0,3.52
2026-06-06 11:50:00+08:00,29.66,71.2,434.0,0,4.069
2026-06-06 11:55:00+08:00,29.37,68.4,430.0,0,3.489
2026-06-06 12:00:00+08:00,29.37,77.8,432.0,0,3.898
2026-06-06 12:05:00+08:00,29.26,72.9,431.0,0,3.834
2026-06-06 12:10:00+08:00,29.55,70.8,434.0,0,3.57
2026-06-06 12:15:00+08:00,29.75,73.2,441.0,0,4.049
2026-06-06 12:20:00+08:00,29.78,68.0,434.0,0,3.891
2026-06-06 12:25:00+08:00,29.71,65.5,433.0,0,3.388
2026-06-06 12:30:00+08:00,30.4,68.0,429.0,0,3.651
2026-06-06 12:35:00+08:00,29.58,69.7,432.0,0,3.771
2026-06-06 12:40:00+08:00,30.42,66.2,439.0,0,4.032
2026-06-06 12:45:00+08:00,30.59,67.7,439.0,0,3.998
2026-06-06 12:50:00+08:00,29.53,67.6,429.0,0,3.764
2026-06-06 12:55:00+08:00,30.22,73.2,431.0,0,3.763
2026-06-06 13:00:00+08:00,30.59,71.2,434.0,0,4.044
2026-06-06 13:05:00+08:00,30.4,69.5,432.0,0,3.909
2026-06-06 13:10:00+08:00,30.51,68.9,427.0,0,4.31
2026-06-06 13:15:00+08:00,30.02,69.3,426.0,0,3.712
2026-06-06 13:20:00+08:00,30.08,67.4,428.0,0,4.017
2026-06-06 13:25:00+08:00,30.05,68.3,426.0,0,3.872
2026-06-06 13:30:00+08:00,30.21,-999.0,427.0,0,3.693
2026-06-06 13:35:00+08:00,30.35,64.2,427.0,0,3.737
2026-06-06 13:40:00+08:00,30.98,68.9,418.0,0,4.046
2026-06-06 13:45:00+08:00,30.91,72.6,422.0,0,4.031
2026-06-06 13:50:00+08:00,31.36,65.1,430.0,0,4.16
2026-06-06 13:55:00+08:00,30.65,68.0,431.0,0,4.167
2026-06-06 14:00:00+08:00,30.13,71.0,427.0,0,4.016
2026-06-06 14:05:00+08:00,29.9,69.3,427.0,0,3.81
2026-06-06 14:10:00+08:00,30.61,69.3,421.0,0,4.002
2026-06-06 14:15:00+08:00,31.37,60.9,414.0,0,3.823
2026-06-06 14:20:00+08:00,30.38,69.2,407.0,0,3.723
2026-06-06 14:25:00+08:00,30.3,69.5,415.0,0,4.197
2026-06-06 14:30:00+08:00,29.96,68.1,407.0,0,3.478
2026-06-06 14:35:00+08:00,30.07,64.9,417.0,0,4.043
2026-06-06 14:40:00+08:00,31.04,68.4,425.0,0,3.54
2026-06-06 14:45:00+08:00,30.95,67.8,426.0,0,4.064
2026-06-06 14:50:00+08:00,30.85,66.6,429.0,0,3.796
2026-06-06 14:55:00+08:00,30.2,69.1,424.0,0,3.66
2026-06-06 15:00:00+08:00,30.08,67.7,426.0,0,3.909
2026-06-06 15:05:00+08:00,30.44,64.7,430.0,0,4.164
2026-06-06 15:10:00+08:00,30.97,65.6,432.0,0,4.041
2026-06-06 15:15:00+08:00,31.51,68.6,424.0,0,4.063
2026-06-06 15:20:00+08:00,30.49,69.8,428.0,0,3.871
2026-06-06 15:20:00+08:00,30.49,69.8,428.0,0,3.871
2026-06-06 15:25:00+08:00,30.32,68.8,429.0,0,3.907
2026-06-06 15:30:00+08:00,31.09,63.0,432.0,0,3.995
2026-06-06 15:35:00+08:00,30.74,68.6,430.0,0,4.06
2026-06-06 15:40:00+08:00,30.77,65.0,433.0,0,3.946
2026-06-06 15:45:00+08:00,30.41,67.2,430.0,0,4.07
2026-06-06 15:50:00+08:00,30.91,65.3,438.0,0,3.97
2026-06-06 15:55:00+08:00,30.72,69.7,433.0,0,3.966
2026-06-06 16:00:00+08:00,30.52,69.2,427.0,0,3.929
2026-06-06 16:05:00+08:00,30.3,64.5,418.0,0,4.026
2026-06-06 16:10:00+08:00,30.59,72.0,430.0,0,4.156
2026-06-06 16:15:00+08:00,30.85,64.4,432.0,0,4.177
2026-06-06 16:20:00+08:00,30.21,67.5,428.0,0,4.052
2026-06-06 16:25:00+08:00,30.7,68.5,430.0,0,3.687
2026-06-06 16:30:00+08:00,30.62,65.2,432.0,0,3.982
2026-06-06 16:35:00+08:00,30.58,71.3,434.0,0,4.336
2026-06-06 16:40:00+08:00,30.75,65.8,430.0,0,4.216
2026-06-06 16:45:00+08:00,29.89,67.3,427.0,0,3.813
2026-06-06 16:50:00+08:00,30.39,68.1,428.0,0,4.148
2026-06-06 16:55:00+08:00,29.42,73.4,433.0,0,3.835
2026-06-06 17:00:00+08:00,30.54,65.9,434.0,0,4.342
2026-06-06 17:05:00+08:00,29.96,66.8,429.0,0,3.659
2026-06-06 17:10:00+08:00,30.59,66.1,429.0,0,4.057
2026-06-06 17:15:00+08:00,29.81,69.6,424.0,0,3.852
2026-06-06 17:20:00+08:00,30.5,68.8,419.0,0,3.586
2026-06-06 17:25:00+08:00,30.8,65.7,411.0,0,3.755
2026-06-06 17:30:00+08:00,30.26,72.4,406.0,0,3.676
2026-06-06 17:35:00+08:00,29.57,66.7,408.0,0,3.677
2026-06-06 17:40:00+08:00,30.53,62.3,407.0,0,3.808
2026-06-06 17:45:00+08:00,30.19,69.3,417.0,0,4.065
2026-06-06 17:50:00+08:00,30.35,67.6,418.0,0,3.701
2026-06-06 17:55:00+08:00,29.54,68.3,422.0,0,3.434
2026-06-06 18:00:00+08:00,30.26,68.8,424.0,0,3.516
2026-06-06 18:05:00+08:00,28.95,71.8,425.0,0,3.728
2026-06-06 18:10:00+08:00,29.27,69.0,420.0,0,3.574
2026-06-06 18:15:00+08:00,29.4,67.1,421.0,0,3.406
2026-06-06 18:20:00+08:00,28.86,65.4,418.0,0,3.614
2026-06-06 18:25:00+08:00,29.82,70.6,411.0,0,3.762
2026-06-06 18:30:00+08:00,29.24,70.2,412.0,0,3.594
2026-06-06 18:35:00+08:00,29.49,70.3,416.0,0,3.533
2026-06-06 18:40:00+08:00,28.78,71.5,410.0,0,3.654
2026-06-06 18:45:00+08:00,28.98,72.6,420.0,0,3.387
2026-06-06 18:50:00+08:00,28.91,71.1,426.0,0,3.566
2026-06-06 18:55:00+08:00,29.0,67.3,429.0,0,3.446
2026-06-06 19:00:00+08:00,30.34,64.8,435.0,0,3.89
2026-06-06 19:05:00+08:00,29.13,68.3,427.0,0,3.483
2026-06-06 19:10:00+08:00,28.91,74.0,431.0,0,3.217
2026-06-06 19:15:00+08:00,29.19,73.7,426.0,0,3.847
2026-06-06 19:20:00+08:00,28.52,69.3,415.0,0,3.324
2026-06-06 19:25:00+08:00,28.64,75.0,422.0,0,3.591
2026-06-06 19:30:00+08:00,28.82,73.2,423.0,0,3.591
2026-06-06 19:35:00+08:00,29.04,71.2,428.0,0,3.966
2026-06-06 19:40:00+08:00,28.31,78.8,421.0,0,2.983
2026-06-06 19:45:00+08:00,28.37,74.8,419.0,0,3.229
2026-06-06 19:50:00+08:00,28.07,70.6,422.0,0,3.066
2026-06-06 19:55:00+08:00,28.19,74.6,415.0,0,3.159
2026-06-06 20:00:00+08:00,28.15,75.5,422.0,0,2.908
2026-06-06 20:05:00+08:00,28.33,70.5,423.0,0,3.347
2026-06-06 20:10:00+08:00,27.93,76.0,420.0,0,3.267
2026-06-06 20:15:00+08:00,28.07,76.5,418.0,0,3.182
2026-06-06 20:20:00+08:00,27.89,70.8,416.0,0,3.057
2026-06-06 20:25:00+08:00,28.44,77.3,404.0,0,3.022
2026-06-06 20:30:00+08:00,28.06,72.8,404.0,0,3.013
2026-06-06 20:35:00+08:00,27.66,76.5,410.0,0,2.966
2026-06-06 20:40:00+08:00,28.82,71.3,406.0,0,3.421
2026-06-06 20:45:00+08:00,27.47,74.3,408.0,0,2.926
2026-06-06 20:50:00+08:00,27.48,73.3,422.0,0,2.943
2026-06-06 20:55:00+08:00,27.17,73.6,428.0,0,2.876
2026-06-06 21:00:00+08:00,27.35,74.7,430.0,0,3.172
2026-06-06 21:05:00+08:00,27.74,73.1,416.0,0,2.683
2026-06-06 21:10:00+08:00,27.74,71.7,422.0,0,2.739
2026-06-06 21:15:00+08:00,27.15,69.9,420.0,0,2.544
2026-06-06 21:20:00+08:00,26.46,74.3,426.0,0,2.613
2026-06-06 21:25:00+08:00,26.69,72.4,433.0,0,2.297
2026-06-06 21:30:00+08:00,27.27,75.3,434.0,0,2.955
2026-06-06 21:35:00+08:00,26.61,74.4,434.0,0,2.828
2026-06-06 21:40:00+08:00,26.5,76.4,433.0,0,2.76
2026-06-06 21:45:00+08:00,27.28,68.9,431.0,0,2.569
2026-06-06 21:50:00+08:00,26.89,72.0,435.0,0,2.223
2026-06-06 21:55:00+08:00,27.09,78.6,439.0,0,2.521
2026-06-06 22:00:00+08:00,26.31,80.7,440.0,0,2.804
2026-06-06 22:05:00+08:00,27.37,73.6,437.0,0,2.801
2026-06-06 22:10:00+08:00,25.53,80.6,441.0,0,2.371
2026-06-06 22:15:00+08:00,26.15,74.9,443.0,0,2.885
2026-06-06 22:20:00+08:00,25.79,77.9,445.0,0,2.557
2026-06-06 22:25:00+08:00,26.28,79.3,442.0,0,2.435
2026-06-06 22:30:00+08:00,26.71,78.3,435.0,0,2.525
2026-06-06 22:35:00+08:00,25.7,73.8,430.0,0,2.661
2026-06-06 22:40:00+08:00,25.85,79.9,433.0,0,2.26
2026-06-06 22:45:00+08:00,25.62,78.2,437.0,0,2.386
2026-06-06 22:50:00+08:00,25.26,76.6,428.0,0,2.476
2026-06-06 22:55:00+08:00,25.4,78.9,433.0,0,2.07
2026-06-06 23:00:00+08:00,25.31,79.9,430.0,0,2.455
2026-06-06 23:05:00+08:00,25.47,79.6,423.0,0,2.363
2026-06-06 23:10:00+08:00,24.78,75.9,420.0,0,2.246
2026-06-06 23:15:00+08:00,25.59,76.3,416.0,0,2.317
2026-06-06 23:20:00+08:00,24.58,79.7,406.0,0,2.382
2026-06-06 23:25:00+08:00,25.82,75.6,404.0,0,2.302
2026-06-06 23:30:00+08:00,25.13,76.5,407.0,0,2.215
2026-06-06 23:35:00+08:00,25.43,82.4,399.0,0,2.133
2026-06-06 23:40:00+08:00,25.41,76.7,401.0,0,1.943
2026-06-06 23:45:00+08:00,24.11,79.2,399.0,0,2.002
2026-06-06 23:50:00+08:00,25.19,79.9,406.0,0,1.998
2026-06-06 23:55:00+08:00,24.85,80.7,410.0,0,2.046
2026-06-07 00:00:00+08:00,26.03,71.5,408.0,0,2.584
2026-06-07 00:05:00+08:00,25.18,78.6,424.0,0,2.305
2026-06-07 00:10:00+08:00,24.98,79.1,432.0,0,2.167
2026-06-07 00:15:00+08:00,25.07,76.5,434.0,0,1.976
2026-06-07 00:20:00+08:00,25.64,-999.0,431.0,0,2.216
2026-06-07 00:25:00+08:00,24.92,74.3,427.0,0,1.861
2026-06-07 00:30:00+08:00,24.92,78.3,428.0,0,2.282
2026-06-07 00:35:00+08:00,24.86,80.6,431.0,0,1.956
2026-06-07 00:40:00+08:00,24.57,78.4,427.0,0,2.209
2026-06-07 00:45:00+08:00,24.83,78.1,426.0,0,2.117
2026-06-07 00:50:00+08:00,25.01,75.3,428.0,0,2.327
2026-06-07 00:55:00+08:00,23.96,81.7,422.0,0,1.57
2026-06-07 01:00:00+08:00,24.16,80.1,422.0,0,2.164
2026-06-07 01:05:00+08:00,24.45,77.6,427.0,0,1.814
2026-06-07 01:10:00+08:00,23.46,77.0,422.0,0,1.412
2026-06-07 01:15:00+08:00,23.86,82.5,425.0,0,1.941
2026-06-07 01:20:00+08:00,24.61,77.3,427.0,0,1.739
2026-06-07 01:25:00+08:00,24.43,78.0,424.0,0,2.153
2026-06-07 01:30:00+08:00,24.41,77.0,415.0,0,2.002
2026-06-07 01:35:00+08:00,23.6,79.6,413.0,0,1.724
2026-06-07 01:40:00+08:00,24.85,80.1,413.0,0,2.254
2026-06-07 01:45:00+08:00,24.04,80.7,411.0,0,1.552
2026-06-07 01:50:00+08:00,24.24,80.4,404.0,0,1.98
2026-06-07 01:55:00+08:00,23.81,-999.0,398.0,0,1.628
2026-06-07 02:00:00+08:00,24.0,80.5,408.0,0,2.048
2026-06-07 02:05:00+08:00,23.62,81.6,407.0,0,1.602
2026-06-07 02:10:00+08:00,24.2,77.0,405.0,0,1.593
2026-06-07 02:15:00+08:00,23.83,75.4,412.0,0,1.796
2026-06-07 02:20:00+08:00,24.14,75.0,401.0,0,1.631
2026-06-07 02:25:00+08:00,23.38,81.8,404.0,0,1.675
2026-06-07 02:30:00+08:00,24.09,82.6,412.0,0,1.825
2026-06-07 02:35:00+08:00,23.52,84.8,418.0,0,1.59
2026-06-07 02:40:00+08:00,24.15,79.2,408.0,0,1.816
2026-06-07 02:45:00+08:00,24.08,78.9,418.0,0,2.279
2026-06-07 02:50:00+08:00,23.02,83.3,417.0,0,1.684
2026-06-07 02:55:00+08:00,23.65,81.7,412.0,0,1.685
2026-06-07 03:00:00+08:00,24.13,80.3,417.0,0,2.142
2026-06-07 03:05:00+08:00,23.43,76.6,419.0,0,1.717
2026-06-07 03:10:00+08:00,24.53,77.4,413.0,0,2.036
2026-06-07 03:15:00+08:00,23.93,80.4,411.0,0,1.919
2026-06-07 03:20:00+08:00,24.14,81.9,412.0,0,1.84
2026-06-07 03:25:00+08:00,23.6,81.9,414.0,0,1.658
2026-06-07 03:30:00+08:00,23.94,78.8,413.0,0,1.787
2026-06-07 03:35:00+08:00,23.48,82.0,413.0,0,1.799
2026-06-07 03:40:00+08:00,24.48,78.9,427.0,0,2.514
2026-06-07 03:45:00+08:00,24.02,73.7,434.0,0,2.128
2026-06-07 03:50:00+08:00,23.76,81.1,436.0,0,1.706
2026-06-07 03:55:00+08:00,24.04,78.2,440.0,0,2.218
2026-06-07 04:00:00+08:00,24.22,78.1,440.0,0,2.036
2026-06-07 04:05:00+08:00,23.94,78.3,437.0,0,1.797
2026-06-07 04:10:00+08:00,24.24,85.3,434.0,0,1.906
2026-06-07 04:15:00+08:00,24.63,79.7,448.0,0,1.673
2026-06-07 04:20:00+08:00,24.3,80.5,450.0,0,1.575
2026-06-07 04:25:00+08:00,23.81,81.7,444.0,0,1.757
2026-06-07 04:30:00+08:00,23.81,81.8,444.0,0,2.046
2026-06-07 04:35:00+08:00,25.5,74.5,450.0,0,2.096
2026-06-07 04:40:00+08:00,23.68,82.2,445.0,0,1.862
2026-06-07 04:45:00+08:00,24.07,85.1,435.0,0,1.57
2026-06-07 04:50:00+08:00,24.65,78.6,431.0,0,1.969
2026-06-07 04:55:00+08:00,24.32,74.9,440.0,0,2.199
2026-06-07 05:00:00+08:00,24.2,77.2,433.0,0,1.743
2026-06-07 05:05:00+08:00,24.16,77.4,435.0,0,2.013
2026-06-07 05:10:00+08:00,25.04,78.0,435.0,0,2.019
2026-06-07 05:15:00+08:00,24.1,80.3,439.0,0,1.932
2026-06-07 05:20:00+08:00,24.46,75.9,431.0,0,1.921
2026-06-07 05:25:00+08:00,24.72,78.8,427.0,0,2.186
2026-06-07 05:30:00+08:00,24.64,82.7,424.0,0,2.043
2026-06-07 05:35:00+08:00,25.05,77.1,422.0,0,2.051
2026-06-07 05:40:00+08:00,24.23,77.7,422.0,0,2.106
2026-06-07 05:45:00+08:00,24.28,80.9,421.0,0,2.021
2026-06-07 05:50:00+08:00,25.01,76.3,418.0,0,1.838
2026-06-07 05:55:00+08:00,24.48,79.1,417.0,0,1.691
2026-06-07 06:00:00+08:00,25.23,77.6,417.0,0,2.715
2026-06-07 06:05:00+08:00,24.91,81.3,416.0,0,2.446
2026-06-07 06:10:00+08:00,24.41,82.5,419.0,0,1.928
2026-06-07 06:15:00+08:00,24.18,81.2,420.0,0,1.872
2026-06-07 06:20:00+08:00,25.63,79.0,417.0,0,2.1
2026-06-07 06:25:00+08:00,24.49,82.1,422.0,0,2.077
2026-06-07 06:30:00+08:00,25.26,76.3,416.0,0,2.212
2026-06-07 06:35:00+08:00,25.38,77.7,421.0,0,2.228
2026-06-07 06:40:00+08:00,24.75,77.5,428.0,0,2.088
2026-06-07 06:45:00+08:00,26.14,78.1,431.0,0,2.315
2026-06-07 06:50:00+08:00,25.02,81.6,439.0,0,2.118
2026-06-07 06:55:00+08:00,26.2,76.5,441.0,0,2.66
2026-06-07 07:00:00+08:00,25.55,76.3,446.0,0,2.137
2026-06-07 07:05:00+08:00,26.06,73.3,441.0,0,2.467
2026-06-07 07:10:00+08:00,25.02,75.9,442.0,0,1.863
2026-06-07 07:15:00+08:00,26.2,72.1,444.0,0,2.396
2026-06-07 07:20:00+08:00,25.41,76.9,448.0,0,2.147
2026-06-07 07:25:00+08:00,25.63,75.1,438.0,0,2.428
2026-06-07 07:30:00+08:00,25.29,75.5,437.0,0,2.408
2026-06-07 07:35:00+08:00,25.6,75.0,433.0,0,2.214
2026-06-07 07:40:00+08:00,26.24,75.9,433.0,0,2.51
2026-06-07 07:45:00+08:00,25.68,73.8,427.0,0,2.472
2026-06-07 07:50:00+08:00,26.48,76.4,425.0,0,2.731
2026-06-07 07:55:00+08:00,25.81,78.4,425.0,0,2.693
2026-06-07 08:00:00+08:00,25.9,77.8,422.0,0,2.502
2026-06-07 08:05:00+08:00,26.62,73.3,423.0,0,2.513
2026-06-07 08:10:00+08:00,26.17,76.2,428.0,0,2.701
2026-06-07 08:15:00+08:00,27.0,75.4,424.0,0,2.894
2026-06-07 08:20:00+08:00,26.38,80.0,425.0,0,2.73
2026-06-07 08:25:00+08:00,26.79,72.8,427.0,0,2.462
2026-06-07 08:30:00+08:00,27.31,76.3,426.0,0,2.748
2026-06-07 08:35:00+08:00,27.09,75.5,427.0,0,3.015
2026-06-07 08:40:00+08:00,26.81,70.3,428.0,0,2.716
2026-06-07 08:45:00+08:00,27.27,78.0,426.0,0,2.562
2026-06-07 08:50:00+08:00,26.5,73.5,429.0,0,2.298
2026-06-07 08:55:00+08:00,27.72,77.8,428.0,0,3.077
2026-06-07 09:00:00+08:00,28.08,74.6,427.0,0,3.201
2026-06-07 09:05:00+08:00,27.49,69.9,419.0,0,3.009
2026-06-07 09:10:00+08:00,27.36,77.2,418.0,0,2.703
2026-06-07 09:15:00+08:00,26.96,76.1,413.0,0,2.6
2026-06-07 09:20:00+08:00,28.12,72.8,416.0,0,3.221
2026-06-07 09:25:00+08:00,27.81,73.4,410.0,0,3.059
2026-06-07 09:30:00+08:00,28.34,71.1,406.0,0,2.891
2026-06-07 09:35:00+08:00,27.48,72.8,395.0,0,3.015
2026-06-07 09:40:00+08:00,27.96,76.2,395.0,0,3.367
2026-06-07 09:45:00+08:00,28.07,71.6,398.0,0,3.158
2026-06-07 09:50:00+08:00,28.44,72.8,400.0,0,2.949
2026-06-07 09:55:00+08:00,28.97,72.7,404.0,0,3.247
2026-06-07 10:00:00+08:00,27.66,66.6,411.0,0,3.333
2026-06-07 10:05:00+08:00,27.87,71.6,414.0,0,2.95
2026-06-07 10:10:00+08:00,28.55,69.1,414.0,0,3.315
2026-06-07 10:15:00+08:00,28.93,72.9,422.0,0,3.533
2026-06-07 10:20:00+08:00,28.93,69.7,422.0,0,3.237
2026-06-07 10:25:00+08:00,28.35,71.6,426.0,0,3.329
2026-06-07 10:30:00+08:00,29.4,68.1,425.0,0,3.391
2026-06-07 10:35:00+08:00,28.03,76.6,431.0,0,3.205
2026-06-07 10:40:00+08:00,28.71,69.0,423.0,0,3.352
2026-06-07 10:45:00+08:00,28.3,74.4,431.0,0,3.197
2026-06-07 10:50:00+08:00,29.15,71.4,426.0,0,3.718
2026-06-07 10:55:00+08:00,29.06,74.0,419.0,0,3.619
2026-06-07 11:00:00+08:00,28.4,72.3,423.0,0,3.405
2026-06-07 11:05:00+08:00,28.08,75.3,423.0,0,3.074
2026-06-07 11:10:00+08:00,29.06,72.0,415.0,0,3.238
2026-06-07 11:15:00+08:00,29.44,66.5,412.0,0,3.639
2026-06-07 11:20:00+08:00,29.43,72.2,417.0,0,3.328
2026-06-07 11:25:00+08:00,29.65,68.7,409.0,0,3.455
2026-06-07 11:30:00+08:00,29.27,67.8,410.0,0,3.548
2026-06-07 11:35:00+08:00,29.2,68.2,415.0,0,3.568
2026-06-07 11:40:00+08:00,29.45,72.1,414.0,0,3.85
2026-06-07 11:45:00+08:00,29.37,69.7,414.0,0,3.229
2026-06-07 11:50:00+08:00,29.84,69.4,424.0,0,3.799
2026-06-07 11:55:00+08:00,29.44,68.9,425.0,0,3.701
2026-06-07 12:00:00+08:00,29.45,68.5,429.0,0,3.389
2026-06-07 12:05:00+08:00,30.02,69.7,433.0,0,3.593
2026-06-07 12:10:00+08:00,29.33,67.8,431.0,0,3.579
2026-06-07 12:15:00+08:00,29.7,68.0,433.0,0,3.916
2026-06-07 12:20:00+08:00,29.66,69.0,436.0,0,3.347
2026-06-07 12:25:00+08:00,30.27,66.9,427.0,0,3.794
2026-06-07 12:30:00+08:00,31.19,66.6,420.0,0,3.906
2026-06-07 12:35:00+08:00,29.95,72.5,417.0,0,3.727
2026-06-07 12:40:00+08:00,29.85,72.2,423.0,0,3.522
2026-06-07 12:45:00+08:00,30.26,66.3,415.0,0,3.517
2026-06-07 12:50:00+08:00,29.92,67.7,421.0,0,3.557
2026-06-07 12:55:00+08:00,29.52,71.4,423.0,0,3.927
2026-06-07 13:00:00+08:00,31.05,72.1,422.0,0,3.797
2026-06-07 13:05:00+08:00,30.77,68.3,420.0,0,4.097
2026-06-07 13:10:00+08:00,30.08,69.3,416.0,0,3.954
2026-06-07 13:15:00+08:00,30.28,64.9,422.0,0,3.491
2026-06-07 13:20:00+08:00,29.69,67.9,426.0,0,3.731
2026-06-07 13:25:00+08:00,30.28,72.0,422.0,0,3.81
2026-06-07 13:30:00+08:00,30.38,65.2,417.0,0,3.899
2026-06-07 13:35:00+08:00,30.36,69.3,419.0,0,3.378
2026-06-07 13:40:00+08:00,30.92,67.4,415.0,0,4.146
2026-06-07 13:45:00+08:00,31.29,64.1,412.0,0,4.295
2026-06-07 13:50:00+08:00,30.02,69.9,406.0,0,3.7
2026-06-07 13:55:00+08:00,30.48,67.2,410.0,0,3.813
2026-06-07 14:00:00+08:00,30.27,69.8,418.0,0,4.175
2026-06-07 14:05:00+08:00,31.32,61.4,412.0,0,3.585
2026-06-07 14:10:00+08:00,29.84,72.5,417.0,0,3.724
2026-06-07 14:15:00+08:00,29.8,73.9,410.0,0,3.689
2026-06-07 14:20:00+08:00,30.41,72.9,407.0,0,4.16
2026-06-07 14:25:00+08:00,30.64,69.0,410.0,0,4.067
2026-06-07 14:30:00+08:00,30.71,71.9,407.0,0,3.891
2026-06-07 14:35:00+08:00,30.4,72.9,410.0,0,3.911
2026-06-07 14:40:00+08:00,30.95,64.1,412.0,0,3.91
2026-06-07 14:45:00+08:00,30.66,70.1,416.0,0,3.978
2026-06-07 14:50:00+08:00,30.73,69.7,421.0,0,4.063
2026-06-07 14:55:00+08:00,30.53,67.9,426.0,0,3.974
2026-06-07 15:00:00+08:00,30.2,67.5,422.0,0,3.863
2026-06-07 15:05:00+08:00,31.25,68.2,422.0,0,4.097
2026-06-07 15:10:00+08:00,31.41,67.1,426.0,0,4.049
2026-06-07 15:15:00+08:00,31.12,66.4,424.0,0,3.916
2026-06-07 15:20:00+08:00,30.83,67.2,423.0,0,4.151
2026-06-07 15:25:00+08:00,30.35,72.1,424.0,0,3.906
2026-06-07 15:30:00+08:00,30.77,68.5,423.0,0,3.953
2026-06-07 15:35:00+08:00,30.28,72.6,424.0,0,3.604
2026-06-07 15:40:00+08:00,30.19,68.8,420.0,0,3.968
2026-06-07 15:45:00+08:00,30.77,72.9,416.0,0,3.924
2026-06-07 15:50:00+08:00,30.84,65.3,409.0,0,4.092
2026-06-07 15:55:00+08:00,30.52,67.3,405.0,0,4.005
2026-06-07 16:00:00+08:00,30.6,68.7,404.0,0,4.013
2026-06-07 16:05:00+08:00,29.86,71.6,407.0,0,3.875
2026-06-07 16:10:00+08:00,30.22,69.3,402.0,0,3.717
2026-06-07 16:15:00+08:00,30.2,71.4,398.0,0,3.778
2026-06-07 16:20:00+08:00,30.38,63.3,405.0,0,3.992
2026-06-07 16:25:00+08:00,30.0,65.9,407.0,0,3.905
2026-06-07 16:30:00+08:00,30.27,68.8,406.0,0,3.474
2026-06-07 16:35:00+08:00,30.29,71.6,407.0,0,3.755
2026-06-07 16:40:00+08:00,30.11,68.8,409.0,0,3.695
2026-06-07 16:45:00+08:00,29.98,72.9,405.0,0,4.009
2026-06-07 16:50:00+08:00,29.92,69.3,392.0,0,3.866
2026-06-07 16:55:00+08:00,30.3,68.3,390.0,0,4.03
2026-06-07 17:00:00+08:00,30.09,73.4,387.0,0,4.076
2026-06-07 17:05:00+08:00,30.51,65.8,392.0,0,3.946
2026-06-07 17:10:00+08:00,29.96,69.5,395.0,0,3.436
2026-06-07 17:15:00+08:00,30.14,67.6,392.0,0,3.413
2026-06-07 17:20:00+08:00,29.85,70.9,399.0,0,3.506
2026-06-07 17:25:00+08:00,29.67,68.9,401.0,0,3.582
2026-06-07 17:30:00+08:00,30.66,67.4,398.0,0,3.879
2026-06-07 17:35:00+08:00,30.23,64.6,401.0,0,3.8
2026-06-07 17:40:00+08:00,29.88,66.9,400.0,0,4.028
2026-06-07 17:45:00+08:00,30.1,69.9,408.0,0,3.823
2026-06-07 17:50:00+08:00,29.92,72.5,414.0,0,3.514
2026-06-07 17:55:00+08:00,29.94,69.7,425.0,0,3.675
2026-06-07 18:00:00+08:00,30.06,69.5,412.0,0,3.712
2026-06-07 18:05:00+08:00,29.48,70.8,407.0,0,3.486
2026-06-07 18:10:00+08:00,29.52,68.2,403.0,0,3.76
2026-06-07 18:15:00+08:00,28.85,70.7,404.0,0,3.52
2026-06-07 18:20:00+08:00,29.08,68.9,406.0,0,3.664
2026-06-07 18:25:00+08:00,28.43,71.0,415.0,0,3.393
2026-06-07 18:30:00+08:00,28.71,72.4,419.0,0,3.233
2026-06-07 18:35:00+08:00,29.33,70.1,422.0,0,3.41
2026-06-07 18:40:00+08:00,29.09,70.9,419.0,0,3.527
2026-06-07 18:45:00+08:00,28.65,72.0,420.0,0,3.563
2026-06-07 18:50:00+08:00,28.91,68.8,416.0,0,3.32
2026-06-07 18:55:00+08:00,28.77,70.0,415.0,0,3.251
2026-06-07 19:00:00+08:00,28.98,65.5,410.0,0,3.325
2026-06-07 19:05:00+08:00,28.09,70.2,410.0,0,3.143
2026-06-07 19:10:00+08:00,28.86,72.9,416.0,0,3.374
2026-06-07 19:15:00+08:00,28.72,-999.0,426.0,0,3.085
2026-06-07 19:20:00+08:00,28.81,71.3,432.0,0,3.3
2026-06-07 19:25:00+08:00,28.27,73.4,432.0,0,3.339
2026-06-07 19:30:00+08:00,28.26,70.7,426.0,0,3.291
2026-06-07 19:35:00+08:00,28.83,69.6,419.0,0,3.326
2026-06-07 19:40:00+08:00,28.64,70.3,419.0,0,3.288
2026-06-07 19:45:00+08:00,28.15,72.6,415.0,0,3.331
2026-06-07 19:50:00+08:00,28.6,76.1,422.0,0,3.173
2026-06-07 19:55:00+08:00,28.86,72.4,427.0,0,3.256
2026-06-07 20:00:00+08:00,27.91,73.2,428.0,0,3.02
2026-06-07 20:05:00+08:00,28.12,75.6,427.0,0,3.076
2026-06-07 20:10:00+08:00,27.26,73.5,420.0,0,3.191
2026-06-07 20:15:00+08:00,28.24,74.4,427.0,0,3.247
2026-06-07 20:20:00+08:00,28.4,72.4,418.0,0,3.252
2026-06-07 20:25:00+08:00,28.03,74.1,426.0,0,3.041
2026-06-07 20:30:00+08:00,27.79,75.7,425.0,0,3.07
2026-06-07 20:35:00+08:00,27.3,75.3,427.0,0,3.136
2026-06-07 20:40:00+08:00,27.45,69.9,416.0,0,2.935
2026-06-07 20:45:00+08:00,27.76,77.7,419.0,0,3.098
2026-06-07 20:50:00+08:00,27.4,73.7,427.0,0,2.859
2026-06-07 20:55:00+08:00,27.23,76.7,431.0,0,2.711
2026-06-07 21:00:00+08:00,26.92,76.4,429.0,0,2.727
2026-06-07 21:05:00+08:00,27.7,71.0,427.0,0,3.086
2026-06-07 21:10:00+08:00,26.81,74.1,422.0,0,2.757
2026-06-07 21:15:00+08:00,27.12,76.2,429.0,0,2.845
2026-06-07 21:20:00+08:00,26.86,74.2,435.0,0,2.882
2026-06-07 21:25:00+08:00,26.24,75.1,428.0,0,2.584
2026-06-07 21:30:00+08:00,27.19,75.3,421.0,0,2.91
2026-06-07 21:35:00+08:00,26.41,78.3,415.0,0,2.302
2026-06-07 21:40:00+08:00,26.93,75.3,418.0,0,2.805
2026-06-07 21:45:00+08:00,27.13,73.7,424.0,0,2.833
2026-06-07 21:50:00+08:00,27.15,74.9,425.0,0,2.874
2026-06-07 21:55:00+08:00,25.96,78.2,431.0,0,2.091
2026-06-07 22:00:00+08:00,26.06,77.7,434.0,0,2.532
2026-06-07 22:05:00+08:00,26.33,77.4,438.0,0,2.384
2026-06-07 22:10:00+08:00,26.57,71.4,441.0,0,2.661
2026-06-07 22:15:00+08:00,25.83,75.2,439.0,0,2.113
2026-06-07 22:20:00+08:00,25.81,79.2,430.0,0,2.438
2026-06-07 22:25:00+08:00,24.8,72.7,431.0,0,2.195
2026-06-07 22:30:00+08:00,25.62,78.7,431.0,0,2.442
2026-06-07 22:35:00+08:00,26.39,76.3,422.0,0,2.53
2026-06-07 22:40:00+08:00,25.88,73.9,414.0,0,2.429
2026-06-07 22:45:00+08:00,25.22,81.4,417.0,0,2.353
2026-06-07 22:50:00+08:00,25.59,75.4,416.0,0,2.353
2026-06-07 22:55:00+08:00,25.51,74.1,419.0,0,2.354
2026-06-07 23:00:00+08:00,26.26,76.5,417.0,0,2.631
2026-06-07 23:05:00+08:00,25.67,74.3,408.0,0,2.27
2026-06-07 23:10:00+08:00,25.43,75.7,421.0,0,2.197
2026-06-07 23:15:00+08:00,25.03,76.6,416.0,0,2.425
2026-06-07 23:20:00+08:00,24.89,81.2,415.0,0,2.015
2026-06-07 23:25:00+08:00,24.94,75.0,422.0,0,2.147
2026-06-07 23:30:00+08:00,25.6,73.9,428.0,0,2.149
2026-06-07 23:35:00+08:00,24.91,77.2,419.0,0,1.888
2026-06-07 23:40:00+08:00,25.38,80.0,419.0,0,1.923
2026-06-07 23:45:00+08:00,25.18,78.1,420.0,0,2.105
2026-06-07 23:50:00+08:00,24.86,80.3,427.0,0,2.394
2026-06-07 23:55:00+08:00,24.55,-999.0,420.0,0,2.211
2026-06-08 00:00:00+08:00,24.56,79.7,419.0,0,2.548
2026-06-08 00:05:00+08:00,25.06,85.5,411.0,0,1.915
2026-06-08 00:10:00+08:00,24.7,79.3,413.0,0,2.301
2026-06-08 00:15:00+08:00,25.58,71.7,414.0,0,2.344
2026-06-08 00:20:00+08:00,24.21,76.7,410.0,0,1.743
2026-06-08 00:25:00+08:00,24.55,76.9,414.0,0,1.954
2026-06-08 00:30:00+08:00,25.05,82.2,419.0,0,2.149
2026-06-08 00:35:00+08:00,23.99,75.7,413.0,0,1.842
2026-06-08 00:40:00+08:00,24.57,84.9,408.0,0,2.189
2026-06-08 00:45:00+08:00,24.89,76.6,413.0,0,2.308
2026-06-08 00:50:00+08:00,24.69,75.2,416.0,0,2.214
2026-06-08 00:55:00+08:00,24.47,74.2,415.0,0,1.795
2026-06-08 01:00:00+08:00,24.96,78.0,418.0,0,1.819
2026-06-08 01:05:00+08:00,24.54,82.5,423.0,0,1.778
2026-06-08 01:10:00+08:00,24.95,78.9,429.0,0,1.734
2026-06-08 01:15:00+08:00,24.32,80.9,433.0,0,1.631
2026-06-08 01:20:00+08:00,23.29,85.2,432.0,0,1.523
2026-06-08 01:25:00+08:00,24.52,76.0,436.0,0,1.829
2026-06-08 01:30:00+08:00,24.07,85.7,429.0,0,2.016
2026-06-08 01:35:00+08:00,24.35,78.9,425.0,0,2.178
2026-06-08 01:40:00+08:00,23.29,82.9,430.0,0,2.036
2026-06-08 01:45:00+08:00,24.2,78.7,427.0,0,2.154
2026-06-08 01:50:00+08:00,23.77,76.2,424.0,0,1.699
2026-06-08 01:55:00+08:00,22.83,82.9,419.0,0,1.805
2026-06-08 02:00:00+08:00,23.83,83.6,418.0,0,1.901
2026-06-08 02:05:00+08:00,24.29,76.8,420.0,0,1.951
2026-06-08 02:10:00+08:00,23.6,85.4,425.0,0,1.553
2026-06-08 02:15:00+08:00,24.01,76.6,423.0,0,1.701
2026-06-08 02:20:00+08:00,24.31,82.5,428.0,0,1.841
2026-06-08 02:25:00+08:00,24.22,79.8,430.0,0,1.872
2026-06-08 02:25:00+08:00,24.22,79.8,430.0,0,1.872
2026-06-08 02:30:00+08:00,24.31,80.7,421.0,0,1.892
2026-06-08 02:35:00+08:00,24.7,80.0,432.0,0,1.795
2026-06-08 02:40:00+08:00,23.5,79.9,435.0,0,1.707
2026-06-08 02:45:00+08:00,24.71,76.3,431.0,0,2.283
2026-06-08 02:50:00+08:00,23.66,77.0,433.0,0,1.767
2026-06-08 02:55:00+08:00,24.2,82.8,426.0,0,1.937
2026-06-08 03:00:00+08:00,23.37,77.9,431.0,0,1.838
2026-06-08 03:05:00+08:00,23.82,79.4,433.0,0,1.949
2026-06-08 03:10:00+08:00,24.33,77.5,432.0,0,1.662
2026-06-08 03:15:00+08:00,22.77,79.6,428.0,0,1.366
2026-06-08 03:20:00+08:00,23.93,82.7,427.0,0,1.903
2026-06-08 03:25:00+08:00,23.54,80.5,430.0,0,1.81
2026-06-08 03:30:00+08:00,23.17,85.3,427.0,0,1.563
2026-06-08 03:35:00+08:00,23.68,82.7,433.0,0,1.992
2026-06-08 03:40:00+08:00,23.65,82.8,442.0,0,1.782
2026-06-08 03:45:00+08:00,24.08,83.6,432.0,0,1.919
2026-06-08 03:50:00+08:00,23.94,79.6,428.0,0,1.558
2026-06-08 03:55:00+08:00,24.17,82.6,426.0,0,2.268
2026-06-08 04:00:00+08:00,24.82,80.6,424.0,0,2.082
2026-06-08 04:05:00+08:00,24.2,80.3,422.0,0,1.743
2026-06-08 04:10:00+08:00,23.86,83.1,418.0,0,2.168
2026-06-08 04:15:00+08:00,24.38,76.5,420.0,0,2.084
2026-06-08 04:20:00+08:00,24.39,81.1,424.0,0,2.029
2026-06-08 04:25:00+08:00,23.61,77.3,420.0,0,1.521
2026-06-08 04:30:00+08:00,23.56,77.7,419.0,0,1.909
2026-06-08 04:35:00+08:00,24.18,78.0,408.0,0,1.597
2026-06-08 04:40:00+08:00,24.6,79.1,416.0,0,2.072
2026-06-08 04:45:00+08:00,23.78,78.7,414.0,0,1.961
2026-06-08 04:50:00+08:00,24.65,80.1,412.0,0,2.148
2026-06-08 04:55:00+08:00,24.03,79.7,405.0,0,1.795
2026-06-08 05:00:00+08:00,23.25,79.6,402.0,0,1.832
2026-06-08 05:05:00+08:00,24.85,80.4,402.0,0,1.815
2026-06-08 05:10:00+08:00,24.27,80.2,405.0,0,1.878
2026-06-08 05:15:00+08:00,24.73,79.3,399.0,0,1.734
2026-06-08 05:20:00+08:00,24.01,79.6,397.0,0,2.044
2026-06-08 05:25:00+08:00,24.84,79.0,415.0,0,2.117
2026-06-08 05:30:00+08:00,24.18,79.3,416.0,0,1.871
2026-06-08 05:35:00+08:00,24.61,82.0,419.0,0,2.226
2026-06-08 05:40:00+08:00,25.19,77.4,415.0,0,2.162
2026-06-08 05:45:00+08:00,24.22,80.4,410.0,0,2.075
2026-06-08 05:50:00+08:00,24.79,76.5,416.0,0,2.173
2026-06-08 05:55:00+08:00,25.16,75.0,423.0,0,2.156
2026-06-08 06:00:00+08:00,24.47,80.1,419.0,0,1.942
2026-06-08 06:05:00+08:00,24.86,78.4,426.0,0,1.846
2026-06-08 06:10:00+08:00,25.13,80.2,424.0,0,2.19
2026-06-08 06:15:00+08:00,24.64,77.0,426.0,0,2.302
2026-06-08 06:20:00+08:00,24.44,80.2,433.0,0,2.248
2026-06-08 06:25:00+08:00,25.33,78.7,427.0,0,2.086
2026-06-08 06:30:00+08:00,25.87,77.1,423.0,0,2.512
2026-06-08 06:35:00+08:00,25.38,73.8,423.0,0,2.487
2026-06-08 06:40:00+08:00,24.92,74.6,431.0,0,2.169
2026-06-08 06:45:00+08:00,26.02,75.8,430.0,0,2.6
2026-06-08 06:50:00+08:00,26.04,72.8,435.0,0,2.406
2026-06-08 06:55:00+08:00,25.92,76.6,440.0,0,2.74
2026-06-08 07:00:00+08:00,25.5,75.6,442.0,0,2.356
2026-06-08 07:05:00+08:00,25.59,73.5,445.0,0,2.309
2026-06-08 07:10:00+08:00,25.33,81.3,434.0,0,2.535
2026-06-08 07:15:00+08:00,26.07,72.7,435.0,0,2.34
2026-06-08 07:20:00+08:00,26.44,73.1,434.0,0,2.456
2026-06-08 07:25:00+08:00,26.11,78.4,426.0,0,2.616
2026-06-08 07:30:00+08:00,26.37,76.8,420.0,0,2.245
2026-06-08 07:35:00+08:00,26.57,76.8,433.0,0,2.592
2026-06-08 07:40:00+08:00,26.35,72.6,428.0,0,2.496
2026-06-08 07:45:00+08:00,25.89,77.7,426.0,0,2.133
2026-06-08 07:50:00+08:00,26.12,75.4,429.0,0,2.518
2026-06-08 07:55:00+08:00,26.68,75.9,439.0,0,2.722
2026-06-08 08:00:00+08:00,22.74,80.3,493.0,30,7.156
2026-06-08 08:05:00+08:00,22.37,85.1,531.0,25,7.117
2026-06-08 08:10:00+08:00,22.72,79.6,592.0,29,7.441
2026-06-08 08:15:00+08:00,22.47,79.3,650.0,36,7.536
2026-06-08 08:20:00+08:00,22.57,85.7,686.0,29,7.443
2026-06-08 08:25:00+08:00,23.67,80.4,718.0,29,7.318
2026-06-08 08:30:00+08:00,22.81,82.5,763.0,33,7.381
2026-06-08 08:35:00+08:00,23.11,82.4,783.0,28,7.457
2026-06-08 08:40:00+08:00,23.08,84.3,812.0,30,7.695
2026-06-08 08:45:00+08:00,22.99,78.1,823.0,22,7.362
2026-06-08 08:50:00+08:00,23.43,82.7,834.0,27,7.5
2026-06-08 08:55:00+08:00,24.08,82.8,849.0,27,7.687
2026-06-08 09:00:00+08:00,23.79,80.4,861.0,23,7.498
2026-06-08 09:05:00+08:00,23.19,81.1,864.0,24,7.198
2026-06-08 09:10:00+08:00,23.01,80.6,864.0,23,7.333
2026-06-08 09:15:00+08:00,23.33,81.8,872.0,23,6.845
2026-06-08 09:20:00+08:00,24.13,80.5,879.0,25,7.84
2026-06-08 09:25:00+08:00,23.18,81.2,898.0,30,7.757
2026-06-08 09:30:00+08:00,24.57,83.6,899.0,24,7.872
2026-06-08 09:35:00+08:00,23.52,78.6,911.0,28,7.601
2026-06-08 09:40:00+08:00,23.49,81.9,909.0,30,7.575
2026-06-08 09:45:00+08:00,24.4,79.3,897.0,23,7.736
2026-06-08 09:50:00+08:00,24.11,82.2,916.0,30,7.892
2026-06-08 09:55:00+08:00,24.43,81.0,916.0,24,7.475
2026-06-08 10:00:00+08:00,24.64,78.4,889.0,7,6.94
2026-06-08 10:05:00+08:00,25.32,81.7,899.0,29,8.202
2026-06-08 10:10:00+08:00,25.17,81.6,908.0,26,7.953
2026-06-08 10:15:00+08:00,24.63,81.7,914.0,27,7.754
2026-06-08 10:20:00+08:00,25.36,78.9,930.0,34,8.587
2026-06-08 10:25:00+08:00,25.34,75.9,931.0,28,8.172
2026-06-08 10:30:00+08:00,24.3,78.2,939.0,29,7.879
2026-06-08 10:35:00+08:00,24.88,80.7,945.0,29,8.04
2026-06-08 10:40:00+08:00,24.68,81.4,945.0,24,7.777
2026-06-08 10:45:00+08:00,24.52,77.9,950.0,26,7.727
2026-06-08 10:50:00+08:00,25.75,76.5,944.0,25,7.762
2026-06-08 10:55:00+08:00,24.5,81.0,914.0,18,7.798
2026-06-08 11:00:00+08:00,25.22,75.9,906.0,21,7.944
2026-06-08 11:05:00+08:00,25.53,69.2,935.0,36,8.74
2026-06-08 11:10:00+08:00,25.51,74.8,941.0,27,8.141
2026-06-08 11:15:00+08:00,25.7,75.8,933.0,22,7.751
2026-06-08 11:20:00+08:00,24.94,77.4,935.0,25,7.994
2026-06-08 11:20:00+08:00,24.94,77.4,935.0,25,7.994
2026-06-08 11:25:00+08:00,25.11,76.7,946.0,32,7.958
2026-06-08 11:30:00+08:00,26.26,76.0,958.0,28,8.4
2026-06-08 11:35:00+08:00,25.13,82.9,959.0,27,8.343
2026-06-08 11:40:00+08:00,25.82,75.2,954.0,19,8.036
2026-06-08 11:45:00+08:00,25.25,79.1,972.0,36,8.777
2026-06-08 11:50:00+08:00,26.54,73.9,977.0,29,9.05
2026-06-08 11:55:00+08:00,25.58,74.5,967.0,25,7.942
2026-06-08 12:00:00+08:00,25.94,78.1,938.0,11,7.597
2026-06-08 12:05:00+08:00,25.95,77.4,915.0,11,7.703
2026-06-08 12:10:00+08:00,25.93,78.5,881.0,11,7.714
2026-06-08 12:15:00+08:00,26.54,74.3,841.0,8,7.986
2026-06-08 12:20:00+08:00,26.26,75.8,833.0,13,8.089
2026-06-08 12:25:00+08:00,25.79,80.6,802.0,10,7.869
2026-06-08 12:30:00+08:00,25.76,79.8,781.0,8,7.475
2026-06-08 12:35:00+08:00,26.6,77.6,762.0,6,8.168
2026-06-08 12:40:00+08:00,26.2,75.3,751.0,12,7.967
2026-06-08 12:45:00+08:00,26.07,78.6,738.0,10,7.232
2026-06-08 12:50:00+08:00,26.59,73.3,719.0,7,7.826
2026-06-08 12:55:00+08:00,26.39,70.3,721.0,14,8.27
2026-06-08 13:00:00+08:00,26.54,71.5,770.0,34,8.932
2026-06-08 13:05:00+08:00,26.29,78.5,788.0,24,8.229
2026-06-08 13:10:00+08:00,25.82,75.8,818.0,28,8.67
2026-06-08 13:15:00+08:00,27.04,72.7,836.0,27,8.551
2026-06-08 13:20:00+08:00,26.76,75.9,855.0,29,8.967
2026-06-08 13:25:00+08:00,26.86,74.0,877.0,29,8.781
2026-06-08 13:30:00+08:00,25.99,76.6,891.0,25,8.479
2026-06-08 13:35:00+08:00,26.25,71.6,892.0,24,8.58
2026-06-08 13:40:00+08:00,25.88,76.5,884.0,19,8.151
2026-06-08 13:45:00+08:00,26.02,77.6,865.0,15,7.993
2026-06-08 13:50:00+08:00,26.84,70.8,874.0,24,8.479
2026-06-08 13:55:00+08:00,26.22,71.0,877.0,22,8.58
2026-06-08 14:00:00+08:00,25.86,73.3,889.0,25,8.337
2026-06-08 14:05:00+08:00,27.0,72.3,897.0,24,8.521
2026-06-08 14:10:00+08:00,26.97,73.6,907.0,29,8.668
2026-06-08 14:15:00+08:00,27.12,76.4,917.0,27,8.613
2026-06-08 14:20:00+08:00,26.9,72.8,906.0,19,8.301
2026-06-08 14:25:00+08:00,27.14,72.4,910.0,27,8.743
2026-06-08 14:30:00+08:00,26.71,73.6,916.0,31,8.652
2026-06-08 14:35:00+08:00,26.74,74.1,928.0,28,8.615
2026-06-08 14:40:00+08:00,25.97,74.8,915.0,16,8.003
2026-06-08 14:45:00+08:00,26.78,76.0,910.0,22,8.43
2026-06-08 14:50:00+08:00,26.8,73.1,941.0,35,8.813
2026-06-08 14:55:00+08:00,26.81,70.1,915.0,12,8.097
2026-06-08 15:00:00+08:00,26.32,76.2,941.0,32,8.561
2026-06-08 15:05:00+08:00,26.61,70.8,954.0,32,8.519
2026-06-08 15:10:00+08:00,26.64,75.4,945.0,21,8.143
2026-06-08 15:15:00+08:00,26.41,75.8,951.0,24,8.75
2026-06-08 15:20:00+08:00,26.22,80.4,940.0,20,8.44
2026-06-08 15:25:00+08:00,26.38,71.8,935.0,24,7.839
2026-06-08 15:30:00+08:00,26.97,76.9,926.0,25,9.006
2026-06-08 15:35:00+08:00,26.78,73.4,934.0,26,8.78
2026-06-08 15:40:00+08:00,26.24,74.0,965.0,37,8.962
2026-06-08 15:45:00+08:00,26.59,72.3,967.0,30,8.888
2026-06-08 15:50:00+08:00,26.59,72.9,984.0,34,8.732
2026-06-08 15:55:00+08:00,26.53,73.1,996.0,31,8.99
2026-06-08 16:00:00+08:00,26.65,73.6,1004.0,33,9.04
2026-06-08 16:05:00+08:00,26.6,76.0,1023.0,36,9.107
2026-06-08 16:10:00+08:00,26.75,72.1,1017.0,24,8.484
2026-06-08 16:15:00+08:00,26.77,73.8,997.0,23,8.116
2026-06-08 16:20:00+08:00,26.75,71.6,1011.0,32,8.675
2026-06-08 16:25:00+08:00,27.11,71.8,1035.0,38,8.678
2026-06-08 16:30:00+08:00,26.79,75.1,1040.0,32,8.731
2026-06-08 16:35:00+08:00,26.46,74.0,1014.0,16,7.758
2026-06-08 16:40:00+08:00,26.29,76.1,1039.0,38,8.964
2026-06-08 16:45:00+08:00,26.49,79.0,1050.0,35,9.251
2026-06-08 16:50:00+08:00,26.22,75.8,1041.0,26,8.198
2026-06-08 16:55:00+08:00,27.06,78.6,1028.0,25,8.712
2026-06-08 17:00:00+08:00,26.36,77.7,1041.0,38,9.204
2026-06-08 17:05:00+08:00,26.52,77.3,1040.0,30,8.418
2026-06-08 17:10:00+08:00,26.39,75.5,1009.0,16,8.233
2026-06-08 17:15:00+08:00,26.95,74.7,975.0,15,8.286
2026-06-08 17:20:00+08:00,26.14,78.3,985.0,35,8.893
2026-06-08 17:25:00+08:00,26.3,72.6,972.0,24,8.499
2026-06-08 17:30:00+08:00,26.28,73.5,974.0,28,8.428
2026-06-08 17:35:00+08:00,26.15,74.2,972.0,29,8.537
2026-06-08 17:40:00+08:00,25.47,74.3,966.0,25,8.205
2026-06-08 17:45:00+08:00,26.57,73.7,948.0,17,8.259
2026-06-08 17:50:00+08:00,26.48,77.0,961.0,33,8.715
2026-06-08 17:55:00+08:00,25.55,77.7,978.0,32,8.426
2026-06-08 18:00:00+08:00,29.57,73.7,923.0,0,3.688
2026-06-08 18:05:00+08:00,30.12,71.6,865.0,0,3.815
2026-06-08 18:10:00+08:00,30.13,67.3,817.0,0,3.84
2026-06-08 18:15:00+08:00,29.5,68.9,785.0,0,3.706
2026-06-08 18:20:00+08:00,28.89,71.6,761.0,0,3.614
2026-06-08 18:25:00+08:00,30.01,61.7,731.0,0,3.866
2026-06-08 18:30:00+08:00,28.47,69.3,706.0,0,3.553
2026-06-08 18:35:00+08:00,29.78,65.8,671.0,0,3.548
2026-06-08 18:40:00+08:00,29.38,71.2,639.0,0,3.328
2026-06-08 18:45:00+08:00,29.6,67.6,618.0,0,3.539
2026-06-08 18:50:00+08:00,30.32,69.7,604.0,0,3.983
2026-06-08 18:55:00+08:00,28.79,71.3,585.0,0,3.022
2026-06-08 19:00:00+08:00,29.13,68.5,569.0,0,3.607
2026-06-08 19:05:00+08:00,28.71,69.6,551.0,0,3.586
2026-06-08 19:10:00+08:00,28.75,72.9,540.0,0,3.539
2026-06-08 19:15:00+08:00,29.18,66.0,527.0,0,3.279
2026-06-08 19:20:00+08:00,28.79,73.7,521.0,0,3.377
2026-06-08 19:25:00+08:00,28.95,75.9,517.0,0,3.151
2026-06-08 19:30:00+08:00,28.61,71.7,513.0,0,3.188
2026-06-08 19:35:00+08:00,28.54,72.4,504.0,0,2.983
2026-06-08 19:40:00+08:00,29.33,69.5,495.0,0,3.621
2026-06-08 19:45:00+08:00,28.2,67.2,487.0,0,3.06
2026-06-08 19:50:00+08:00,28.34,69.1,484.0,0,3.321
2026-06-08 19:55:00+08:00,28.32,75.0,468.0,0,3.406
2026-06-08 20:00:00+08:00,28.33,69.6,458.0,0,3.418
2026-06-08 20:05:00+08:00,28.74,71.7,459.0,0,3.371
2026-06-08 20:10:00+08:00,28.17,69.6,454.0,0,3.102
2026-06-08 20:15:00+08:00,27.86,71.9,454.0,0,3.075
2026-06-08 20:20:00+08:00,28.09,73.2,442.0,0,3.11
2026-06-08 20:25:00+08:00,27.62,68.0,451.0,0,3.116
2026-06-08 20:30:00+08:00,27.57,70.8,447.0,0,2.898
2026-06-08 20:35:00+08:00,26.81,76.4,447.0,0,2.964
2026-06-08 20:40:00+08:00,27.64,73.4,444.0,0,2.831
2026-06-08 20:45:00+08:00,27.33,74.4,440.0,0,2.78
2026-06-08 20:50:00+08:00,27.07,75.1,444.0,0,2.934
2026-06-08 20:55:00+08:00,26.91,73.4,450.0,0,2.727
2026-06-08 21:00:00+08:00,26.82,79.2,451.0,0,2.615
2026-06-08 21:05:00+08:00,26.86,75.0,447.0,0,2.947
2026-06-08 21:10:00+08:00,27.21,75.7,446.0,0,2.93
2026-06-08 21:15:00+08:00,27.18,74.9,451.0,0,2.897
2026-06-08 21:20:00+08:00,26.94,73.9,448.0,0,3.136
2026-06-08 21:25:00+08:00,27.86,70.9,450.0,0,3.039
2026-06-08 21:30:00+08:00,26.46,75.2,446.0,0,2.661
2026-06-08 21:35:00+08:00,26.46,74.9,440.0,0,2.661
2026-06-08 21:40:00+08:00,25.93,78.4,452.0,0,2.79
2026-06-08 21:45:00+08:00,26.3,76.2,447.0,0,2.667
2026-06-08 21:50:00+08:00,27.05,75.9,441.0,0,2.716
2026-06-08 21:55:00+08:00,26.25,75.0,445.0,0,2.769
2026-06-08 22:00:00+08:00,26.45,77.9,442.0,0,2.536
2026-06-08 22:05:00+08:00,26.93,74.5,444.0,0,2.489
2026-06-08 22:10:00+08:00,26.2,71.6,450.0,0,2.441
2026-06-08 22:15:00+08:00,26.26,75.6,444.0,0,2.441
2026-06-08 22:20:00+08:00,26.12,74.4,439.0,0,2.738
2026-06-08 22:25:00+08:00,25.78,75.8,443.0,0,2.606
2026-06-08 22:30:00+08:00,25.98,80.3,439.0,0,2.635
2026-06-08 22:35:00+08:00,25.77,78.6,431.0,0,2.436
2026-06-08 22:40:00+08:00,25.41,79.1,424.0,0,2.434
2026-06-08 22:45:00+08:00,25.66,75.8,432.0,0,2.28
2026-06-08 22:50:00+08:00,25.73,77.8,423.0,0,2.367
2026-06-08 22:55:00+08:00,25.77,72.3,424.0,0,2.646
2026-06-08 23:00:00+08:00,25.83,74.9,422.0,0,2.128
2026-06-08 23:05:00+08:00,24.75,81.8,422.0,0,2.585
2026-06-08 23:10:00+08:00,25.62,81.1,422.0,0,2.385
2026-06-08 23:15:00+08:00,25.36,84.2,420.0,0,2.167
2026-06-08 23:20:00+08:00,26.12,-999.0,423.0,0,2.539
2026-06-08 23:25:00+08:00,25.59,78.1,423.0,0,2.168
2026-06-08 23:30:00+08:00,25.69,77.5,421.0,0,2.259
2026-06-08 23:35:00+08:00,25.36,78.9,417.0,0,2.296
2026-06-08 23:40:00+08:00,25.04,78.0,421.0,0,2.059
2026-06-08 23:45:00+08:00,25.36,75.6,430.0,0,2.353
2026-06-08 23:50:00+08:00,24.99,76.0,429.0,0,2.249
2026-06-08 23:55:00+08:00,25.35,78.6,422.0,0,2.543
2026-06-09 00:00:00+08:00,23.87,77.2,427.0,0,1.836
2026-06-09 00:05:00+08:00,24.47,80.6,421.026459401356,0,1.808
2026-06-09 00:10:00+08:00,24.39,80.0,418.0529188027121,0,2.47
2026-06-09 00:15:00+08:00,25.73,75.8,415.0793782040681,0,2.193
2026-06-09 00:20:00+08:00,24.09,83.4,419.1058376054242,0,1.695
2026-06-09 00:25:00+08:00,24.44,73.7,413.1322970067802,0,2.272
2026-06-09 00:30:00+08:00,24.54,82.2,414.15875640813624,0,2.598
2026-06-09 00:35:00+08:00,24.24,78.8,414.1852158094923,0,2.076
2026-06-09 00:40:00+08:00,24.04,76.9,408.21167521084834,0,1.635
2026-06-09 00:45:00+08:00,24.88,75.2,416.2381346122044,0,2.264
2026-06-09 00:50:00+08:00,24.16,84.3,421.26459401356044,0,1.947
2026-06-09 00:55:00+08:00,24.32,78.3,423.29105341491646,0,1.81
2026-06-09 01:00:00+08:00,24.81,79.1,421.31751281627254,0,1.753
2026-06-09 01:05:00+08:00,24.83,77.5,428.34397221762856,0,1.971
2026-06-09 01:10:00+08:00,24.25,74.5,429.37043161898464,0,1.659
2026-06-09 01:15:00+08:00,23.66,76.0,428.39689102034066,0,1.887
2026-06-09 01:20:00+08:00,25.03,82.1,417.4233504216967,0,2.108
2026-06-09 01:25:00+08:00,24.26,78.2,416.44980982305276,0,2.521
2026-06-09 01:30:00+08:00,23.87,78.7,415.4762692244088,0,2.229
2026-06-09 01:35:00+08:00,23.61,79.1,420.50272862576486,0,2.133
2026-06-09 01:40:00+08:00,23.68,81.2,417.5291880271209,0,1.658
2026-06-09 01:45:00+08:00,24.37,75.5,407.5556474284769,0,2.1
2026-06-09 01:50:00+08:00,23.9,82.7,404.582106829833,0,1.956
2026-06-09 01:55:00+08:00,24.05,77.7,406.608566231189,0,1.839
2026-06-09 02:00:00+08:00,23.87,82.1,410.6350256325451,0,1.758
2026-06-09 02:05:00+08:00,24.24,79.4,408.6614850339011,0,2.069
2026-06-09 02:10:00+08:00,24.1,84.0,416.6879444352572,0,1.77
2026-06-09 02:15:00+08:00,23.56,82.2,415.7144038366132,0,1.943
2026-06-09 02:20:00+08:00,23.15,78.8,422.7408632379692,0,1.438
2026-06-09 02:25:00+08:00,24.19,-999.0,418.7673226393253,0,1.718
2026-06-09 02:30:00+08:00,23.9,77.9,423.7937820406813,0,1.986
2026-06-09 02:35:00+08:00,23.5,78.4,422.8202414420374,0,1.653
2026-06-09 02:40:00+08:00,24.18,83.9,417.8467008433934,0,2.119
2026-06-09 02:45:00+08:00,24.56,78.2,419.87316024474944,0,1.903
2026-06-09 02:50:00+08:00,24.58,80.3,417.8996196461055,0,1.945
2026-06-09 02:55:00+08:00,24.67,77.2,424.92607904746154,0,1.85
2026-06-09 03:00:00+08:00,23.93,82.8,423.9525384488176,0,2.008
2026-06-09 03:05:00+08:00,23.52,77.4,425.97899785017364,0,1.586
2026-06-09 03:10:00+08:00,23.42,80.0,431.00545725152966,0,1.716
2026-06-09 03:15:00+08:00,24.76,80.0,434.03191665288574,0,1.854
2026-06-09 03:20:00+08:00,23.87,79.8,432.05837605424176,0,1.552
2026-06-09 03:25:00+08:00,23.65,82.0,436.08483545559784,0,1.436
2026-06-09 03:30:00+08:00,23.59,81.1,438.11129485695386,0,1.738
2026-06-09 03:35:00+08:00,23.96,82.1,438.1377542583099,0,1.702
2026-06-09 03:40:00+08:00,23.95,79.3,447.16421365966596,0,2.109
2026-06-09 03:45:00+08:00,24.17,83.8,444.190673061022,0,1.825
2026-06-09 03:50:00+08:00,23.63,80.7,439.21713246237806,0,2.042
2026-06-09 03:55:00+08:00,23.72,79.0,432.2435918637341,0,1.483
2026-06-09 04:00:00+08:00,24.23,77.3,429.2700512650901,0,2.329
2026-06-09 04:05:00+08:00,24.89,77.6,415.2965106664462,0,2.027
2026-06-09 04:10:00+08:00,24.94,-999.0,425.3229700678022,0,2.105
2026-06-09 04:10:00+08:00,24.94,77.3,425.3229700678022,0,2.105
2026-06-09 04:15:00+08:00,24.06,78.9,425.3494294691583,0,1.814
2026-06-09 04:20:00+08:00,24.71,77.0,424.3758888705143,0,2.042
2026-06-09 04:25:00+08:00,23.78,78.9,422.4023482718703,0,1.619
2026-06-09 04:30:00+08:00,24.54,79.4,418.4288076732264,0,1.842
2026-06-09 04:35:00+08:00,24.19,82.2,407.4552670745824,0,1.961
2026-06-09 04:40:00+08:00,24.22,78.8,406.4817264759385,0,2.03
2026-06-09 04:45:00+08:00,24.27,79.8,409.5081858772945,0,2.045
2026-06-09 04:50:00+08:00,24.31,81.5,413.53464527865054,0,1.72
2026-06-09 04:55:00+08:00,24.32,79.0,409.5611046800066,0,2.219
2026-06-09 05:00:00+08:00,23.98,80.8,403.58756408136264,0,1.805
2026-06-09 05:05:00+08:00,24.25,73.1,394.6140234827187,0,1.772
2026-06-09 05:10:00+08:00,24.79,77.8,402.64048288407474,0,2.247
2026-06-09 05:15:00+08:00,24.79,81.9,404.66694228543076,0,1.997
2026-06-09 05:20:00+08:00,24.34,79.7,407.69340168678684,0,1.959
2026-06-09 05:25:00+08:00,24.43,80.4,411.71986108814286,0,2.057
2026-06-09 05:30:00+08:00,25.19,80.1,406.74632048949894,0,2.092
2026-06-09 05:35:00+08:00,24.37,82.0,411.77277989085496,0,2.007
2026-06-09 05:40:00+08:00,24.68,76.8,409.79923929221104,0,2.151
2026-06-09 05:45:00+08:00,24.95,77.7,412.82569869356706,0,2.092
2026-06-09 05:50:00+08:00,24.98,81.5,411.8521580949231,0,2.349
2026-06-09 05:55:00+08:00,24.97,78.6,409.87861749627916,0,1.844
2026-06-09 06:00:00+08:00,25.07,81.0,408.9050768976352,0,2.22
2026-06-09 06:05:00+08:00,24.89,73.6,409.93153629899126,0,1.984
2026-06-09 06:10:00+08:00,25.06,83.2,411.9579957003473,0,1.861
2026-06-09 06:15:00+08:00,25.72,73.7,413.9844551017033,0,2.081
2026-06-09 06:20:00+08:00,25.6,74.9,422.0109145030594,0,2.517
2026-06-09 06:20:00+08:00,25.6,74.9,422.0109145030594,0,2.517
2026-06-09 06:25:00+08:00,25.57,77.0,427.0373739044154,0,2.296
2026-06-09 06:30:00+08:00,24.36,76.8,425.0638333057715,0,2.133
2026-06-09 06:35:00+08:00,25.56,75.0,424.0902927071275,0,2.31
2026-06-09 06:40:00+08:00,25.84,69.2,427.1167521084835,0,2.296
2026-06-09 06:45:00+08:00,26.36,78.3,425.1432115098396,0,2.453
2026-06-09 06:50:00+08:00,25.66,72.7,423.1696709111956,0,2.312
2026-06-09 06:55:00+08:00,25.0,79.3,420.1961303125517,0,2.003
2026-06-09 07:00:00+08:00,25.93,69.6,412.2225897139077,0,2.283
2026-06-09 07:05:00+08:00,24.92,73.7,414.24904911526374,0,2.2
2026-06-09 07:10:00+08:00,25.48,77.6,419.2755085166198,0,2.325
2026-06-09 07:15:00+08:00,25.74,72.8,415.30196791797584,0,2.147
2026-06-09 07:20:00+08:00,26.02,77.5,418.3284273193319,0,2.146
2026-06-09 07:25:00+08:00,26.12,77.5,422.35488672068794,0,2.719
2026-06-09 07:30:00+08:00,26.24,72.7,420.38134612204396,0,2.836
2026-06-09 07:35:00+08:00,25.86,76.8,415.40780552340004,0,2.347
2026-06-09 07:40:00+08:00,26.04,74.9,413.43426492475606,0,2.654
2026-06-09 07:45:00+08:00,26.68,74.0,412.46072432611214,0,2.29
2026-06-09 07:50:00+08:00,26.0,77.7,411.48718372746816,0,2.364
2026-06-09 07:55:00+08:00,25.76,75.8,415.5136431288242,0,2.32
2026-06-09 08:00:00+08:00,22.55,84.9,450.54010253018026,19,6.886
2026-06-09 08:05:00+08:00,21.88,84.0,506.5665619315363,27,7.39
2026-06-09 08:10:00+08:00,22.99,79.5,554.5930213328924,26,7.315
2026-06-09 08:15:00+08:00,22.42,82.5,604.6194807342484,31,7.621
2026-06-09 08:20:00+08:00,23.14,84.7,659.6459401356044,35,7.549
2026-06-09 08:25:00+08:00,22.31,82.0,713.6723995369605,38,7.545
2026-06-09 08:30:00+08:00,23.49,80.5,742.6988589383166,26,7.466
2026-06-09 08:35:00+08:00,23.31,77.2,774.7253183396725,29,7.707
2026-06-09 08:40:00+08:00,23.62,79.3,795.7517777410286,26,7.365
2026-06-09 08:45:00+08:00,23.13,84.4,813.7782371423847,24,7.629
2026-06-09 08:50:00+08:00,23.48,80.0,841.8046965437406,30,7.439
2026-06-09 08:55:00+08:00,23.28,82.0,869.8311559450967,35,7.639
2026-06-09 09:00:00+08:00,23.7,78.7,891.8576153464528,35,7.602
2026-06-09 09:05:00+08:00,24.01,81.8,903.8840747478089,27,7.478
2026-06-09 09:10:00+08:00,24.15,79.3,921.9105341491648,33,7.922
2026-06-09 09:10:00+08:00,24.15,79.3,921.9105341491648,33,7.922
2026-06-09 09:15:00+08:00,23.4,84.8,926.9369935505209,26,7.287
2026-06-09 09:20:00+08:00,23.25,80.0,929.963452951877,28,7.481
2026-06-09 09:25:00+08:00,23.02,82.6,920.989912353233,21,7.026
2026-06-09 09:30:00+08:00,24.11,79.2,936.016371754589,29,7.746
2026-06-09 09:35:00+08:00,24.07,79.3,918.0428311559451,17,7.329
2026-06-09 09:40:00+08:00,24.3,73.0,901.0692905573011,18,7.652
2026-06-09 09:45:00+08:00,24.15,74.5,930.0957499586572,34,8.273
2026-06-09 09:50:00+08:00,23.63,77.7,934.1222093600132,29,7.788
2026-06-09 09:55:00+08:00,23.88,83.4,944.1486687613693,27,7.43
2026-06-09 10:00:00+08:00,25.0,79.3,944.1751281627253,26,7.588
2026-06-09 10:05:00+08:00,25.16,80.7,965.2015875640814,34,8.21
2026-06-09 10:10:00+08:00,24.43,82.0,975.2280469654374,32,7.817
2026-06-09 10:15:00+08:00,25.09,77.5,961.2545063667934,21,7.824
2026-06-09 10:20:00+08:00,24.55,81.1,958.2809657681495,20,7.697
2026-06-09 10:25:00+08:00,24.52,77.9,963.3074251695056,27,7.975
2026-06-09 10:30:00+08:00,25.07,80.9,975.3338845708615,29,7.965
2026-06-09 10:35:00+08:00,24.8,79.2,972.3603439722176,25,7.758
2026-06-09 10:40:00+08:00,24.94,76.4,1007.3868033735737,42,8.522
2026-06-09 10:45:00+08:00,24.79,77.2,1032.4132627749298,43,8.497
2026-06-09 10:50:00+08:00,24.87,78.3,1037.4397221762858,34,8.45
2026-06-09 10:55:00+08:00,25.79,78.8,1028.466181577642,29,8.253
2026-06-09 11:00:00+08:00,25.9,73.3,1043.4926409789978,33,8.222
2026-06-09 11:05:00+08:00,26.17,79.1,1040.5191003803538,30,8.331
2026-06-09 11:10:00+08:00,25.83,74.2,1035.54555978171,30,8.218
2026-06-09 11:15:00+08:00,25.86,75.4,1016.572019183066,22,7.813
2026-06-09 11:20:00+08:00,24.88,78.6,994.5984785844221,23,7.942
2026-06-09 11:25:00+08:00,25.32,79.6,982.624937985778,22,7.773
2026-06-09 11:30:00+08:00,26.37,74.4,997.6513973871341,32,8.79
2026-06-09 11:35:00+08:00,25.78,75.3,990.6778567884902,23,8.054
2026-06-09 11:40:00+08:00,25.47,75.0,1017.7043161898462,35,8.274
2026-06-09 11:45:00+08:00,26.39,75.6,1013.7307755912022,25,8.347
2026-06-09 11:50:00+08:00,25.93,77.7,1022.7572349925583,32,8.189
2026-06-09 11:55:00+08:00,25.37,-999.0,1023.7836943939143,28,8.373
2026-06-09 12:00:00+08:00,25.83,77.2,983.8101537952704,6,7.543
2026-06-09 12:05:00+08:00,25.64,74.5,947.8366131966264,6,7.948
2026-06-09 12:10:00+08:00,26.16,81.6,918.8630725979825,12,7.682
2026-06-09 12:15:00+08:00,25.62,78.2,888.8895319993385,8,7.742
2026-06-09 12:20:00+08:00,26.38,77.3,867.9159914006946,12,7.831
2026-06-09 12:25:00+08:00,25.89,75.8,842.9424508020506,9,7.795
2026-06-09 12:30:00+08:00,26.59,77.5,818.9689102034066,8,7.887
2026-06-09 12:35:00+08:00,25.74,79.5,811.9953696047627,12,7.79
2026-06-09 12:40:00+08:00,26.54,72.5,788.0218290061188,7,7.719
2026-06-09 12:45:00+08:00,26.82,75.7,765.0482884074747,9,7.467
2026-06-09 12:50:00+08:00,26.74,76.1,759.0747478088308,9,8.248
2026-06-09 12:50:00+08:00,26.74,76.1,759.0747478088308,9,8.248
2026-06-09 12:55:00+08:00,26.51,74.8,746.1012072101869,8,7.595
2026-06-09 13:00:00+08:00,26.18,76.5,765.127666611543,28,8.519
2026-06-09 13:05:00+08:00,25.88,80.3,779.1541260128989,22,8.207
2026-06-09 13:10:00+08:00,25.94,76.7,782.180585414255,18,7.939
2026-06-09 13:15:00+08:00,27.24,72.9,819.2070448156111,31,8.909
2026-06-09 13:20:00+08:00,26.63,75.6,858.233504216967,39,8.898
2026-06-09 13:25:00+08:00,26.53,69.5,874.2599636183231,29,8.584
2026-06-09 13:30:00+08:00,25.76,75.9,870.2864230196792,20,8.014
2026-06-09 13:35:00+08:00,25.87,73.6,889.3128824210352,27,8.35
2026-06-09 13:40:00+08:00,26.87,72.9,876.3393418223912,17,8.145
2026-06-09 13:45:00+08:00,26.98,69.5,892.3658012237473,29,8.53
2026-06-09 13:50:00+08:00,27.05,73.8,894.3922606251034,28,8.915
2026-06-09 13:55:00+08:00,26.94,74.4,932.4187200264594,39,9.193
2026-06-09 14:00:00+08:00,27.01,74.5,931.4451794278154,25,8.554
2026-06-09 14:05:00+08:00,26.25,75.4,935.4716388291715,26,8.582
2026-06-09 14:10:00+08:00,26.91,75.3,937.4980982305275,28,8.696
2026-06-09 14:15:00+08:00,26.32,75.4,911.5245576318836,17,8.486
2026-06-09 14:20:00+08:00,26.58,73.1,894.5510170332396,18,8.389
2026-06-09 14:25:00+08:00,26.76,73.1,912.5774764345956,31,9.013
2026-06-09 14:30:00+08:00,26.68,74.3,923.6039358359517,30,8.645
2026-06-09 14:35:00+08:00,27.08,72.7,910.6303952373078,17,8.418
2026-06-09 14:40:00+08:00,27.5,73.3,931.6568546386638,33,9.039
2026-06-09 14:45:00+08:00,26.94,76.4,925.6833140400198,23,8.766
2026-06-09 14:50:00+08:00,26.29,74.4,928.7097734413759,25,8.11
2026-06-09 14:55:00+08:00,26.85,71.2,949.736232842732,35,8.976
2026-06-09 15:00:00+08:00,27.04,75.1,962.7626922440879,32,8.637
2026-06-09 15:05:00+08:00,26.6,78.1,974.789151645444,26,8.472
2026-06-09 15:10:00+08:00,27.03,72.1,964.8156110468001,24,8.495
2026-06-09 15:15:00+08:00,26.98,72.9,978.8420704481562,35,9.092
2026-06-09 15:20:00+08:00,27.02,73.4,987.8685298495121,26,8.723
2026-06-09 15:25:00+08:00,26.27,76.1,1002.8949892508682,34,9.141
2026-06-09 15:30:00+08:00,26.84,71.0,1000.9214486522243,25,8.345
2026-06-09 15:35:00+08:00,26.6,78.2,1005.9479080535802,34,8.67
2026-06-09 15:40:00+08:00,27.17,74.1,985.9743674549363,18,8.157
2026-06-09 15:45:00+08:00,26.37,74.8,996.0008268562924,30,8.589
2026-06-09 15:50:00+08:00,26.7,73.4,994.0272862576484,26,8.602
2026-06-09 15:55:00+08:00,26.12,72.2,1005.0537456590044,32,8.594
2026-06-09 16:00:00+08:00,27.14,72.8,999.0802050603605,25,8.804
2026-06-09 16:05:00+08:00,26.11,75.5,1001.1066644617166,31,8.77
2026-06-09 16:10:00+08:00,26.93,73.6,1000.1331238630726,27,8.669
2026-06-09 16:15:00+08:00,26.25,78.4,971.1595832644286,18,7.958
2026-06-09 16:20:00+08:00,27.13,74.0,979.1860426657847,29,8.624
2026-06-09 16:25:00+08:00,26.42,72.9,973.2125020671407,28,8.553
2026-06-09 16:30:00+08:00,26.9,72.4,967.2389614684968,23,8.326
2026-06-09 16:35:00+08:00,26.42,78.3,990.2654208698528,40,9.037
2026-06-09 16:40:00+08:00,26.14,82.1,982.2918802712088,23,8.594
2026-06-09 16:45:00+08:00,26.54,74.4,969.3183396725649,23,8.407
2026-06-09 16:50:00+08:00,25.49,75.4,966.344799073921,26,8.115
2026-06-09 16:55:00+08:00,26.17,77.2,965.371258475277,26,8.113
2026-06-09 17:00:00+08:00,26.34,77.7,991.397717876633,35,8.735
2026-06-09 17:05:00+08:00,26.62,72.5,987.4241772779891,25,8.549
2026-06-09 17:10:00+08:00,26.55,75.8,971.4506366793452,24,8.522
2026-06-09 17:15:00+08:00,25.81,78.4,978.4770960807011,32,8.811
2026-06-09 17:20:00+08:00,26.43,71.2,980.5035554820572,23,8.306
2026-06-09 17:25:00+08:00,26.31,75.4,972.5300148834133,21,8.148
2026-06-09 17:30:00+08:00,25.94,75.7,987.5564742847693,31,8.487
2026-06-09 17:35:00+08:00,26.68,74.4,993.5829336861253,30,8.506
2026-06-09 17:40:00+08:00,25.86,78.1,993.6093930874814,29,8.539
2026-06-09 17:45:00+08:00,26.02,75.0,987.6358524888375,22,8.232
2026-06-09 17:50:00+08:00,26.19,79.1,982.6623118901935,25,8.476
2026-06-09 17:55:00+08:00,26.07,75.8,991.6887712915495,30,8.698
2026-06-09 18:00:00+08:00,29.93,71.2,935.7152306929056,0,3.805
2026-06-09 18:05:00+08:00,29.59,70.1,879.7416900942616,0,3.726
2026-06-09 18:10:00+08:00,28.72,66.8,828.7681494956176,0,3.463
2026-06-09 18:15:00+08:00,29.67,71.4,800.7946088969737,0,3.536
2026-06-09 18:20:00+08:00,28.6,73.2,759.8210682983298,0,3.436
2026-06-09 18:25:00+08:00,29.52,69.4,722.8475276996858,0,3.932
2026-06-09 18:30:00+08:00,29.17,76.5,700.8739871010418,0,3.328
2026-06-09 18:35:00+08:00,29.62,70.0,669.9004465023979,0,3.809
2026-06-09 18:40:00+08:00,28.57,66.2,647.9269059037539,0,3.67
2026-06-09 18:45:00+08:00,29.01,70.5,623.95336530511,0,2.994
2026-06-09 18:50:00+08:00,28.86,70.0,600.979824706466,0,3.362
2026-06-09 18:55:00+08:00,28.95,68.5,588.006284107822,0,3.812
2026-06-09 19:00:00+08:00,29.55,71.9,570.0327435091781,0,3.527
2026-06-09 19:05:00+08:00,28.94,70.8,551.0592029105342,0,3.653
2026-06-09 19:10:00+08:00,28.3,77.8,539.0856623118902,0,3.389
2026-06-09 19:15:00+08:00,28.57,71.8,522.1121217132462,0,3.233
2026-06-09 19:20:00+08:00,29.01,73.0,510.1385811146023,0,3.073
2026-06-09 19:25:00+08:00,28.24,71.8,498.1650405159583,0,3.057
2026-06-09 19:30:00+08:00,28.14,69.4,493.1914999173144,0,3.088
2026-06-09 19:35:00+08:00,28.65,68.8,490.2179593186704,0,3.317
2026-06-09 19:40:00+08:00,28.85,67.8,481.2444187200265,0,3.592
2026-06-09 19:45:00+08:00,28.23,73.4,476.2708781213825,0,3.267
2026-06-09 19:50:00+08:00,27.89,77.0,469.29733752273853,0,3.085
2026-06-09 19:55:00+08:00,27.59,-999.0,466.3237969240946,0,2.788
2026-06-09 20:00:00+08:00,28.71,71.1,468.35025632545063,0,3.483
2026-06-09 20:05:00+08:00,27.9,71.9,463.3767157268067,0,3.25
2026-06-09 20:10:00+08:00,27.7,70.3,465.40317512816273,0,2.743
2026-06-09 20:15:00+08:00,27.95,72.3,460.42963452951875,0,3.1
2026-06-09 20:20:00+08:00,27.99,74.0,460.45609393087483,0,2.896
2026-06-09 20:25:00+08:00,27.91,67.8,453.48255333223085,0,3.19
2026-06-09 20:30:00+08:00,27.04,74.7,441.5090127335869,0,2.898
2026-06-09 20:35:00+08:00,27.85,74.6,438.53547213494295,0,3.284
2026-06-09 20:40:00+08:00,27.25,71.5,437.56193153629897,0,2.906
2026-06-09 20:45:00+08:00,26.84,75.1,434.58839093765505,0,2.81
2026-06-09 20:45:00+08:00,26.84,75.1,434.58839093765505,0,2.81
2026-06-09 20:50:00+08:00,27.64,71.7,432.61485033901107,0,3.223
2026-06-09 20:55:00+08:00,27.32,75.1,429.64130974036715,0,3.03
2026-06-09 21:00:00+08:00,26.88,71.7,421.66776914172317,0,2.92
2026-06-09 21:05:00+08:00,28.14,74.6,424.6942285430792,0,3.229
2026-06-09 21:10:00+08:00,27.15,78.9,423.72068794443527,0,2.742
2026-06-09 21:15:00+08:00,27.36,77.3,418.7471473457913,0,2.726
2026-06-09 21:20:00+08:00,27.08,77.8,414.77360674714737,0,2.839
2026-06-09 21:25:00+08:00,26.96,73.5,410.8000661485034,0,2.803
2026-06-09 21:30:00+08:00,27.27,73.7,411.8265255498594,0,2.718
2026-06-09 21:35:00+08:00,27.14,78.4,419.8529849512155,0,2.885
2026-06-09 21:40:00+08:00,26.42,75.1,410.8794443525715,0,2.323
2026-06-09 21:45:00+08:00,26.68,77.9,411.9059037539276,0,2.894
2026-06-09 21:50:00+08:00,27.58,70.9,414.9323631552836,0,3.044
2026-06-09 21:55:00+08:00,26.28,77.3,410.95882255663963,0,2.544
2026-06-09 22:00:00+08:00,26.99,75.3,413.9852819579957,0,2.812
2026-06-09 22:05:00+08:00,26.32,81.1,407.01174135935173,0,2.523
2026-06-09 22:10:00+08:00,26.22,76.1,410.0382007607078,0,2.443
2026-06-09 22:15:00+08:00,25.21,79.1,411.06466016206383,0,1.983
2026-06-09 22:20:00+08:00,25.41,81.3,418.09111956341985,0,2.252
2026-06-09 22:25:00+08:00,25.29,79.5,412.11757896477593,0,2.261
2026-06-09 22:30:00+08:00,26.61,75.0,414.14403836613195,0,2.812
2026-06-09 22:35:00+08:00,24.59,79.0,423.17049776748803,0,2.226
2026-06-09 22:40:00+08:00,25.35,79.9,426.19695716884405,0,2.17
2026-06-09 22:45:00+08:00,25.89,75.9,424.2234165702001,0,2.66
2026-06-09 22:50:00+08:00,25.97,77.4,426.24987597155615,0,2.567
2026-06-09 22:55:00+08:00,25.38,72.7,427.2763353729122,0,2.134
2026-06-09 23:00:00+08:00,26.12,77.7,428.30279477426825,0,2.334
2026-06-09 23:05:00+08:00,25.84,-999.0,421.32925417562427,0,2.438
2026-06-09 23:10:00+08:00,25.18,80.7,419.3557135769803,0,2.347
2026-06-09 23:15:00+08:00,25.16,74.0,415.38217297833637,0,1.793
2026-06-09 23:20:00+08:00,25.07,78.3,414.4086323796924,0,1.982
2026-06-09 23:25:00+08:00,25.31,82.2,416.43509178104847,0,2.304
2026-06-09 23:30:00+08:00,25.48,77.8,411.4615511824045,0,2.379
2026-06-09 23:35:00+08:00,25.06,80.9,420.48801058376057,0,2.157
2026-06-09 23:40:00+08:00,25.27,74.8,427.5144699851166,0,2.422
2026-06-09 23:45:00+08:00,24.74,80.6,432.5409293864726,0,2.151
2026-06-09 23:50:00+08:00,25.98,-999.0,432.5673887878287,0,2.654
2026-06-09 23:55:00+08:00,24.89,80.3,437.5938481891847,0,1.895
2026-06-10 00:00:00+08:00,25.43,75.8,430.6203075905408,0,2.13
2026-06-10 00:05:00+08:00,24.56,77.5,425.6467669918968,0,2.502
2026-06-10 00:10:00+08:00,24.27,78.5,429.67322639325283,0,2.199
2026-06-10 00:15:00+08:00,25.36,74.8,431.6996857946089,0,2.172
2026-06-10 00:20:00+08:00,25.22,76.8,431.72614519596493,0,2.028
2026-06-10 00:25:00+08:00,24.19,76.9,433.752604597321,0,1.767
2026-06-10 00:30:00+08:00,24.57,79.9,436.77906399867703,0,2.14
2026-06-10 00:35:00+08:00,24.59,76.0,443.80552340003305,0,1.958
2026-06-10 00:40:00+08:00,24.81,76.5,446.83198280138913,0,2.046
2026-06-10 00:45:00+08:00,24.76,80.8,438.85844220274515,0,1.626
2026-06-10 00:50:00+08:00,24.15,81.2,439.88490160410123,0,1.783
2026-06-10 00:55:00+08:00,24.26,80.4,434.91136100545725,0,2.189
2026-06-10 01:00:00+08:00,24.91,78.6,432.9378204068133,0,1.949
2026-06-10 01:05:00+08:00,24.02,81.5,429.96427980816935,0,1.844
2026-06-10 01:10:00+08:00,24.3,79.8,436.9907392095254,0,2.182
2026-06-10 01:15:00+08:00,24.22,81.5,427.01719861088145,0,1.857
2026-06-10 01:20:00+08:00,24.48,80.6,436.0436580122375,0,2.203
2026-06-10 01:25:00+08:00,24.53,81.1,440.0701174135935,0,1.818
2026-06-10 01:30:00+08:00,24.48,80.0,435.0965768149496,0,2.051
2026-06-10 01:35:00+08:00,24.03,77.3,435.1230362163056,0,1.514
2026-06-10 01:40:00+08:00,23.26,82.1,439.14949561766167,0,1.763
2026-06-10 01:45:00+08:00,24.09,76.6,431.1759550190177,0,1.848
2026-06-10 01:50:00+08:00,24.09,83.2,426.2024144203737,0,1.987
2026-06-10 01:55:00+08:00,24.25,79.0,417.2288738217298,0,2.094
2026-06-10 02:00:00+08:00,23.96,80.5,421.2553332230858,0,2.13
2026-06-10 02:05:00+08:00,23.75,80.5,418.2817926244419,0,1.637
2026-06-10 02:10:00+08:00,24.26,79.4,423.3082520257979,0,1.828
2026-06-10 02:15:00+08:00,24.18,78.2,427.33471142715393,0,1.831
2026-06-10 02:20:00+08:00,23.84,77.4,428.36117082851,0,1.916
2026-06-10 02:25:00+08:00,23.43,77.1,427.38763022986603,0,1.837
2026-06-10 02:30:00+08:00,24.16,83.4,428.4140896312221,0,2.117
2026-06-10 02:35:00+08:00,24.38,76.7,420.44054903257813,0,1.755
2026-06-10 02:40:00+08:00,23.4,81.6,427.4670084339342,0,1.395
2026-06-10 02:45:00+08:00,23.5,83.2,438.49346783529023,0,1.938
2026-06-10 02:50:00+08:00,24.36,80.1,433.51992723664625,0,2.094
2026-06-10 02:55:00+08:00,23.76,77.9,429.54638663800233,0,1.726
2026-06-10 03:00:00+08:00,23.24,83.2,428.57284603935835,0,1.886
2026-06-10 03:05:00+08:00,23.83,81.8,422.59930544071443,0,2.013
2026-06-10 03:10:00+08:00,23.63,82.0,425.62576484207045,0,1.553
2026-06-10 03:15:00+08:00,23.75,78.0,427.6522242434265,0,1.573
2026-06-10 03:20:00+08:00,24.06,79.3,426.67868364478255,0,1.957
2026-06-10 03:25:00+08:00,24.54,74.4,429.7051430461386,0,2.371
2026-06-10 03:25:00+08:00,24.54,74.4,429.7051430461386,0,2.371
2026-06-10 03:30:00+08:00,23.99,79.4,433.73160244749465,0,1.855
2026-06-10 03:35:00+08:00,24.79,77.2,430.7580618488507,0,1.977
2026-06-10 03:40:00+08:00,23.99,82.8,424.7845212502067,0,1.866
2026-06-10 03:45:00+08:00,23.63,82.4,429.8109806515628,0,1.698
2026-06-10 03:50:00+08:00,24.1,77.5,434.8374400529188,0,2.001
2026-06-10 03:55:00+08:00,24.3,81.0,436.8638994542749,0,1.742
2026-06-10 04:00:00+08:00,23.7,81.2,436.8903588556309,0,1.606
2026-06-10 04:05:00+08:00,23.9,78.3,438.9168182569869,0,1.767
2026-06-10 04:10:00+08:00,23.64,81.9,444.943277658343,0,1.916
2026-06-10 04:15:00+08:00,23.79,78.8,450.969737059699,0,2.012
2026-06-10 04:20:00+08:00,24.42,81.7,447.9961964610551,0,1.777
2026-06-10 04:25:00+08:00,24.39,77.9,442.0226558624111,0,1.411
2026-06-10 04:30:00+08:00,25.01,73.5,440.04911526376713,0,2.019
2026-06-10 04:35:00+08:00,24.64,81.2,440.0755746651232,0,2.097
2026-06-10 04:40:00+08:00,24.51,76.9,440.10203406647923,0,2.083
2026-06-10 04:45:00+08:00,24.75,78.2,436.1284934678353,0,2.005
2026-06-10 04:50:00+08:00,24.33,78.2,423.15495286919133,0,1.728
2026-06-10 04:55:00+08:00,23.04,83.6,414.18141227054736,0,1.552
2026-06-10 05:00:00+08:00,24.06,77.1,422.20787167190343,0,1.617
2026-06-10 05:05:00+08:00,24.48,78.9,426.23433107325945,0,2.025
2026-06-10 05:10:00+08:00,23.43,76.0,429.26079047461553,0,1.849
2026-06-10 05:15:00+08:00,24.67,82.4,432.28724987597155,0,2.113
2026-06-10 05:20:00+08:00,23.97,79.7,437.3137092773276,0,2.024
2026-06-10 05:25:00+08:00,24.91,78.7,434.34016867868365,0,2.369
2026-06-10 05:30:00+08:00,25.04,81.6,440.3666280800397,0,2.087
2026-06-10 05:35:00+08:00,23.68,79.9,440.39308748139575,0,1.837
2026-06-10 05:40:00+08:00,24.26,78.5,436.4195468827518,0,2.137
2026-06-10 05:45:00+08:00,25.16,72.5,435.4460062841078,0,2.204
2026-06-10 05:50:00+08:00,24.99,76.8,441.4724656854639,0,2.277
2026-06-10 05:55:00+08:00,25.1,78.5,437.4989250868199,0,1.831
2026-06-10 06:00:00+08:00,24.71,79.5,443.525384488176,0,2.537
2026-06-10 06:05:00+08:00,24.48,78.1,439.551843889532,0,2.266
2026-06-10 06:10:00+08:00,25.4,77.9,448.578303290888,0,2.265
2026-06-10 06:15:00+08:00,24.76,78.1,441.6047626922441,0,1.804
2026-06-10 06:20:00+08:00,25.02,75.5,435.6312220936001,0,2.171
2026-06-10 06:25:00+08:00,24.99,76.7,445.6576814949562,0,1.911
2026-06-10 06:30:00+08:00,24.47,75.7,455.6841408963122,0,1.873
2026-06-10 06:35:00+08:00,25.44,79.2,452.7106002976683,0,2.101
2026-06-10 06:40:00+08:00,25.65,78.2,453.7370596990243,0,1.926
2026-06-10 06:45:00+08:00,25.61,83.2,450.76351910038034,0,2.321
2026-06-10 06:50:00+08:00,25.7,-999.0,451.7899785017364,0,2.506
2026-06-10 06:55:00+08:00,26.04,75.8,449.81643790309244,0,2.151
2026-06-10 07:00:00+08:00,25.7,75.0,440.8428973044485,0,2.497
2026-06-10 07:05:00+08:00,25.41,76.5,425.86935670580453,0,2.707
2026-06-10 07:10:00+08:00,26.52,70.7,427.89581610716056,0,2.671
2026-06-10 07:15:00+08:00,25.5,76.5,425.92227550851663,0,2.442
2026-06-10 07:20:00+08:00,25.79,79.1,438.94873490987266,0,2.208
2026-06-10 07:25:00+08:00,26.32,73.2,439.97519431122873,0,2.823
2026-06-10 07:30:00+08:00,25.76,77.2,428.00165371258475,0,2.227
2026-06-10 07:35:00+08:00,26.22,76.3,424.0281131139408,0,2.685
2026-06-10 07:40:00+08:00,25.87,75.6,423.05457251529685,0,2.438
2026-06-10 07:45:00+08:00,26.86,77.2,422.0810319166529,0,2.596
2026-06-10 07:50:00+08:00,26.23,74.0,419.10749131800895,0,2.49
2026-06-10 07:55:00+08:00,26.83,76.8,428.133950719365,0,2.931
2026-06-10 07:55:00+08:00,26.83,76.8,428.133950719365,0,2.931
2026-06-10 08:00:00+08:00,22.37,80.8,487.160410120721,27,6.903
2026-06-10 08:05:00+08:00,22.27,79.6,535.186869522077,28,7.223
2026-06-10 08:10:00+08:00,22.08,80.1,580.2133289234331,25,7.159
2026-06-10 08:15:00+08:00,22.76,82.9,624.2397883247892,28,7.648
2026-06-10 08:20:00+08:00,22.85,84.4,669.2662477261451,33,7.477
2026-06-10 08:25:00+08:00,23.18,81.0,691.2927071275012,19,7.028
2026-06-10 08:30:00+08:00,23.38,82.9,730.3191665288573,30,7.828
2026-06-10 08:35:00+08:00,23.74,82.2,772.3456259302134,30,7.619
2026-06-10 08:40:00+08:00,23.55,80.9,794.3720853315693,25,7.366
2026-06-10 08:45:00+08:00,23.02,76.3,806.3985447329254,23,7.221
2026-06-10 08:50:00+08:00,23.97,82.4,828.4250041342815,28,7.392
2026-06-10 08:55:00+08:00,23.0,83.9,822.4514635356375,19,7.357
2026-06-10 09:00:00+08:00,22.98,77.1,836.4779229369935,25,7.445
2026-06-10 09:05:00+08:00,23.27,82.7,822.5043823383496,11,7.071
2026-06-10 09:10:00+08:00,23.09,80.1,858.5308417397057,36,7.676
2026-06-10 09:15:00+08:00,23.8,80.5,866.5573011410617,25,7.555
2026-06-10 09:20:00+08:00,24.15,81.1,877.5837605424177,28,7.711
2026-06-10 09:25:00+08:00,23.71,78.0,884.6102199437738,27,7.747
2026-06-10 09:30:00+08:00,23.43,77.6,881.6366793451298,20,7.435
2026-06-10 09:35:00+08:00,23.43,79.2,918.6631387464859,36,7.667
2026-06-10 09:40:00+08:00,23.69,74.9,929.6895981478419,31,7.64
2026-06-10 09:45:00+08:00,23.79,76.6,933.7160575491979,21,7.077
2026-06-10 09:50:00+08:00,24.28,79.4,932.742516950554,21,7.753
2026-06-10 09:55:00+08:00,23.39,79.7,951.76897635191,37,8.135
2026-06-10 10:00:00+08:00,24.19,77.6,965.7954357532661,31,7.877
2026-06-10 10:05:00+08:00,24.8,78.9,952.8218951546221,18,7.641
2026-06-10 10:10:00+08:00,25.85,79.0,954.8483545559782,28,8.053
2026-06-10 10:15:00+08:00,24.45,81.2,945.8748139573343,22,7.863
2026-06-10 10:20:00+08:00,24.62,78.8,944.9012733586902,27,7.63
2026-06-10 10:25:00+08:00,25.13,78.7,937.9277327600463,22,7.409
2026-06-10 10:30:00+08:00,24.78,74.7,945.9541921614024,25,7.772
2026-06-10 10:35:00+08:00,24.66,84.2,970.9806515627583,31,8.047
2026-06-10 10:40:00+08:00,25.21,77.2,992.0071109641144,36,8.425
2026-06-10 10:45:00+08:00,25.36,80.5,987.0335703654705,25,7.86
2026-06-10 10:50:00+08:00,24.63,76.4,987.0600297668266,26,8.127
2026-06-10 10:55:00+08:00,25.04,75.5,1000.0864891681825,33,8.462
2026-06-10 11:00:00+08:00,25.04,76.5,978.1129485695386,15,7.399
2026-06-10 11:05:00+08:00,24.87,79.5,960.1394079708947,19,7.933
2026-06-10 11:10:00+08:00,24.91,76.6,967.1658673722507,26,7.833
2026-06-10 11:15:00+08:00,25.42,78.1,1005.1923267736067,42,9.242
2026-06-10 11:20:00+08:00,26.04,75.0,995.2187861749628,26,8.23
2026-06-10 11:25:00+08:00,26.18,75.9,1011.2452455763188,31,8.564
2026-06-10 11:30:00+08:00,25.56,74.6,1022.2717049776749,31,8.478
2026-06-10 11:35:00+08:00,25.83,76.4,1053.2981643790308,39,8.715
2026-06-10 11:40:00+08:00,25.67,74.8,1070.324623780387,34,8.226
2026-06-10 11:45:00+08:00,25.34,75.7,1074.351083181743,30,8.165
2026-06-10 11:50:00+08:00,25.33,80.4,1091.377542583099,34,8.804
2026-06-10 11:55:00+08:00,26.63,72.7,1084.4040019844551,30,8.848
2026-06-10 12:00:00+08:00,25.33,81.1,1045.4304613858112,10,7.634
2026-06-10 12:05:00+08:00,25.32,76.9,1009.4569207871672,13,7.723
2026-06-10 12:10:00+08:00,25.61,77.6,963.4833801885233,8,7.777
2026-06-10 12:15:00+08:00,26.4,77.0,937.5098395898793,10,7.862
2026-06-10 12:20:00+08:00,25.61,79.9,908.5362989912353,9,7.612
2026-06-10 12:25:00+08:00,26.49,76.4,883.5627583925914,10,7.937
2026-06-10 12:30:00+08:00,26.83,74.0,852.5892177939475,9,7.895
2026-06-10 12:35:00+08:00,26.99,79.9,816.6156771953034,5,7.813
2026-06-10 12:40:00+08:00,26.34,74.1,804.6421365966595,11,7.653
2026-06-10 12:45:00+08:00,25.98,76.8,786.6685959980156,11,7.844
2026-06-10 12:50:00+08:00,25.6,77.1,776.6950553993715,12,7.808
2026-06-10 12:55:00+08:00,25.92,77.2,763.7215148007276,8,7.655
2026-06-10 13:00:00+08:00,26.19,78.8,801.7479742020837,32,8.482
2026-06-10 13:05:00+08:00,26.69,76.2,805.7744336034398,17,8.176
2026-06-10 13:10:00+08:00,25.72,74.3,828.8008930047957,28,8.435
2026-06-10 13:15:00+08:00,27.49,75.3,856.8273524061518,28,8.728
2026-06-10 13:20:00+08:00,25.73,74.0,891.8538118075079,35,8.425
2026-06-10 13:25:00+08:00,27.44,78.5,895.8802712088639,26,8.904
2026-06-10 13:30:00+08:00,25.87,76.2,919.9067306102199,36,8.794
2026-06-10 13:35:00+08:00,27.19,73.2,919.933190011576,23,8.301
2026-06-10 13:40:00+08:00,26.49,77.3,910.959649412932,18,8.518
2026-06-10 13:45:00+08:00,26.89,73.6,937.9861088142881,40,9.334
2026-06-10 13:50:00+08:00,26.6,74.8,935.0125682156441,21,8.283
2026-06-10 13:55:00+08:00,26.2,75.7,928.0390276170002,24,8.199
2026-06-10 14:00:00+08:00,27.09,72.1,925.0654870183562,20,8.47
2026-06-10 14:05:00+08:00,27.05,73.9,938.0919464197123,29,8.523
2026-06-10 14:10:00+08:00,26.93,78.5,955.1184058210683,34,8.937
2026-06-10 14:15:00+08:00,27.02,76.3,952.1448652224243,25,8.72
2026-06-10 14:20:00+08:00,26.73,71.1,951.1713246237804,23,8.491
2026-06-10 14:25:00+08:00,26.42,79.7,975.1977840251365,33,8.988
2026-06-10 14:30:00+08:00,27.33,71.2,975.2242434264924,24,8.621
2026-06-10 14:35:00+08:00,26.61,75.9,984.2507028278485,30,8.333
2026-06-10 14:40:00+08:00,26.97,77.9,987.2771622292046,25,8.425
2026-06-10 14:45:00+08:00,26.31,75.8,999.3036216305607,30,8.5
2026-06-10 14:50:00+08:00,27.29,72.1,980.3300810319166,19,8.193
2026-06-10 14:55:00+08:00,26.81,74.5,999.3565404332727,35,8.796
2026-06-10 15:00:00+08:00,27.07,74.9,1000.3829998346288,30,8.452
2026-06-10 15:05:00+08:00,26.78,72.8,1004.4094592359847,26,8.735
2026-06-10 15:10:00+08:00,26.65,74.6,1015.4359186373408,29,8.555
2026-06-10 15:15:00+08:00,26.94,74.0,1014.4623780386969,28,8.815
2026-06-10 15:20:00+08:00,27.03,75.1,1028.488837440053,34,8.961
2026-06-10 15:25:00+08:00,27.81,70.2,1025.515296841409,30,8.785
2026-06-10 15:30:00+08:00,26.49,73.4,1016.541756242765,25,7.999
2026-06-10 15:35:00+08:00,27.57,74.8,1026.568215644121,33,9.336
2026-06-10 15:40:00+08:00,27.06,72.4,1038.594675045477,35,9.278
2026-06-10 15:45:00+08:00,26.98,73.1,1051.6211344468331,34,9.383
2026-06-10 15:50:00+08:00,25.92,76.3,1022.6475938481892,20,8.204
2026-06-10 15:55:00+08:00,26.56,75.4,1017.6740532495452,24,8.56
2026-06-10 16:00:00+08:00,27.28,76.7,1010.7005126509013,24,8.678
2026-06-10 16:05:00+08:00,26.49,76.7,1005.7269720522573,23,8.442
2026-06-10 16:10:00+08:00,26.5,72.0,1025.7534314536133,35,8.625
2026-06-10 16:15:00+08:00,27.09,75.9,1006.7798908549694,20,8.459
2026-06-10 16:20:00+08:00,26.64,75.1,1009.8063502563255,27,8.832
2026-06-10 16:25:00+08:00,27.34,75.5,1015.8328096576815,31,8.805
2026-06-10 16:30:00+08:00,26.99,73.1,1034.8592690590376,36,8.542
2026-06-10 16:35:00+08:00,26.47,74.0,1007.8857284603936,17,8.272
2026-06-10 16:40:00+08:00,27.11,76.9,1017.9121878617497,31,8.777
2026-06-10 16:45:00+08:00,26.93,71.4,1006.9386472631056,24,8.465
2026-06-10 16:50:00+08:00,26.4,79.0,995.9651066644617,23,8.398
2026-06-10 16:55:00+08:00,26.51,78.4,993.9915660658178,28,8.363
2026-06-10 17:00:00+08:00,27.25,70.9,987.0180254671739,28,8.662
2026-06-10 17:05:00+08:00,25.61,74.9,975.0444848685298,18,7.918
2026-06-10 17:10:00+08:00,27.08,74.2,1008.0709442698859,38,8.863
2026-06-10 17:15:00+08:00,26.43,76.0,1012.097403671242,27,8.446
2026-06-10 17:20:00+08:00,26.65,76.4,1025.123863072598,32,8.799
2026-06-10 17:20:00+08:00,26.65,76.4,1025.123863072598,32,8.799
2026-06-10 17:25:00+08:00,26.12,77.7,1032.150322473954,28,8.428
2026-06-10 17:30:00+08:00,26.37,70.2,1044.17678187531,32,8.525
2026-06-10 17:35:00+08:00,25.63,77.0,1055.2032412766662,36,8.587
2026-06-10 17:40:00+08:00,26.03,77.8,1061.2297006780223,31,8.51
2026-06-10 17:45:00+08:00,25.9,74.7,1054.256160079378,25,8.177
2026-06-10 17:50:00+08:00,26.3,71.9,1045.2826194807342,25,8.17
2026-06-10 17:55:00+08:00,25.92,78.6,1044.3090788820903,24,8.136
2026-06-10 18:00:00+08:00,29.25,70.0,989.3355382834463,0,3.633
2026-06-10 18:05:00+08:00,29.33,69.2,946.3619976848024,0,3.412
2026-06-10 18:10:00+08:00,29.56,64.6,892.3884570861584,0,3.743
2026-06-10 18:15:00+08:00,28.93,73.3,842.4149164875145,0,3.547
2026-06-10 18:20:00+08:00,29.69,71.9,802.4413758888705,0,3.917
2026-06-10 18:25:00+08:00,30.15,70.5,773.4678352902265,0,3.744
2026-06-10 18:30:00+08:00,30.37,66.6,736.4942946915826,0,3.34
2026-06-10 18:35:00+08:00,28.33,70.3,699.5207540929387,0,3.471
2026-06-10 18:40:00+08:00,29.37,74.3,672.5472134942947,0,3.962
2026-06-10 18:45:00+08:00,28.74,67.7,645.5736728956507,0,3.67
2026-06-10 18:50:00+08:00,29.25,71.8,619.6001322970068,0,3.685
2026-06-10 18:55:00+08:00,28.98,74.8,602.6265916983629,0,2.984
2026-06-10 19:00:00+08:00,29.44,70.6,591.6530510997188,0,3.631
2026-06-10 19:05:00+08:00,29.04,71.8,574.6795105010749,0,3.109
2026-06-10 19:10:00+08:00,29.59,68.9,566.705969902431,0,3.298
2026-06-10 19:15:00+08:00,28.82,73.9,545.7324293037871,0,3.384
2026-06-10 19:20:00+08:00,28.76,72.9,535.758888705143,0,3.278
2026-06-10 19:25:00+08:00,29.13,68.6,528.7853481064991,0,3.538
2026-06-10 19:30:00+08:00,28.32,72.4,518.8118075078552,0,3.076
2026-06-10 19:35:00+08:00,28.82,71.8,505.8382669092112,0,3.445
2026-06-10 19:40:00+08:00,28.17,70.3,499.8647263105672,0,3.343
2026-06-10 19:45:00+08:00,28.55,73.1,489.89118571192324,0,3.222
2026-06-10 19:50:00+08:00,28.36,69.6,487.9176451132793,0,3.045
2026-06-10 19:55:00+08:00,27.66,75.4,485.94410451463534,0,3.054
2026-06-10 20:00:00+08:00,28.53,67.9,481.9705639159914,0,3.178
2026-06-10 20:05:00+08:00,28.35,71.5,471.99702331734744,0,3.244
2026-06-10 20:10:00+08:00,27.91,72.3,465.02348271870346,0,3.119
2026-06-10 20:15:00+08:00,28.04,75.1,466.04994212005954,0,2.667
2026-06-10 20:20:00+08:00,28.52,74.4,465.07640152141556,0,3.232
2026-06-10 20:25:00+08:00,28.35,71.4,460.10286092277164,0,3.307
2026-06-10 20:30:00+08:00,27.58,78.5,457.12932032412766,0,3.063
2026-06-10 20:35:00+08:00,27.8,77.1,462.15577972548374,0,3.249
2026-06-10 20:40:00+08:00,27.36,71.3,458.18223912683976,0,2.904
2026-06-10 20:45:00+08:00,28.07,70.6,454.2086985281958,0,3.354
2026-06-10 20:50:00+08:00,28.37,68.5,461.23515792955186,0,3.535
2026-06-10 20:55:00+08:00,27.77,76.9,457.2616173309079,0,2.581
2026-06-10 21:00:00+08:00,26.7,75.8,461.28807673226396,0,2.431
2026-06-10 21:05:00+08:00,26.82,76.2,461.31453613362,0,2.996
2026-06-10 21:10:00+08:00,26.89,72.3,453.340995534976,0,2.74
2026-06-10 21:15:00+08:00,26.69,78.0,450.3674549363321,0,2.685
2026-06-10 21:20:00+08:00,26.51,76.2,450.3939143376881,0,2.815
2026-06-10 21:25:00+08:00,26.95,71.8,441.4203737390442,0,3.146
2026-06-10 21:30:00+08:00,26.84,74.7,440.4468331404002,0,2.942
2026-06-10 21:35:00+08:00,26.89,71.4,442.4732925417562,0,2.999
2026-06-10 21:40:00+08:00,26.98,72.3,445.4997519431123,0,2.937
2026-06-10 21:45:00+08:00,26.85,75.1,448.5262113444683,0,2.719
2026-06-10 21:50:00+08:00,26.55,68.6,437.5526707458244,0,3.057
2026-06-10 21:55:00+08:00,26.06,75.4,447.5791301471804,0,2.489
2026-06-10 22:00:00+08:00,27.22,74.0,441.60558954853644,0,2.841
2026-06-10 22:05:00+08:00,25.92,77.1,439.6320489498925,0,2.527
2026-06-10 22:10:00+08:00,26.23,78.7,449.65850835124854,0,2.611
2026-06-10 22:15:00+08:00,26.45,72.9,454.6849677526046,0,2.643
2026-06-10 22:20:00+08:00,25.79,79.7,454.71142715396064,0,2.716
2026-06-10 22:25:00+08:00,26.33,71.0,450.73788655531666,0,2.602
2026-06-10 22:30:00+08:00,25.93,74.4,454.76434595667274,0,2.524
2026-06-10 22:35:00+08:00,25.0,77.4,461.79080535802876,0,2.234
2026-06-10 22:40:00+08:00,26.61,75.4,459.81726475938484,0,2.779
2026-06-10 22:45:00+08:00,25.03,80.4,448.84372416074086,0,2.139
2026-06-10 22:50:00+08:00,25.98,74.3,446.8701835620969,0,2.492
2026-06-10 22:55:00+08:00,26.37,75.0,448.89664296345296,0,2.485
2026-06-10 23:00:00+08:00,24.56,80.4,454.923102364809,0,2.261
2026-06-10 23:05:00+08:00,25.78,75.3,454.94956176616506,0,2.421
2026-06-10 23:10:00+08:00,25.17,80.5,454.9760211675211,0,1.948
2026-06-10 23:15:00+08:00,25.73,79.1,454.0024805688771,0,2.58
2026-06-10 23:20:00+08:00,26.11,75.8,456.0289399702332,0,2.644
2026-06-10 23:25:00+08:00,24.84,76.5,452.0553993715892,0,2.261
2026-06-10 23:30:00+08:00,25.1,80.1,450.0818587729453,0,1.938
2026-06-10 23:35:00+08:00,24.63,80.4,447.1083181743013,0,1.974
2026-06-10 23:40:00+08:00,25.13,80.1,450.1347775756573,0,2.103
2026-06-10 23:45:00+08:00,24.68,80.7,443.1612369770134,0,1.614
2026-06-10 23:50:00+08:00,25.23,81.3,441.1876963783694,0,2.408
2026-06-10 23:55:00+08:00,25.81,74.9,441.2141557797255,0,2.437
2026-06-11 00:00:00+08:00,25.71,73.3,441.2406151810815,0,2.045
2026-06-11 00:05:00+08:00,25.03,75.8,444.26707458243754,0,2.071
2026-06-11 00:10:00+08:00,25.67,78.8,444.2935339837936,0,2.182
2026-06-11 00:15:00+08:00,24.7,76.7,437.31999338514964,0,1.949
2026-06-11 00:20:00+08:00,25.07,76.1,431.3464527865057,0,2.254
2026-06-11 00:25:00+08:00,25.1,74.9,430.37291218786174,0,2.232
2026-06-11 00:30:00+08:00,23.83,84.5,429.3993715892178,0,1.898
2026-06-11 00:35:00+08:00,24.84,74.5,428.42583099057384,0,2.065
2026-06-11 00:40:00+08:00,24.99,74.1,425.45229039192986,0,2.115
2026-06-11 00:45:00+08:00,24.22,82.3,432.47874979328594,0,1.872
2026-06-11 00:50:00+08:00,24.35,79.8,433.50520919464196,0,2.398
2026-06-11 00:55:00+08:00,24.31,78.2,427.53166859599804,0,1.846
2026-06-11 01:00:00+08:00,24.02,78.9,418.55812799735406,0,2.252
2026-06-11 01:05:00+08:00,24.29,79.6,428.5845873987101,0,1.981
2026-06-11 01:10:00+08:00,23.99,80.4,422.61104680006616,0,1.904
2026-06-11 01:15:00+08:00,24.27,82.2,419.6375062014222,0,1.763
2026-06-11 01:20:00+08:00,24.36,77.7,413.66396560277826,0,1.591
2026-06-11 01:25:00+08:00,24.32,76.0,412.6904250041343,0,1.632
2026-06-11 01:30:00+08:00,24.12,79.2,421.7168844054903,0,1.719
2026-06-11 01:35:00+08:00,23.81,82.4,420.7433438068464,0,1.998
2026-06-11 01:40:00+08:00,24.0,79.6,424.7698032082024,0,1.94
2026-06-11 01:45:00+08:00,24.14,79.3,423.7962626095585,0,1.589
2026-06-11 01:50:00+08:00,24.17,81.7,428.8227220109145,0,1.609
2026-06-11 01:55:00+08:00,23.46,78.8,425.8491814122705,0,1.976
2026-06-11 07:30:00+08:00,25.84,76.1,409.62196130312554,0,2.451
2026-06-11 07:35:00+08:00,25.88,76.6,409.64842070448157,0,2.581
2026-06-11 07:40:00+08:00,26.14,72.6,411.6748801058376,0,2.557
2026-06-11 07:45:00+08:00,25.69,79.2,419.70133950719367,0,2.418
2026-06-11 07:50:00+08:00,27.06,80.3,419.7277989085497,0,2.645
2026-06-11 07:55:00+08:00,26.45,73.1,420.7542583099057,0,2.67
2026-06-11 08:00:00+08:00,22.97,83.6,503.7807177112618,38,7.964
2026-06-11 08:05:00+08:00,22.38,80.3,564.8071771126179,33,7.549
2026-06-11 08:10:00+08:00,22.64,81.0,627.8336365139738,34,7.64
2026-06-11 08:15:00+08:00,23.05,80.7,645.8600959153299,17,6.85
2026-06-11 08:20:00+08:00,23.39,81.5,668.886555316686,21,7.185
2026-06-11 08:25:00+08:00,23.55,84.1,726.913014718042,38,7.83
2026-06-11 08:30:00+08:00,22.8,83.6,773.939474119398,33,7.267
2026-06-11 08:35:00+08:00,23.1,80.9,822.9659335207541,39,8.109
2026-06-11 08:40:00+08:00,23.5,79.2,827.9923929221102,26,7.355
2026-06-11 08:45:00+08:00,22.44,84.8,831.0188523234661,22,7.028
2026-06-11 08:50:00+08:00,23.34,83.5,865.0453117248222,37,8.024
2026-06-11 08:55:00+08:00,23.44,78.1,866.0717711261783,21,7.263
2026-06-11 09:00:00+08:00,24.48,79.7,868.0982305275343,25,7.879
2026-06-11 09:05:00+08:00,23.95,80.6,877.1246899288903,24,7.587
2026-06-11 09:10:00+08:00,24.49,82.8,878.1511493302464,20,7.66
2026-06-11 09:15:00+08:00,23.66,79.3,878.1776087316025,21,7.62
2026-06-11 09:20:00+08:00,23.69,82.1,885.2040681329585,24,7.179
2026-06-11 09:25:00+08:00,23.84,80.8,921.2305275343145,38,8.401
2026-06-11 09:30:00+08:00,23.79,76.2,947.2569869356706,33,8.019
2026-06-11 09:35:00+08:00,24.11,78.5,965.2834463370266,34,7.654
2026-06-11 09:40:00+08:00,23.94,77.0,994.3099057383827,38,8.0
2026-06-11 09:45:00+08:00,24.06,-999.0,993.3363651397387,23,7.438
2026-06-11 09:50:00+08:00,24.24,80.3,995.3628245410947,27,7.802
2026-06-11 09:55:00+08:00,24.22,77.4,989.3892839424508,21,7.818
2026-06-11 10:00:00+08:00,24.85,76.8,988.4157433438069,28,7.905
2026-06-11 10:05:00+08:00,24.14,79.1,961.442202745163,15,7.075
2026-06-11 10:10:00+08:00,25.11,78.7,957.4686621465189,24,8.003
2026-06-11 10:15:00+08:00,24.31,80.8,946.495121547875,19,7.413
2026-06-11 10:20:00+08:00,25.78,81.4,938.5215809492311,24,7.702
2026-06-11 10:25:00+08:00,24.44,80.6,942.548040350587,29,8.122
2026-06-11 10:30:00+08:00,24.39,78.9,950.5744997519431,28,7.809
2026-06-11 10:35:00+08:00,25.49,74.5,927.6009591532992,20,7.984
2026-06-11 10:40:00+08:00,25.13,79.6,936.6274185546552,30,8.12
2026-06-11 10:45:00+08:00,25.64,72.9,948.6538779560112,31,8.357
2026-06-11 10:50:00+08:00,24.73,73.4,923.6803373573673,15,7.613
2026-06-11 10:55:00+08:00,25.31,75.6,920.7067967587234,24,8.096
2026-06-11 11:00:00+08:00,24.97,76.2,943.7332561600793,31,8.631
2026-06-11 11:05:00+08:00,24.9,73.6,958.7597155614354,29,8.301
2026-06-11 11:10:00+08:00,24.73,78.4,961.7861749627915,26,8.017
2026-06-11 11:15:00+08:00,25.38,77.7,979.8126343641475,33,8.465
2026-06-11 11:20:00+08:00,25.21,80.1,992.8390937655035,32,8.449
2026-06-11 11:25:00+08:00,24.83,80.0,994.8655531668596,30,8.047
2026-06-11 11:30:00+08:00,25.68,78.2,986.8920125682156,24,8.048
2026-06-11 11:35:00+08:00,25.59,76.9,977.9184719695717,20,7.886
2026-06-11 11:40:00+08:00,25.73,76.0,994.9449313709277,32,8.311
2026-06-11 11:45:00+08:00,25.88,75.2,1000.9713907722838,30,8.157
2026-06-11 11:50:00+08:00,26.09,70.4,1003.9978501736398,30,8.619
2026-06-11 11:55:00+08:00,25.74,75.3,1011.0243095749959,31,8.441
2026-06-11 12:00:00+08:00,25.86,78.5,965.050768976352,7,7.793
2026-06-11 12:05:00+08:00,25.96,74.7,945.0772283777079,11,7.272
2026-06-11 12:10:00+08:00,25.97,75.6,923.103687779064,12,7.57
2026-06-11 12:15:00+08:00,26.09,75.4,901.1301471804201,10,7.998
2026-06-11 12:20:00+08:00,25.82,77.5,875.156606581776,10,7.719
2026-06-11 12:25:00+08:00,25.82,75.5,845.1830659831321,7,7.883
2026-06-11 12:30:00+08:00,25.8,79.0,827.2095253844882,9,7.731
2026-06-11 12:35:00+08:00,26.88,74.8,819.2359847858443,10,8.168
2026-06-11 12:40:00+08:00,26.46,76.8,795.2624441872002,8,7.937
2026-06-11 12:45:00+08:00,25.54,77.1,790.2889035885563,14,7.641
2026-06-11 12:50:00+08:00,26.44,76.5,787.3153629899124,12,7.885
2026-06-11 12:55:00+08:00,26.25,76.6,779.3418223912684,14,7.799
2026-06-11 13:00:00+08:00,25.77,78.8,795.3682817926244,23,7.975
2026-06-11 13:05:00+08:00,26.81,75.7,812.3947411939805,24,8.759
2026-06-11 13:10:00+08:00,26.51,77.2,857.4212005953366,37,9.01
2026-06-11 13:15:00+08:00,26.18,77.1,887.4476599966926,31,8.718
2026-06-11 13:20:00+08:00,26.0,78.9,882.4741193980486,18,8.234
2026-06-11 13:25:00+08:00,26.85,74.5,883.5005787994047,19,8.092
2026-06-11 13:30:00+08:00,26.01,74.9,908.5270382007607,31,8.601
2026-06-11 13:35:00+08:00,27.46,71.7,907.5534976021167,22,8.46
2026-06-11 13:40:00+08:00,26.65,70.7,936.5799570034728,36,8.934
2026-06-11 13:45:00+08:00,26.61,76.2,954.6064164048288,31,8.726
2026-06-11 13:50:00+08:00,25.87,78.5,992.6328758061849,39,8.681
2026-06-11 13:55:00+08:00,27.24,76.5,998.659335207541,30,9.017
2026-06-11 14:00:00+08:00,26.9,70.5,985.685794608897,21,8.199
2026-06-11 14:05:00+08:00,26.94,76.9,1001.712254010253,32,8.87
2026-06-11 14:10:00+08:00,26.73,81.1,1000.7387134116091,29,8.77
2026-06-11 14:15:00+08:00,27.0,72.9,981.7651728129651,17,8.239
2026-06-11 14:20:00+08:00,26.69,75.2,998.7916322143211,36,8.721
2026-06-11 14:25:00+08:00,27.4,76.0,1012.8180916156772,34,9.334
2026-06-11 14:30:00+08:00,26.41,76.5,993.8445510170333,18,8.038
2026-06-11 14:35:00+08:00,26.55,77.0,1014.8710104183892,36,8.93
2026-06-11 14:40:00+08:00,26.76,72.7,1042.8974698197453,39,9.311
2026-06-11 14:45:00+08:00,26.06,78.5,1040.9239292211014,25,8.103
2026-06-11 14:50:00+08:00,26.54,75.6,1030.9503886224575,25,8.602
2026-06-11 14:55:00+08:00,26.68,76.7,1004.9768480238134,21,8.816
2026-06-11 15:00:00+08:00,27.27,70.7,1001.0033074251695,29,8.743
2026-06-11 15:05:00+08:00,26.73,75.8,1022.0297668265256,39,8.871
2026-06-11 15:10:00+08:00,27.31,76.9,1028.0562262278816,30,8.801
2026-06-11 15:15:00+08:00,27.32,75.1,1043.0826856292376,29,8.535
2026-06-11 15:20:00+08:00,26.6,73.1,1034.1091450305937,23,8.413
2026-06-11 15:25:00+08:00,26.98,71.0,1028.1356044319498,28,8.758
2026-06-11 15:30:00+08:00,27.05,80.4,1037.1620638333059,27,8.274
2026-06-11 15:35:00+08:00,26.62,76.9,1033.1885232346617,26,8.386
2026-06-11 15:40:00+08:00,26.65,74.4,1019.2149826360179,24,8.298
2026-06-11 15:45:00+08:00,26.11,79.9,1030.2414420373739,34,8.682
2026-06-11 15:50:00+08:00,27.22,72.3,1016.26790143873,22,8.629
2026-06-11 15:55:00+08:00,26.31,76.6,1002.294360840086,23,8.591
2026-06-11 16:00:00+08:00,26.3,76.2,1032.320820241442,42,9.175
2026-06-11 16:05:00+08:00,26.29,71.7,1052.3472796427982,35,8.784
2026-06-11 16:10:00+08:00,25.91,80.4,1060.373739044154,31,8.603
2026-06-11 16:15:00+08:00,26.52,73.6,1063.4001984455101,30,8.283
2026-06-11 16:20:00+08:00,26.83,76.7,1083.4266578468662,41,9.148
2026-06-11 16:25:00+08:00,26.23,79.1,1075.4531172482223,26,8.423
2026-06-11 16:30:00+08:00,26.05,74.2,1086.4795766495783,39,8.776
2026-06-11 16:35:00+08:00,26.1,77.1,1062.5060360509344,18,8.459
2026-06-11 16:40:00+08:00,26.84,74.8,1077.5324954522903,36,8.508
2026-06-11 16:45:00+08:00,26.27,76.5,1074.5589548536464,30,8.544
2026-06-11 16:50:00+08:00,26.1,73.9,1062.5854142550024,23,8.772
2026-06-11 16:55:00+08:00,26.44,76.9,1060.6118736563585,31,8.383
2026-06-11 17:00:00+08:00,26.76,76.4,1073.6383330577146,30,8.608
2026-06-11 17:05:00+08:00,26.86,77.2,1073.6647924590707,34,8.597
2026-06-11 17:10:00+08:00,26.5,76.1,1058.6912518604267,26,8.573
2026-06-11 17:15:00+08:00,26.11,76.9,1066.7177112617826,34,8.507
2026-06-11 17:20:00+08:00,26.9,75.2,1051.7441706631387,26,8.523
2026-06-11 17:25:00+08:00,26.83,74.1,1042.7706300644948,24,8.425
2026-06-11 17:30:00+08:00,26.22,77.0,1021.7970894658508,19,8.103
2026-06-11 17:35:00+08:00,26.96,74.4,1018.8235488672069,31,8.794
2026-06-11 17:40:00+08:00,26.48,76.4,1005.8500082685629,20,8.338
2026-06-11 17:45:00+08:00,26.27,75.9,988.876467669919,19,7.876
2026-06-11 17:50:00+08:00,25.34,73.1,992.902927071275,34,8.471
2026-06-11 17:55:00+08:00,26.02,77.6,1002.9293864726311,28,8.34
2026-06-11 18:00:00+08:00,29.96,67.6,947.9558458739871,0,3.585
2026-06-11 18:05:00+08:00,29.42,73.8,895.9823052753432,0,3.524
2026-06-11 18:10:00+08:00,29.97,66.9,845.0087646766992,0,3.491
2026-06-11 18:15:00+08:00,29.43,70.8,804.0352240780552,0,3.819
2026-06-11 18:20:00+08:00,29.16,68.4,775.0616834794113,0,3.616
2026-06-11 18:25:00+08:00,29.87,70.0,741.0881428807674,0,3.828
2026-06-11 18:30:00+08:00,29.37,71.5,709.1146022821233,0,3.643
2026-06-11 18:35:00+08:00,28.99,68.9,678.1410616834794,0,3.676
2026-06-11 18:40:00+08:00,29.49,70.1,644.1675210848355,0,3.395
2026-06-11 18:45:00+08:00,28.08,71.9,619.1939804861915,0,3.355
2026-06-11 18:50:00+08:00,28.77,72.8,600.2204398875475,0,3.21
2026-06-11 18:55:00+08:00,29.38,67.4,584.2468992889036,0,3.544
2026-06-11 19:00:00+08:00,29.46,70.1,576.2733586902597,0,3.352
2026-06-11 19:05:00+08:00,28.81,73.1,562.2998180916156,0,3.567
2026-06-11 19:10:00+08:00,28.9,72.3,556.3262774929717,0,3.697
2026-06-11 19:15:00+08:00,28.09,67.7,543.3527368943278,0,3.444
2026-06-11 19:20:00+08:00,29.13,70.6,535.3791962956838,0,3.726
2026-06-11 19:25:00+08:00,28.71,69.0,527.4056556970398,0,3.652
2026-06-11 19:25:00+08:00,28.71,69.0,527.4056556970398,0,3.652
2026-06-11 19:30:00+08:00,28.06,71.0,523.4321150983959,0,3.07
2026-06-11 19:35:00+08:00,28.03,69.2,504.45857449975193,0,3.248
2026-06-11 19:40:00+08:00,28.19,72.7,500.485033901108,0,3.022
2026-06-11 19:45:00+08:00,29.27,72.8,483.51149330246403,0,3.821
2026-06-11 19:50:00+08:00,28.59,66.6,480.53795270382005,0,3.412
2026-06-11 19:55:00+08:00,27.93,68.2,475.56441210517613,0,3.05
2026-06-11 20:00:00+08:00,28.06,70.3,474.59087150653215,0,2.893
2026-06-11 20:05:00+08:00,27.86,72.4,472.61733090788823,0,3.011
2026-06-11 20:10:00+08:00,27.76,75.2,473.64379030924425,0,3.375
2026-06-11 20:15:00+08:00,28.08,69.9,470.6702497106003,0,3.426
2026-06-11 20:20:00+08:00,27.35,74.4,464.69670911195635,0,2.943
2026-06-11 20:25:00+08:00,27.39,73.4,463.7231685133124,0,3.058
2026-06-11 20:30:00+08:00,27.92,69.3,467.74962791466845,0,3.224
2026-06-11 20:35:00+08:00,27.65,75.1,473.7760873160245,0,3.276
2026-06-11 20:40:00+08:00,28.06,74.9,466.8025467173805,0,2.959
2026-06-11 20:45:00+08:00,27.03,70.5,471.8290061187366,0,2.889
2026-06-11 20:50:00+08:00,27.24,75.1,475.8554655200926,0,3.015
2026-06-11 20:55:00+08:00,27.49,75.7,476.8819249214487,0,2.94
2026-06-11 21:00:00+08:00,27.8,70.9,470.9083843228047,0,2.564
2026-06-11 21:05:00+08:00,27.74,71.3,468.9348437241607,0,3.028
2026-06-11 21:10:00+08:00,26.05,79.9,469.9613031255168,0,2.401
2026-06-11 21:15:00+08:00,27.15,76.9,464.9877625268728,0,2.87
2026-06-11 21:20:00+08:00,27.31,74.6,464.0142219282289,0,3.097
2026-06-11 21:25:00+08:00,27.16,75.6,457.0406813295849,0,2.707
2026-06-11 21:30:00+08:00,26.36,78.7,460.067140730941,0,2.605
2026-06-11 21:35:00+08:00,27.04,76.0,461.093600132297,0,2.549
2026-06-11 21:40:00+08:00,26.44,75.4,454.12005953365303,0,2.806
2026-06-11 21:45:00+08:00,26.17,78.7,445.1465189350091,0,2.733
2026-06-11 21:50:00+08:00,26.11,75.7,451.17297833636513,0,2.351
2026-06-11 21:55:00+08:00,25.92,77.5,457.19943773772115,0,2.495
2026-06-11 22:00:00+08:00,26.77,73.9,454.22589713907723,0,2.58
2026-06-11 22:05:00+08:00,26.41,73.9,451.25235654043325,0,2.685
2026-06-11 22:10:00+08:00,25.75,76.9,456.27881594178933,0,2.467
2026-06-11 22:15:00+08:00,25.83,73.1,450.30527534314535,0,2.42
2026-06-11 22:20:00+08:00,26.52,77.1,461.33173474450143,0,2.573
2026-06-11 22:25:00+08:00,26.06,73.1,460.35819414585745,0,2.364
2026-06-11 22:30:00+08:00,26.11,75.0,452.3846535472135,0,2.788
2026-06-11 22:35:00+08:00,25.71,73.8,452.41111294856955,0,2.662
2026-06-11 22:40:00+08:00,26.0,79.4,449.4375723499256,0,2.448
2026-06-11 22:45:00+08:00,25.46,74.5,452.46403175128165,0,2.497
2026-06-11 22:50:00+08:00,26.81,75.0,457.4904911526377,0,2.332
2026-06-11 22:55:00+08:00,25.57,76.6,452.5169505539937,0,2.619
2026-06-11 23:00:00+08:00,26.03,77.2,450.5434099553498,0,2.415
2026-06-11 23:05:00+08:00,25.86,76.4,445.5698693567058,0,2.355
2026-06-11 23:05:00+08:00,25.86,76.4,445.5698693567058,0,2.355
2026-06-11 23:10:00+08:00,24.87,74.0,446.5963287580619,0,2.407
2026-06-11 23:15:00+08:00,25.75,78.7,440.6227881594179,0,2.494
2026-06-11 23:20:00+08:00,25.03,79.2,437.6492475607739,0,2.126
2026-06-11 23:25:00+08:00,25.02,78.7,426.67570696213,0,2.406
2026-06-11 23:30:00+08:00,25.22,77.5,426.702166363486,0,2.367
2026-06-11 23:35:00+08:00,24.52,79.8,437.7286257648421,0,2.056
2026-06-11 23:40:00+08:00,25.02,78.2,445.7550851661981,0,2.066
2026-06-11 23:45:00+08:00,24.71,81.0,440.78154456755414,0,2.064
2026-06-11 23:50:00+08:00,24.52,84.0,443.8080039689102,0,2.343
2026-06-11 23:55:00+08:00,24.78,76.0,441.83446337026623,0,1.838
2026-06-12 00:00:00+08:00,25.58,80.8,448.8609227716223,0,2.284
2026-06-12 00:05:00+08:00,24.66,82.3,441.88738217297833,0,1.764
2026-06-12 00:10:00+08:00,24.31,80.8,450.91384157433436,0,1.736
2026-06-12 00:15:00+08:00,25.06,75.7,449.94030097569043,0,1.868
2026-06-12 00:20:00+08:00,24.47,79.5,446.96676037704646,0,1.781
2026-06-12 00:25:00+08:00,24.63,75.7,444.99321977840253,0,2.037
2026-06-12 00:30:00+08:00,25.22,75.0,446.01967917975855,0,2.355
2026-06-12 00:35:00+08:00,24.27,76.4,444.0461385811146,0,1.915
2026-06-12 00:40:00+08:00,24.54,79.9,436.07259798247065,0,1.944
2026-06-12 00:45:00+08:00,23.44,81.0,430.0990573838267,0,1.758
2026-06-12 00:50:00+08:00,24.86,82.2,425.12551678518275,0,2.044
2026-06-12 00:55:00+08:00,24.54,80.3,429.1519761865388,0,2.242
2026-06-12 01:00:00+08:00,25.24,75.1,440.1784355878948,0,2.496
2026-06-12 01:05:00+08:00,24.04,77.6,441.2048949892509,0,2.25
2026-06-12 01:10:00+08:00,24.4,78.5,445.2313543906069,0,1.923
2026-06-12 01:15:00+08:00,23.87,80.4,439.257813791963,0,1.857
2026-06-12 01:20:00+08:00,23.66,83.7,439.284273193319,0,1.655
2026-06-12 01:25:00+08:00,23.23,84.5,444.3107325946751,0,1.735
2026-06-12 01:30:00+08:00,24.03,79.3,442.3371919960311,0,1.987
2026-06-12 01:35:00+08:00,24.67,77.0,434.3636513973871,0,1.88
2026-06-12 01:40:00+08:00,24.13,76.9,431.3901107987432,0,1.711
2026-06-12 01:45:00+08:00,24.2,80.7,434.4165702000992,0,1.915
2026-06-12 01:50:00+08:00,24.67,79.3,430.4430296014553,0,1.729
2026-06-12 01:55:00+08:00,23.92,79.8,425.4694890028113,0,1.785
2026-06-12 02:00:00+08:00,24.0,80.0,424.49594840416734,0,1.762
2026-06-12 02:05:00+08:00,23.59,78.0,417.5224078055234,0,1.911
2026-06-12 02:10:00+08:00,24.4,81.1,413.54886720687944,0,1.909
2026-06-12 02:10:00+08:00,24.4,81.1,413.54886720687944,0,1.909
2026-06-12 02:15:00+08:00,24.5,85.0,412.5753266082355,0,1.952
2026-06-12 02:20:00+08:00,23.32,78.0,408.60178600959154,0,1.607
2026-06-12 02:25:00+08:00,23.24,79.5,413.62824541094756,0,1.354
2026-06-12 02:30:00+08:00,23.95,77.4,420.65470481230363,0,1.892
2026-06-12 02:35:00+08:00,24.27,81.4,419.68116421365966,0,2.111
2026-06-12 02:40:00+08:00,23.69,79.6,420.70762361501573,0,1.58
2026-06-12 02:45:00+08:00,22.65,78.6,414.73408301637176,0,1.572
2026-06-12 02:50:00+08:00,23.2,82.9,419.7605424177278,0,1.559
2026-06-12 02:55:00+08:00,23.76,80.6,426.78700181908386,0,2.101
2026-06-12 03:00:00+08:00,24.61,81.7,429.8134612204399,0,2.189
2026-06-12 03:05:00+08:00,24.0,77.2,426.83992062179595,0,1.811
2026-06-12 03:10:00+08:00,23.63,79.0,429.866380023152,0,1.676
2026-06-12 03:15:00+08:00,23.81,81.6,436.892839424508,0,1.652
2026-06-12 03:20:00+08:00,23.95,82.1,440.9192988258641,0,1.849
2026-06-12 03:25:00+08:00,24.47,77.8,444.9457582272201,0,1.702
2026-06-12 03:30:00+08:00,23.62,80.9,447.9722176285762,0,1.704
2026-06-12 03:35:00+08:00,23.93,81.9,453.9986770299322,0,1.694
2026-06-12 03:40:00+08:00,24.29,80.3,454.0251364312882,0,1.758
2026-06-12 03:45:00+08:00,24.11,80.5,443.0515958326443,0,2.195
2026-06-12 03:50:00+08:00,24.31,78.5,444.0780552340003,0,2.113
2026-06-12 03:55:00+08:00,23.81,79.9,446.1045146353564,0,1.697
2026-06-12 04:00:00+08:00,24.58,84.6,450.1309740367124,0,1.888
2026-06-12 04:05:00+08:00,24.55,73.7,452.15743343806844,0,1.854
2026-06-12 04:10:00+08:00,23.21,81.5,452.1838928394245,0,1.808
2026-06-12 04:15:00+08:00,24.09,79.5,444.21035224078054,0,1.732
2026-06-12 04:20:00+08:00,23.08,79.4,448.2368116421366,0,1.978
2026-06-12 04:25:00+08:00,23.9,77.4,448.26327104349264,0,1.611
2026-06-12 04:30:00+08:00,24.41,81.0,448.2897304448487,0,2.107
2026-06-12 04:35:00+08:00,23.81,80.2,446.31618984620474,0,1.801
2026-06-12 04:40:00+08:00,23.8,81.8,442.34264924756076,0,1.686
2026-06-12 04:45:00+08:00,23.72,80.1,437.36910864891684,0,2.155
2026-06-12 04:50:00+08:00,24.37,82.5,436.39556805027286,0,2.132
2026-06-12 04:55:00+08:00,23.24,85.0,434.4220274516289,0,1.788
2026-06-12 05:00:00+08:00,24.49,79.2,436.44848685298496,0,1.936
2026-06-12 05:05:00+08:00,23.77,78.9,437.474946254341,0,1.811
2026-06-12 05:10:00+08:00,24.76,74.7,436.50140565569706,0,2.165
2026-06-12 05:15:00+08:00,24.75,77.7,435.5278650570531,0,2.048
2026-06-12 05:20:00+08:00,24.28,74.1,436.55432445840916,0,1.726
2026-06-12 05:25:00+08:00,24.46,79.6,439.5807838597652,0,1.975
2026-06-12 05:30:00+08:00,24.93,78.8,442.6072432611212,0,1.873
2026-06-12 05:35:00+08:00,25.1,76.8,450.6337026624773,0,2.337
2026-06-12 05:40:00+08:00,25.24,78.7,452.6601620638333,0,2.283
2026-06-12 05:45:00+08:00,24.37,76.1,449.6866214651894,0,1.997
2026-06-12 05:50:00+08:00,25.22,74.7,449.7130808665454,0,2.148
2026-06-12 05:55:00+08:00,25.53,80.1,449.7395402679014,0,1.837
2026-06-12 06:00:00+08:00,24.75,82.1,454.7659996692575,0,2.058
2026-06-12 06:05:00+08:00,24.89,78.3,448.7924590706135,0,2.493
2026-06-12 06:10:00+08:00,26.0,76.0,442.8189184719696,0,2.156
2026-06-12 06:15:00+08:00,25.65,72.7,438.8453778733256,0,2.545
2026-06-12 06:20:00+08:00,25.47,79.9,435.87183727468164,0,2.336
2026-06-12 06:25:00+08:00,24.52,81.4,432.8982966760377,0,2.066
2026-06-12 06:30:00+08:00,24.97,78.3,428.92475607739374,0,1.992
2026-06-12 06:35:00+08:00,25.22,77.7,436.9512154787498,0,2.124
2026-06-12 06:40:00+08:00,25.82,78.7,436.97767488010584,0,2.134
2026-06-12 06:45:00+08:00,24.69,76.1,438.00413428146186,0,1.913
2026-06-12 06:50:00+08:00,25.88,76.1,433.03059368281794,0,2.28
2026-06-12 06:55:00+08:00,25.5,75.4,439.05705308417396,0,1.967
2026-06-12 07:00:00+08:00,25.76,76.7,434.08351248553004,0,2.491
2026-06-12 07:05:00+08:00,25.6,77.3,443.10997188688606,0,2.583
2026-06-12 07:10:00+08:00,26.23,73.4,447.1364312882421,0,2.555
2026-06-12 07:15:00+08:00,25.61,77.5,461.16289068959816,0,2.669
2026-06-12 07:20:00+08:00,25.96,75.5,449.1893500909542,0,2.192
2026-06-12 07:25:00+08:00,25.7,76.9,457.21580949231026,0,2.295
2026-06-12 07:30:00+08:00,26.09,79.6,458.2422688936663,0,2.387
2026-06-12 07:35:00+08:00,26.26,73.2,452.2687282950223,0,2.497
2026-06-12 07:40:00+08:00,25.97,76.0,450.2951876963784,0,2.541
2026-06-12 07:45:00+08:00,26.14,79.9,449.3216470977344,0,2.47
2026-06-12 07:50:00+08:00,25.71,71.8,446.3481064990905,0,2.576
2026-06-12 07:55:00+08:00,26.26,74.0,450.3745659004465,0,2.819
2026-06-12 08:00:00+08:00,22.73,84.2,514.4010253018025,29,7.708
2026-06-12 08:05:00+08:00,22.73,84.0,592.4274847031586,42,7.907
2026-06-12 08:10:00+08:00,22.0,84.3,649.4539441045147,29,7.355
2026-06-12 08:15:00+08:00,22.91,80.4,698.4804035058706,31,7.276
2026-06-12 08:20:00+08:00,22.75,77.0,713.5068629072267,26,7.425
2026-06-12 08:25:00+08:00,23.11,75.8,744.5333223085828,25,7.45
2026-06-12 08:30:00+08:00,22.63,79.3,765.5597817099388,24,7.164
2026-06-12 08:35:00+08:00,22.96,83.1,825.5862411112948,39,7.886
2026-06-12 08:40:00+08:00,22.52,76.7,854.6127005126509,32,7.7
2026-06-12 08:45:00+08:00,23.65,82.3,870.639159914007,28,7.671
2026-06-12 08:50:00+08:00,23.66,80.6,883.665619315363,28,7.618
2026-06-12 08:55:00+08:00,23.27,76.4,905.692078716719,34,7.712
2026-06-12 09:00:00+08:00,23.85,78.3,953.7185381180751,45,8.257
2026-06-12 09:05:00+08:00,23.91,78.0,961.7449975194311,26,7.665
2026-06-12 09:10:00+08:00,23.29,76.6,966.7714569207872,28,7.462
2026-06-12 09:15:00+08:00,23.52,82.1,952.7979163221432,17,7.284
2026-06-12 09:20:00+08:00,23.91,79.1,956.8243757234992,22,7.597
2026-06-12 09:25:00+08:00,24.2,80.9,936.8508351248553,18,7.352
2026-06-12 09:30:00+08:00,24.1,77.6,974.8772945262114,42,8.412
2026-06-12 09:35:00+08:00,23.59,77.4,968.9037539275674,27,7.707
2026-06-12 09:40:00+08:00,23.59,80.8,983.9302133289234,33,7.794
2026-06-12 09:45:00+08:00,24.51,77.9,973.9566727302795,22,7.733
2026-06-12 09:50:00+08:00,23.99,82.8,972.9831321316356,25,7.541
2026-06-12 09:55:00+08:00,24.83,79.3,985.0095915329915,28,7.982
2026-06-12 10:00:00+08:00,24.1,76.6,990.0360509343476,28,7.659
2026-06-12 10:05:00+08:00,24.37,77.3,982.0625103357037,23,7.548
2026-06-12 10:10:00+08:00,24.43,77.1,1006.0889697370596,35,8.159
2026-06-12 10:15:00+08:00,23.88,80.7,1015.1154291384157,33,7.808
2026-06-12 10:20:00+08:00,25.35,76.3,1024.1418885397718,32,8.427
2026-06-12 10:25:00+08:00,24.71,84.3,1015.1683479411279,24,7.923
2026-06-12 10:30:00+08:00,25.64,76.5,1002.1948073424838,21,7.941
2026-06-12 10:35:00+08:00,24.25,79.8,1009.2212667438399,32,7.873
2026-06-12 10:40:00+08:00,25.15,75.9,1032.2477261451959,35,8.079
2026-06-12 10:45:00+08:00,25.16,72.5,1055.274185546552,36,8.661
2026-06-12 10:50:00+08:00,25.16,82.3,1067.300644947908,34,8.185
2026-06-12 10:55:00+08:00,25.75,79.2,1072.3271043492641,32,8.421
2026-06-12 11:00:00+08:00,25.25,73.9,1076.3535637506202,32,8.316
2026-06-12 11:05:00+08:00,25.48,81.7,1075.3800231519763,29,8.129
2026-06-12 11:10:00+08:00,25.67,75.3,1044.4064825533321,18,7.719
2026-06-12 11:15:00+08:00,25.76,73.0,1042.4329419546882,28,8.393
2026-06-12 11:20:00+08:00,25.18,80.1,1054.4594013560443,34,8.561
2026-06-12 11:25:00+08:00,25.24,79.7,1051.4858607574004,24,8.335
2026-06-12 11:30:00+08:00,25.04,79.2,1039.5123201587564,23,8.416
2026-06-12 11:35:00+08:00,25.8,78.5,1040.5387795601125,29,8.174
2026-06-12 11:40:00+08:00,25.66,75.6,1038.5652389614686,28,8.349
2026-06-12 11:45:00+08:00,25.57,76.9,1034.5916983628244,26,8.238
2026-06-12 11:50:00+08:00,26.72,76.1,1026.6181577641805,25,8.248
2026-06-12 11:55:00+08:00,25.95,70.9,1022.6446171655366,27,8.164
2026-06-12 12:00:00+08:00,25.79,75.8,985.6710765668927,11,8.13
2026-06-12 12:05:00+08:00,26.23,73.3,951.6975359682488,11,7.802
2026-06-12 12:10:00+08:00,25.92,75.2,912.7239953696047,7,7.307
2026-06-12 12:15:00+08:00,26.39,79.5,880.7504547709608,9,7.594
2026-06-12 12:20:00+08:00,26.81,75.1,860.7769141723169,10,7.829
2026-06-12 12:25:00+08:00,25.79,79.1,847.8033735736728,11,7.769
2026-06-12 12:30:00+08:00,26.62,73.5,823.8298329750289,10,7.988
2026-06-12 12:35:00+08:00,26.39,79.8,805.856292376385,10,7.898
2026-06-12 12:40:00+08:00,26.34,76.1,792.8827517777411,10,8.073
2026-06-12 12:45:00+08:00,26.41,76.4,793.909211179097,12,7.937
2026-06-12 12:50:00+08:00,26.13,79.0,773.9356705804531,9,7.596
2026-06-12 12:55:00+08:00,26.8,69.5,771.9621299818092,11,8.144
2026-06-12 13:00:00+08:00,26.06,80.0,817.9885893831652,40,8.838
2026-06-12 13:05:00+08:00,26.59,78.0,846.0150487845212,31,8.899
2026-06-12 13:10:00+08:00,26.23,74.2,868.0415081858773,28,8.625
2026-06-12 13:15:00+08:00,26.49,78.4,881.0679675872334,22,8.398
2026-06-12 13:20:00+08:00,26.64,74.5,865.0944269885894,13,8.373
2026-06-12 13:25:00+08:00,26.62,70.6,875.1208863899454,27,8.428
2026-06-12 13:30:00+08:00,26.84,75.1,879.1473457913015,20,8.366
2026-06-12 13:35:00+08:00,26.8,74.3,880.1738051926575,22,8.619
2026-06-12 13:40:00+08:00,26.84,71.8,880.2002645940136,22,8.159
2026-06-12 13:45:00+08:00,26.8,75.2,890.2267239953696,24,8.5
2026-06-12 13:50:00+08:00,26.54,75.8,926.2531833967256,40,8.931
2026-06-12 13:55:00+08:00,26.78,72.8,937.2796427980817,26,8.563
2026-06-12 14:00:00+08:00,27.15,76.0,928.3061021994378,21,8.186
2026-06-12 14:05:00+08:00,26.77,78.5,938.3325616007937,27,8.089
2026-06-12 14:10:00+08:00,26.48,75.6,949.3590210021498,27,8.972
2026-06-12 14:15:00+08:00,26.47,71.5,982.3854804035059,39,8.878
2026-06-12 14:20:00+08:00,26.74,75.4,982.411939804862,27,8.888
2026-06-12 14:25:00+08:00,26.48,77.3,986.4383992062179,26,8.289
2026-06-12 14:30:00+08:00,26.63,74.5,984.464858607574,24,8.205
2026-06-12 14:35:00+08:00,27.26,70.4,990.4913180089301,32,8.815
2026-06-12 14:40:00+08:00,27.17,73.0,995.517777410286,26,8.679
2026-06-12 14:45:00+08:00,27.23,75.6,983.5442368116421,22,8.695
2026-06-12 14:50:00+08:00,26.79,68.0,990.5706962129982,32,8.635
2026-06-12 14:55:00+08:00,26.89,75.1,992.5971556143543,30,8.876
2026-06-12 15:00:00+08:00,26.89,79.0,978.6236150157102,21,8.593
2026-06-12 15:05:00+08:00,26.64,74.0,988.6500744170663,30,8.647
2026-06-12 15:10:00+08:00,26.71,75.0,1020.6765338184224,42,9.356
2026-06-12 15:15:00+08:00,26.79,75.6,1026.7029932197784,30,8.968
2026-06-12 15:20:00+08:00,26.67,72.7,1026.7294526211344,30,8.687
2026-06-12 15:25:00+08:00,26.66,73.7,1036.7559120224905,30,8.791
2026-06-12 15:30:00+08:00,26.84,75.8,1024.7823714238466,24,8.326
2026-06-12 15:35:00+08:00,26.43,74.1,997.8088308252026,15,8.448
2026-06-12 15:40:00+08:00,26.77,77.9,986.8352902265586,26,8.491
2026-06-12 15:45:00+08:00,26.93,77.4,1015.8617496279147,35,9.44
2026-06-12 15:50:00+08:00,27.32,72.6,1007.8882090292707,24,8.626
2026-06-12 15:55:00+08:00,27.07,69.9,985.9146684306268,17,8.335
2026-06-12 16:00:00+08:00,26.95,74.4,974.9411278319828,21,8.602
2026-06-12 16:00:00+08:00,26.95,74.4,974.9411278319828,21,8.602
2026-06-12 16:05:00+08:00,26.33,73.5,972.9675872333388,28,8.494
2026-06-12 16:10:00+08:00,27.04,74.6,983.9940466346949,31,8.738
2026-06-12 16:15:00+08:00,26.56,72.0,952.020506036051,13,8.191
2026-06-12 16:20:00+08:00,26.87,73.7,953.0469654374069,24,8.581
2026-06-12 16:25:00+08:00,26.41,73.1,977.073424838763,33,8.358
2026-06-12 16:30:00+08:00,26.96,74.6,971.0998842401191,23,8.563
2026-06-12 16:35:00+08:00,26.96,73.1,992.1263436414752,32,8.834
2026-06-12 16:40:00+08:00,26.23,72.8,992.1528030428311,22,8.4
2026-06-12 16:45:00+08:00,25.89,72.1,1035.179262444187,43,8.775
2026-06-12 16:50:00+08:00,26.45,77.1,1049.2057218455432,31,8.333
2026-06-12 16:55:00+08:00,26.81,80.0,1031.2321812468992,19,7.997
2026-06-12 17:00:00+08:00,26.58,71.9,1035.2586406482553,25,8.4
2026-06-12 17:00:00+08:00,26.58,71.9,1035.2586406482553,25,8.4
2026-06-12 17:05:00+08:00,26.02,78.0,1033.2851000496114,30,8.397
2026-06-12 17:10:00+08:00,25.75,76.6,1040.3115594509675,32,8.434
2026-06-12 17:15:00+08:00,26.04,74.5,1033.3380188523236,21,8.079
2026-06-12 17:20:00+08:00,26.28,74.3,1042.3644782536794,33,8.838
2026-06-12 17:25:00+08:00,26.33,71.3,1048.3909376550355,29,8.287
2026-06-12 17:30:00+08:00,25.86,74.2,1062.4173970563916,33,8.757
2026-06-12 17:35:00+08:00,25.93,75.2,1067.4438564577476,33,8.556
2026-06-12 17:40:00+08:00,25.47,73.0,1088.4703158591037,36,8.719
2026-06-12 17:45:00+08:00,26.47,77.3,1083.4967752604598,28,8.721
2026-06-12 17:50:00+08:00,25.6,74.9,1050.5232346618159,14,8.001
2026-06-12 17:55:00+08:00,26.0,74.3,1040.5496940631717,23,7.951
2026-06-12 18:00:00+08:00,29.7,69.1,979.5761534645279,0,3.611
2026-06-12 18:05:00+08:00,30.75,70.2,927.6026128658839,0,3.946
2026-06-12 18:10:00+08:00,29.3,68.2,878.62907226724,0,3.053
2026-06-12 18:15:00+08:00,29.34,68.3,830.655531668596,0,3.536
2026-06-12 18:20:00+08:00,30.03,66.9,801.681991069952,0,3.639
2026-06-12 18:25:00+08:00,29.07,74.7,776.7084504713081,0,3.367
2026-06-12 18:30:00+08:00,30.5,64.7,745.7349098726642,0,3.885
2026-06-12 18:35:00+08:00,28.73,69.4,715.7613692740201,0,3.577
2026-06-12 18:40:00+08:00,29.3,68.9,685.7878286753762,0,3.436
2026-06-12 18:45:00+08:00,29.71,71.7,661.8142880767323,0,3.387
2026-06-12 18:50:00+08:00,29.04,72.3,640.8407474780884,0,3.66
2026-06-12 18:55:00+08:00,28.31,73.7,623.8672068794443,0,3.384
2026-06-12 19:00:00+08:00,28.73,68.2,607.8936662808004,0,3.133
2026-06-12 19:05:00+08:00,28.17,75.3,595.9201256821565,0,2.907
2026-06-12 19:10:00+08:00,28.82,72.6,583.9465850835124,0,3.723
2026-06-12 19:15:00+08:00,28.34,72.0,571.9730444848685,0,3.16
2026-06-12 19:20:00+08:00,28.69,73.7,565.9995038862246,0,3.423
2026-06-12 19:25:00+08:00,28.51,69.5,558.0259632875806,0,3.046
2026-06-12 19:30:00+08:00,28.47,69.1,551.0524226889366,0,3.094
2026-06-12 19:35:00+08:00,28.52,72.4,535.0788820902927,0,3.283
2026-06-12 19:40:00+08:00,27.86,70.6,527.1053414916488,0,3.487
2026-06-12 19:45:00+08:00,28.83,73.3,518.1318008930048,0,3.701
2026-06-12 19:50:00+08:00,28.65,69.2,517.1582602943608,0,3.534
2026-06-12 19:55:00+08:00,28.13,71.5,508.18471969571686,0,3.294
2026-06-12 20:00:00+08:00,27.86,73.0,495.21117909707294,0,3.273
2026-06-12 20:05:00+08:00,28.62,69.8,486.23763849842896,0,3.536
2026-06-12 20:05:00+08:00,28.62,69.8,486.23763849842896,0,3.536
2026-06-12 20:10:00+08:00,27.42,70.5,481.26409789978504,0,3.079
2026-06-12 20:15:00+08:00,27.79,69.9,481.29055730114106,0,3.029
2026-06-12 20:20:00+08:00,27.39,74.5,476.3170167024971,0,3.188
2026-06-12 20:25:00+08:00,27.7,72.9,472.34347610385316,0,3.127
2026-06-12 20:30:00+08:00,28.33,76.6,470.3699355052092,0,3.434
2026-06-12 20:35:00+08:00,27.37,72.9,457.39639490656526,0,3.135
2026-06-12 20:40:00+08:00,27.58,75.1,468.4228543079213,0,3.081
2026-06-12 20:45:00+08:00,27.74,75.6,466.4493137092773,0,2.932
2026-06-12 20:50:00+08:00,27.41,71.0,464.4757731106334,0,2.799
2026-06-12 20:55:00+08:00,27.14,70.6,463.5022325119894,0,2.925
2026-06-12 21:00:00+08:00,27.57,73.1,468.5286919133455,0,2.773
2026-06-12 21:05:00+08:00,27.61,77.3,470.5551513147015,0,2.769
2026-06-12 21:10:00+08:00,27.3,75.9,468.5816107160575,0,2.74
2026-06-12 21:15:00+08:00,27.44,71.9,471.6080701174136,0,3.03
2026-06-12 21:20:00+08:00,26.64,77.9,468.6345295187696,0,2.884
2026-06-12 21:25:00+08:00,27.43,74.2,472.6609889201257,0,2.804
2026-06-12 21:30:00+08:00,26.47,75.8,474.6874483214817,0,2.713
2026-06-12 21:35:00+08:00,26.86,76.9,461.71390772283775,0,2.717
2026-06-12 21:40:00+08:00,26.98,73.6,451.7403671241938,0,2.585
2026-06-12 21:45:00+08:00,26.84,73.6,454.76682652554985,0,2.749
2026-06-12 21:50:00+08:00,26.75,76.1,455.7932859269059,0,2.622
2026-06-12 21:55:00+08:00,26.55,73.6,452.81974532826194,0,2.688
2026-06-12 22:00:00+08:00,26.16,73.8,446.84620472961797,0,2.573
2026-06-12 22:05:00+08:00,26.22,75.6,443.87266413097404,0,2.523
2026-06-12 22:10:00+08:00,26.94,76.9,454.89912353233007,0,2.589
2026-06-12 22:15:00+08:00,26.48,72.8,453.92558293368614,0,2.884
2026-06-12 22:20:00+08:00,26.36,77.9,459.95204233504217,0,2.533
2026-06-12 22:25:00+08:00,25.94,73.1,464.97850173639824,0,2.363
2026-06-12 22:30:00+08:00,26.37,72.5,464.00496113775426,0,2.681
2026-06-12 22:35:00+08:00,26.06,74.6,465.0314205391103,0,2.645
2026-06-12 22:40:00+08:00,26.37,72.9,469.05787994046636,0,2.352
2026-06-12 22:45:00+08:00,26.02,78.2,460.0843393418224,0,2.456
2026-06-12 22:50:00+08:00,25.65,74.0,458.1107987431784,0,2.523
2026-06-12 22:55:00+08:00,26.03,78.2,456.1372581445345,0,2.479
2026-06-12 23:00:00+08:00,25.95,76.2,458.1637175458905,0,2.318
2026-06-12 23:05:00+08:00,24.56,78.7,466.1901769472466,0,1.963
2026-06-12 23:10:00+08:00,25.7,77.1,465.2166363486026,0,2.457
2026-06-12 23:15:00+08:00,25.07,82.6,460.2430957499587,0,1.942
2026-06-12 23:20:00+08:00,25.3,74.8,450.2695551513147,0,2.145
2026-06-12 23:25:00+08:00,25.0,80.8,448.2960145526707,0,2.061
2026-06-12 23:30:00+08:00,24.82,82.3,443.3224739540268,0,2.178
2026-06-12 23:35:00+08:00,25.28,74.9,442.3489333553828,0,2.543
2026-06-12 23:40:00+08:00,25.26,74.3,438.3753927567389,0,2.371
2026-06-12 23:45:00+08:00,24.67,83.5,441.4018521580949,0,2.149
2026-06-12 23:50:00+08:00,25.16,74.8,451.42831155945095,0,2.477
2026-06-12 23:55:00+08:00,25.06,77.8,452.454770960807,0,1.894
2026-06-13 00:00:00+08:00,25.47,76.5,452.48123036216305,0,2.385
2026-06-13 00:05:00+08:00,25.04,83.6,443.5076897635191,0,1.881
2026-06-13 00:10:00+08:00,25.02,77.3,448.53414916487515,0,2.148
2026-06-13 00:15:00+08:00,25.23,80.6,443.56060856623117,0,1.966
2026-06-13 00:20:00+08:00,24.22,76.8,445.58706796758725,0,2.532
2026-06-13 00:25:00+08:00,24.07,77.5,441.61352736894327,0,1.98
2026-06-13 00:30:00+08:00,24.78,80.0,441.63998677029934,0,2.308
2026-06-13 00:35:00+08:00,24.38,80.4,445.66644617165537,0,1.687
2026-06-13 00:40:00+08:00,24.33,82.9,439.6929055730114,0,1.57
2026-06-13 00:45:00+08:00,24.55,82.4,443.71936497436747,0,1.842
2026-06-13 00:50:00+08:00,24.67,77.5,448.7458243757235,0,1.74
2026-06-13 00:55:00+08:00,24.45,77.6,455.77228377707956,0,1.828
2026-06-13 01:00:00+08:00,23.88,82.2,452.7987431784356,0,2.047
2026-06-13 01:05:00+08:00,24.62,80.8,450.8252025797916,0,1.942
2026-06-13 01:10:00+08:00,24.03,77.0,456.8516619811477,0,2.01
2026-06-13 01:15:00+08:00,24.24,80.8,448.8781213825037,0,1.943
2026-06-13 01:20:00+08:00,24.03,77.8,450.9045807838598,0,1.675
2026-06-13 01:25:00+08:00,24.11,77.6,447.9310401852158,0,2.055
2026-06-13 01:30:00+08:00,24.27,79.1,449.9574995865718,0,1.889
2026-06-13 01:35:00+08:00,24.39,80.7,446.9839589879279,0,2.099
2026-06-13 01:40:00+08:00,24.37,76.0,448.0104183892839,0,1.958
2026-06-13 01:45:00+08:00,23.72,79.2,445.03687779064,0,1.474
2026-06-13 01:50:00+08:00,23.97,77.2,447.063337191996,0,2.382
2026-06-13 01:55:00+08:00,24.41,80.5,450.08979659335205,0,1.813
2026-06-13 02:00:00+08:00,24.12,79.8,457.1162559947081,0,1.591
2026-06-13 02:05:00+08:00,23.73,82.5,451.14271539606415,0,1.89
2026-06-13 02:10:00+08:00,23.73,79.6,441.1691747974202,0,1.963
2026-06-13 02:15:00+08:00,23.83,76.5,432.19563419877625,0,1.903
2026-06-13 02:20:00+08:00,22.99,78.7,433.2220936001323,0,1.493
2026-06-13 02:25:00+08:00,23.51,83.3,440.24855300148835,0,1.972
2026-06-13 02:30:00+08:00,24.5,75.4,445.27501240284437,0,1.678
2026-06-13 02:35:00+08:00,24.38,77.1,443.30147180420045,0,1.536
2026-06-13 02:40:00+08:00,24.16,78.2,433.32793120555647,0,1.984
2026-06-13 02:45:00+08:00,24.21,76.4,438.3543906069125,0,1.815
2026-06-13 02:50:00+08:00,23.73,82.6,438.38085000826857,0,2.193
2026-06-13 02:55:00+08:00,23.59,84.7,449.4073094096246,0,1.365
2026-06-13 03:00:00+08:00,23.67,81.0,444.43376881098067,0,1.904
2026-06-13 03:05:00+08:00,23.9,78.5,436.4602282123367,0,1.947
2026-06-13 03:10:00+08:00,23.9,81.4,436.48668761369277,0,2.061
2026-06-13 03:15:00+08:00,24.35,77.0,433.5131470150488,0,2.042
2026-06-13 03:20:00+08:00,23.81,80.7,432.5396064164048,0,1.616
2026-06-13 03:25:00+08:00,24.09,78.6,432.5660658177609,0,1.585
2026-06-13 03:30:00+08:00,23.57,76.4,436.5925252191169,0,1.878
2026-06-13 03:35:00+08:00,23.91,80.6,435.618984620473,0,1.959
2026-06-13 03:40:00+08:00,23.96,82.2,431.645444021829,0,1.994
2026-06-13 03:45:00+08:00,23.64,82.1,438.67190342318503,0,1.877
2026-06-13 03:50:00+08:00,24.19,79.3,440.6983628245411,0,1.715
2026-06-13 03:55:00+08:00,24.29,75.8,434.7248222258971,0,1.856
2026-06-13 04:00:00+08:00,23.66,82.3,434.7512816272532,0,1.87
2026-06-13 04:05:00+08:00,24.14,79.3,437.7777410286092,0,1.92
2026-06-13 04:10:00+08:00,23.89,76.4,429.80420042996525,0,1.83
2026-06-13 04:15:00+08:00,24.16,79.0,438.8306598313213,0,1.846
2026-06-13 04:20:00+08:00,24.23,76.6,441.85711923267735,0,1.726
2026-06-13 04:25:00+08:00,24.41,77.0,442.8835786340334,0,2.216
2026-06-13 04:30:00+08:00,24.05,76.8,443.91003803538945,0,1.864
2026-06-13 04:35:00+08:00,24.25,80.8,439.93649743674547,0,2.184
2026-06-13 04:40:00+08:00,24.49,81.1,437.96295683810155,0,1.972
2026-06-13 04:45:00+08:00,24.53,80.0,433.98941623945757,0,1.912
2026-06-13 04:50:00+08:00,25.26,79.1,435.01587564081365,0,1.993
2026-06-13 04:55:00+08:00,24.8,75.5,436.04233504216967,0,1.919
2026-06-13 05:00:00+08:00,24.18,80.7,442.0687944435257,0,2.034
2026-06-13 05:05:00+08:00,24.53,84.1,443.09525384488177,0,1.976
2026-06-13 05:10:00+08:00,23.93,77.2,451.1217132462378,0,1.585
2026-06-13 05:15:00+08:00,24.19,78.8,451.14817264759387,0,1.768
2026-06-13 05:20:00+08:00,25.18,75.0,454.1746320489499,0,2.09
2026-06-13 05:25:00+08:00,24.93,77.3,440.20109145030597,0,1.99
2026-06-13 05:30:00+08:00,24.86,78.8,449.227550851662,0,2.07
2026-06-13 05:35:00+08:00,24.62,77.6,457.254010253018,0,1.856
2026-06-13 05:40:00+08:00,25.34,78.9,447.2804696543741,0,2.441
2026-06-13 05:45:00+08:00,24.22,84.3,449.3069290557301,0,2.174
2026-06-13 05:50:00+08:00,24.55,81.9,451.33338845708613,0,2.072
2026-06-13 05:55:00+08:00,24.11,79.0,456.3598478584422,0,1.846
2026-06-13 06:00:00+08:00,24.38,77.3,459.38630725979823,0,2.22
2026-06-13 06:05:00+08:00,25.37,71.6,464.4127666611543,0,2.045
2026-06-13 06:10:00+08:00,24.81,80.3,460.43922606251033,0,1.955
2026-06-13 06:15:00+08:00,24.73,79.1,455.4656854638664,0,1.85
2026-06-13 06:20:00+08:00,24.82,77.1,455.49214486522243,0,2.353
2026-06-13 06:25:00+08:00,24.77,79.8,455.51860426657845,0,2.062
2026-06-13 06:30:00+08:00,25.65,77.5,449.5450636679345,0,2.625
2026-06-13 06:35:00+08:00,24.76,78.8,448.57152306929055,0,2.097
2026-06-13 06:40:00+08:00,24.56,82.2,448.59798247064657,0,2.118
2026-06-13 06:45:00+08:00,25.62,80.9,444.62444187200265,0,2.244
2026-06-13 06:50:00+08:00,25.8,76.3,443.65090127335867,0,1.95
2026-06-13 06:55:00+08:00,25.98,78.2,439.67736067471475,0,2.469
2026-06-13 07:00:00+08:00,25.2,78.8,440.70382007607077,0,1.997
2026-06-13 07:05:00+08:00,26.12,74.6,444.73027947742685,0,2.636
2026-06-13 07:10:00+08:00,26.05,70.1,457.75673887878287,0,2.577
2026-06-13 07:15:00+08:00,25.21,76.0,459.7831982801389,0,2.467
2026-06-13 07:20:00+08:00,25.98,74.1,456.80965768149497,0,2.375
2026-06-13 07:25:00+08:00,25.92,74.5,454.836117082851,0,2.529
2026-06-13 07:30:00+08:00,25.74,79.3,451.86257648420707,0,2.442
2026-06-13 07:35:00+08:00,25.91,78.6,452.8890358855631,0,2.744
2026-06-13 07:40:00+08:00,26.16,78.8,445.9154952869191,0,2.301
2026-06-13 07:45:00+08:00,26.52,78.8,447.9419546882752,0,2.78
2026-06-13 07:50:00+08:00,26.24,73.5,451.9684140896312,0,2.689
2026-06-13 07:55:00+08:00,25.95,77.2,456.9948734909873,0,2.657
2026-06-13 08:00:00+08:00,25.8,75.4,449.0213328923433,0,3.031
2026-06-13 08:05:00+08:00,26.0,76.6,447.04779229369933,0,2.75
2026-06-13 08:10:00+08:00,26.83,74.9,439.0742516950554,0,2.774
2026-06-13 08:15:00+08:00,26.8,72.5,439.10071109641143,0,2.486
2026-06-13 08:20:00+08:00,26.51,74.6,441.1271704977675,0,2.8
2026-06-13 08:25:00+08:00,26.75,72.1,439.15362989912353,0,2.571
2026-06-13 08:30:00+08:00,26.75,75.1,444.1800893004796,0,2.798
2026-06-13 08:35:00+08:00,27.08,78.3,452.20654870183563,0,2.835
2026-06-13 08:40:00+08:00,26.79,74.3,457.23300810319165,0,2.83
2026-06-13 08:45:00+08:00,27.47,71.3,457.25946750454773,0,2.777
2026-06-13 08:50:00+08:00,26.47,77.5,467.28592690590375,0,2.823
2026-06-13 08:55:00+08:00,27.46,75.4,466.31238630725977,0,3.068
2026-06-13 09:00:00+08:00,27.14,73.4,463.33884570861585,0,2.829
2026-06-13 09:05:00+08:00,27.61,71.6,461.36530510997187,0,2.98
2026-06-13 09:10:00+08:00,27.73,76.5,453.39176451132795,0,2.878
2026-06-13 09:15:00+08:00,27.58,74.9,458.41822391268397,0,2.98
2026-06-13 09:20:00+08:00,28.14,76.0,458.44468331404005,0,3.215
2026-06-13 09:25:00+08:00,27.46,74.9,463.47114271539607,0,2.941
2026-06-13 09:30:00+08:00,27.88,70.7,461.4976021167521,0,3.044
2026-06-13 09:35:00+08:00,28.09,70.3,461.52406151810817,0,3.054
2026-06-13 09:40:00+08:00,28.43,67.1,459.5505209194642,0,3.391
2026-06-13 09:45:00+08:00,27.67,76.4,458.5769803208202,0,2.969
2026-06-13 09:50:00+08:00,27.36,74.8,462.6034397221763,0,3.086
2026-06-13 09:55:00+08:00,29.16,67.9,457.6298991235323,0,3.603
2026-06-13 10:00:00+08:00,27.4,69.6,466.6563585248884,0,2.889
2026-06-13 10:05:00+08:00,27.89,70.2,474.6828179262444,0,3.126
2026-06-13 10:10:00+08:00,27.96,74.8,472.7092773276005,0,2.998
2026-06-13 10:15:00+08:00,28.18,74.1,475.7357367289565,0,3.052
2026-06-13 10:20:00+08:00,28.09,70.5,476.76219613031253,0,3.448
2026-06-13 10:25:00+08:00,28.61,69.7,476.7886555316686,0,3.586
2026-06-13 10:30:00+08:00,28.88,69.7,482.81511493302463,0,3.627
2026-06-13 10:35:00+08:00,28.54,72.4,481.8415743343807,0,3.526
2026-06-13 10:40:00+08:00,28.46,71.9,478.86803373573673,0,3.277
2026-06-13 10:45:00+08:00,28.37,67.4,484.89449313709275,0,3.799
2026-06-13 10:50:00+08:00,28.84,68.4,490.92095253844883,0,3.361
2026-06-13 10:55:00+08:00,28.96,68.2,490.94741193980485,0,3.028
2026-06-13 11:00:00+08:00,28.66,71.8,486.97387134116093,0,3.08
2026-06-13 11:05:00+08:00,29.18,66.5,476.00033074251695,0,3.353
2026-06-13 11:10:00+08:00,29.71,68.6,473.026790143873,0,3.599
2026-06-13 11:15:00+08:00,28.6,74.8,466.05324954522905,0,3.671
2026-06-13 11:20:00+08:00,29.13,71.3,465.0797089465851,0,3.386
2026-06-13 11:25:00+08:00,29.06,69.4,464.10616834794115,0,3.439
2026-06-13 11:30:00+08:00,29.39,69.5,465.13262774929717,0,3.637
2026-06-13 11:35:00+08:00,29.25,66.4,467.1590871506532,0,3.337
2026-06-13 11:40:00+08:00,29.43,70.1,470.18554655200927,0,3.483
2026-06-13 11:45:00+08:00,28.48,70.2,467.2120059533653,0,3.286
2026-06-13 11:50:00+08:00,30.12,66.4,467.23846535472137,0,3.668
2026-06-13 11:55:00+08:00,30.11,69.0,465.2649247560774,0,3.637
2026-06-13 12:00:00+08:00,29.36,68.6,465.2913841574334,0,3.629
2026-06-13 12:05:00+08:00,29.44,69.4,465.3178435587895,0,3.554
2026-06-13 12:10:00+08:00,29.4,72.2,466.3443029601455,0,3.556
2026-06-13 12:15:00+08:00,30.01,72.7,465.3707623615016,0,3.672
2026-06-13 12:20:00+08:00,30.13,70.6,460.3972217628576,0,3.628
2026-06-13 12:25:00+08:00,30.12,70.4,460.4236811642137,0,3.753
2026-06-13 12:30:00+08:00,30.08,69.4,457.4501405655697,0,3.608
2026-06-13 12:30:00+08:00,30.08,69.4,457.4501405655697,0,3.608
2026-06-13 12:35:00+08:00,30.17,66.4,453.47659996692573,0,3.876
2026-06-13 12:40:00+08:00,30.23,64.9,461.5030593682818,0,3.839
2026-06-13 12:45:00+08:00,29.75,69.5,455.52951876963783,0,3.808
2026-06-13 12:50:00+08:00,29.67,65.6,456.55597817099385,0,3.848
2026-06-13 12:55:00+08:00,30.03,70.0,451.58243757234993,0,4.04
2026-06-13 13:00:00+08:00,29.99,65.0,462.60889697370595,0,3.654
2026-06-13 13:05:00+08:00,30.19,65.7,457.63535637506203,0,3.969
2026-06-13 13:10:00+08:00,29.95,67.8,456.66181577641805,0,3.763
2026-06-13 13:15:00+08:00,30.34,70.9,453.68827517777413,0,3.958
2026-06-13 13:20:00+08:00,30.32,70.6,450.71473457913015,0,3.646
2026-06-13 13:25:00+08:00,31.05,66.2,452.7411939804862,0,4.207
2026-06-13 13:30:00+08:00,29.97,68.2,457.76765338184225,0,3.631
2026-06-13 13:35:00+08:00,30.62,69.6,462.7941127831983,0,4.012
2026-06-13 13:40:00+08:00,30.22,69.9,466.8205721845543,0,4.005
2026-06-13 13:45:00+08:00,30.43,66.4,471.8470315859104,0,4.09
2026-06-13 13:50:00+08:00,30.54,70.7,461.8734909872664,0,3.91
2026-06-13 13:55:00+08:00,30.4,72.0,457.89995038862247,0,3.68
2026-06-13 14:00:00+08:00,30.98,68.4,460.9264097899785,0,3.794
2026-06-13 14:05:00+08:00,30.66,65.0,466.95286919133457,0,4.04
2026-06-13 14:10:00+08:00,30.19,65.5,460.9793285926906,0,3.789
2026-06-13 14:15:00+08:00,30.9,69.6,454.0057879940466,0,4.026
2026-06-13 14:20:00+08:00,30.27,68.0,455.0322473954027,0,3.984
2026-06-13 14:25:00+08:00,30.55,69.5,450.0587067967587,0,3.911
2026-06-13 14:30:00+08:00,30.38,69.0,451.0851661981148,0,3.987
2026-06-13 14:35:00+08:00,29.85,70.2,464.1116255994708,0,4.064
2026-06-13 14:40:00+08:00,31.02,64.0,463.13808500082683,0,4.25
2026-06-13 14:45:00+08:00,30.64,68.1,463.1645444021829,0,3.938
2026-06-13 14:50:00+08:00,30.99,67.7,467.19100380353893,0,4.001
2026-06-13 14:55:00+08:00,31.12,64.2,466.217463204895,0,3.83
2026-06-13 15:00:00+08:00,30.63,68.9,473.24392260625103,0,3.671
2026-06-13 15:05:00+08:00,31.36,64.0,469.27038200760705,0,4.076
2026-06-13 15:10:00+08:00,30.91,68.5,473.29684140896313,0,4.162
2026-06-13 15:10:00+08:00,30.91,68.5,473.29684140896313,0,4.162
2026-06-13 15:15:00+08:00,30.59,68.9,477.32330081031915,0,4.102
2026-06-13 15:20:00+08:00,31.06,66.3,473.34976021167523,0,4.205
2026-06-13 15:25:00+08:00,31.13,68.1,473.37621961303125,0,3.823
2026-06-13 15:30:00+08:00,30.92,69.5,471.40267901438733,0,3.957
2026-06-13 15:35:00+08:00,30.92,65.3,477.42913841574335,0,4.12
2026-06-13 15:40:00+08:00,30.57,67.4,468.4555978170994,0,3.987
2026-06-13 15:45:00+08:00,30.59,70.9,469.48205721845545,0,4.129
2026-06-13 15:50:00+08:00,30.66,68.2,475.5085166198115,0,3.849
2026-06-13 15:55:00+08:00,30.07,70.2,469.5349760211675,0,3.639
2026-06-13 16:00:00+08:00,30.51,65.3,469.5614354225236,0,3.915
2026-06-13 16:05:00+08:00,29.44,70.5,463.5878948238796,0,3.906
2026-06-13 16:10:00+08:00,31.19,66.4,453.6143542252357,0,3.83
2026-06-13 16:15:00+08:00,29.89,67.7,460.6408136265917,0,3.374
2026-06-13 16:20:00+08:00,30.22,67.9,471.6672730279478,0,4.072
2026-06-13 16:25:00+08:00,30.04,70.7,474.6937324293038,0,3.84
2026-06-13 16:30:00+08:00,30.64,67.6,472.7201918306598,0,3.835
2026-06-13 16:35:00+08:00,30.48,68.2,467.7466512320159,0,4.127
2026-06-13 16:40:00+08:00,30.41,68.6,463.7731106333719,0,4.067
2026-06-13 16:45:00+08:00,30.79,63.9,461.79957003472794,0,3.778
2026-06-13 16:50:00+08:00,29.76,68.3,466.826029436084,0,3.743
2026-06-13 16:55:00+08:00,30.41,69.1,465.85248883744003,0,4.075
2026-06-13 17:00:00+08:00,30.2,70.1,461.8789482387961,0,3.428
2026-06-13 17:05:00+08:00,29.97,64.9,461.90540764015213,0,3.695
2026-06-13 17:10:00+08:00,28.79,70.0,457.9318670415082,0,3.513
2026-06-13 17:15:00+08:00,29.9,71.7,461.95832644286423,0,3.52
2026-06-13 17:20:00+08:00,30.4,68.4,461.98478584422026,0,4.127
2026-06-13 17:25:00+08:00,30.04,66.6,459.01124524557633,0,3.765
2026-06-13 17:30:00+08:00,30.38,69.6,456.03770464693235,0,3.874
2026-06-13 17:35:00+08:00,29.88,69.0,442.0641640482884,0,3.578
2026-06-13 17:40:00+08:00,29.24,71.9,445.09062344964445,0,3.648
2026-06-13 17:45:00+08:00,29.58,70.1,443.1170828510005,0,3.742
2026-06-13 17:50:00+08:00,29.76,67.7,449.14354225235655,0,3.746
2026-06-13 17:55:00+08:00,29.64,67.8,450.1700016537126,0,3.599
2026-06-13 18:00:00+08:00,29.85,72.8,447.19646105506865,0,3.551
2026-06-13 18:05:00+08:00,29.49,72.5,447.2229204564247,0,3.911
2026-06-13 18:10:00+08:00,29.81,69.4,441.2493798577807,0,3.508
2026-06-13 18:15:00+08:00,29.78,72.4,443.2758392591368,0,3.73
2026-06-13 18:20:00+08:00,29.41,71.1,437.3022986604928,0,3.613
2026-06-13 18:25:00+08:00,29.96,65.1,437.3287580618489,0,3.907
2026-06-13 18:30:00+08:00,29.03,74.5,442.3552174632049,0,3.489
2026-06-13 18:35:00+08:00,30.4,69.7,451.3816768645609,0,3.77
2026-06-13 18:40:00+08:00,29.53,73.4,455.408136265917,0,3.587
2026-06-13 18:45:00+08:00,29.42,71.6,455.434595667273,0,3.348
2026-06-13 18:50:00+08:00,29.25,69.7,445.4610550686291,0,3.406
2026-06-13 18:55:00+08:00,28.96,68.4,453.4875144699851,0,3.193
2026-06-13 19:00:00+08:00,29.67,69.5,457.51397387134114,0,3.259
2026-06-13 19:05:00+08:00,28.43,66.3,458.5404332726972,0,3.425
2026-06-13 19:10:00+08:00,28.57,69.2,458.56689267405324,0,2.824
2026-06-13 19:15:00+08:00,28.34,77.4,459.5933520754093,0,3.167
2026-06-13 19:20:00+08:00,28.76,71.6,468.61981147676534,0,3.532
2026-06-13 19:25:00+08:00,28.67,74.6,472.6462708781214,0,3.229
2026-06-13 19:30:00+08:00,29.07,69.5,465.67273027947743,0,3.37
2026-06-13 19:35:00+08:00,29.4,69.9,464.69918968083346,0,3.47
2026-06-13 19:40:00+08:00,28.23,70.4,467.72564908218953,0,3.319
2026-06-13 19:45:00+08:00,28.63,72.2,474.75210848354556,0,3.345
2026-06-13 19:50:00+08:00,27.96,80.1,463.7785678849016,0,3.057
2026-06-13 19:55:00+08:00,28.42,71.6,469.80502728625765,0,3.38
2026-06-13 20:00:00+08:00,28.06,68.3,462.8314866876137,0,3.022
2026-06-13 20:05:00+08:00,27.82,75.8,459.85794608896975,0,3.06
2026-06-13 20:10:00+08:00,27.99,73.6,450.8844054903258,0,3.159
2026-06-13 20:15:00+08:00,28.05,74.1,451.91086489168185,0,3.028
2026-06-13 20:20:00+08:00,28.18,69.2,447.9373242930379,0,3.363
2026-06-13 20:25:00+08:00,28.8,72.4,453.9637836943939,0,3.055
2026-06-13 20:30:00+08:00,28.22,72.9,457.99024309575,0,2.982
2026-06-13 20:35:00+08:00,27.21,72.1,454.016702497106,0,2.643
2026-06-13 20:40:00+08:00,28.13,76.4,444.043161898462,0,3.243
2026-06-13 20:45:00+08:00,27.45,73.3,452.0696212998181,0,3.155
2026-06-13 20:50:00+08:00,27.3,73.5,451.0960807011741,0,2.977
2026-06-13 20:55:00+08:00,27.37,72.6,445.1225401025302,0,2.933
2026-06-13 21:00:00+08:00,27.3,69.0,445.1489995038862,0,2.631
2026-06-13 21:05:00+08:00,27.75,70.0,445.1754589052423,0,3.124
2026-06-13 21:10:00+08:00,27.23,68.0,435.2019183065983,0,2.725
2026-06-13 21:15:00+08:00,26.37,77.3,441.22837770795434,0,2.705
2026-06-13 21:20:00+08:00,27.15,73.9,439.2548371093104,0,2.743
2026-06-13 21:25:00+08:00,26.58,72.8,446.28129651066644,0,2.701
2026-06-13 21:30:00+08:00,26.75,75.1,441.3077559120225,0,2.879
2026-06-13 21:35:00+08:00,26.41,77.9,446.33421531337854,0,2.332
2026-06-13 21:40:00+08:00,27.37,75.4,446.36067471473456,0,3.071
2026-06-13 21:45:00+08:00,26.46,73.2,449.38713411609064,0,2.668
2026-06-13 21:50:00+08:00,25.48,72.9,454.41359351744666,0,2.499
2026-06-13 21:55:00+08:00,26.49,76.6,447.44005291880273,0,2.714
2026-06-13 22:00:00+08:00,25.93,74.0,446.46651232015876,0,2.66
2026-06-13 22:05:00+08:00,26.83,75.4,454.4929717215148,0,2.862
2026-06-13 22:10:00+08:00,26.09,76.8,451.51943112287086,0,2.609
2026-06-13 22:15:00+08:00,25.38,74.5,456.5458905242269,0,2.223
2026-06-13 22:20:00+08:00,25.82,73.5,444.57234992558296,0,2.44
2026-06-13 22:25:00+08:00,26.2,77.6,444.598809326939,0,2.596
2026-06-13 22:30:00+08:00,26.18,78.8,434.625268728295,0,2.615
2026-06-13 22:35:00+08:00,25.96,74.5,441.6517281296511,0,3.031
2026-06-13 22:40:00+08:00,25.9,75.7,442.6781875310071,0,2.538
2026-06-13 22:45:00+08:00,25.37,76.1,439.7046469323632,0,2.151
2026-06-13 22:50:00+08:00,25.94,76.9,438.7311063337192,0,2.623
2026-06-13 22:55:00+08:00,26.38,72.1,437.7575657350752,0,2.462
2026-06-13 23:00:00+08:00,24.91,81.3,433.7840251364313,0,2.074
2026-06-13 23:05:00+08:00,25.23,78.0,429.8104845377873,0,2.246
2026-06-13 23:10:00+08:00,25.64,77.4,434.8369439391434,0,2.252
2026-06-13 23:15:00+08:00,25.24,83.4,428.8634033404994,0,2.391
2026-06-13 23:20:00+08:00,25.35,77.9,439.8898627418555,0,2.27
2026-06-13 23:25:00+08:00,24.96,79.3,442.9163221432115,0,1.891
2026-06-13 23:30:00+08:00,25.72,81.4,442.94278154456754,0,2.135
2026-06-13 23:35:00+08:00,25.71,75.5,436.9692409459236,0,2.17
2026-06-13 23:40:00+08:00,25.35,74.3,433.99570034727964,0,2.294
2026-06-13 23:45:00+08:00,25.18,81.1,434.02215974863566,0,1.992
2026-06-13 23:50:00+08:00,24.62,80.8,437.04861914999174,0,2.056
2026-06-13 23:55:00+08:00,25.52,78.3,440.07507855134776,0,2.544
2026-06-14 00:00:00+08:00,25.02,75.6,456.10153795270384,0,2.164
2026-06-14 00:05:00+08:00,25.79,76.2,454.12799735405986,0,2.427
2026-06-14 00:10:00+08:00,24.87,80.6,455.15445675541594,0,2.14
2026-06-14 00:15:00+08:00,24.14,-999.0,450.18091615677196,0,1.879
2026-06-14 00:20:00+08:00,25.11,77.6,449.207375558128,0,2.065
2026-06-14 00:25:00+08:00,24.63,79.3,443.23383495948406,0,1.99
2026-06-14 00:30:00+08:00,24.95,78.5,444.2602943608401,0,2.152
2026-06-14 00:35:00+08:00,24.65,77.0,441.2867537621961,0,1.921
2026-06-14 00:40:00+08:00,24.65,81.1,437.3132131635522,0,1.991
2026-06-14 00:45:00+08:00,24.46,75.4,444.3396725649082,0,2.159
2026-06-14 00:50:00+08:00,24.9,77.5,441.3661319662643,0,2.25
2026-06-14 00:55:00+08:00,24.85,77.6,441.3925913676203,0,2.304
2026-06-14 01:00:00+08:00,24.39,78.7,447.4190507689764,0,1.866
2026-06-14 01:00:00+08:00,24.39,78.7,447.4190507689764,0,1.866
2026-06-14 01:05:00+08:00,25.05,78.3,457.4455101703324,0,1.952
2026-06-14 01:10:00+08:00,24.14,76.1,449.4719695716884,0,1.946
2026-06-14 01:15:00+08:00,24.48,80.7,450.4984289730445,0,1.95
2026-06-14 01:20:00+08:00,24.13,79.0,445.5248883744005,0,2.085
2026-06-14 01:25:00+08:00,24.21,77.5,453.5513477757566,0,2.074
2026-06-14 01:30:00+08:00,25.26,75.7,458.5778071771126,0,2.304
2026-06-14 01:35:00+08:00,23.66,79.3,455.60426657846864,0,1.591
2026-06-14 01:40:00+08:00,23.88,84.2,455.6307259798247,0,1.862
2026-06-14 01:45:00+08:00,23.72,78.1,458.65718538118074,0,1.795
2026-06-14 01:50:00+08:00,24.22,74.0,455.6836447825368,0,1.99
2026-06-14 01:55:00+08:00,24.1,75.9,456.71010418389284,0,1.849
2026-06-14 02:00:00+08:00,24.41,82.0,459.73656358524886,0,2.072
2026-06-14 02:05:00+08:00,23.94,78.3,463.76302298660494,0,2.17
2026-06-14 02:10:00+08:00,24.22,79.0,460.78948238796096,0,2.053
2026-06-14 02:15:00+08:00,24.29,79.8,460.81594178931704,0,1.797
2026-06-14 02:20:00+08:00,23.8,80.8,450.84240119067306,0,1.588
2026-06-14 02:25:00+08:00,23.77,80.1,457.86886059202914,0,1.919
2026-06-14 02:30:00+08:00,23.29,83.0,457.89531999338516,0,1.583
2026-06-14 02:35:00+08:00,24.0,77.6,453.9217793947412,0,1.696
2026-06-14 02:40:00+08:00,23.85,84.5,450.94823879609726,0,1.695
2026-06-14 02:45:00+08:00,24.09,81.1,450.9746981974533,0,2.21
2026-06-14 02:50:00+08:00,24.08,80.0,455.0011575988093,0,1.933
2026-06-14 02:50:00+08:00,24.08,80.0,455.0011575988093,0,1.933
2026-06-14 02:55:00+08:00,24.66,78.6,447.0276170001654,0,2.167
2026-06-14 03:00:00+08:00,23.62,81.4,439.0540764015214,0,1.728
2026-06-14 03:05:00+08:00,23.55,82.2,438.0805358028775,0,1.634
2026-06-14 03:10:00+08:00,23.98,77.8,442.1069952042335,0,1.57
2026-06-14 03:15:00+08:00,23.67,78.0,442.1334546055896,0,1.886
2026-06-14 03:20:00+08:00,23.95,83.3,448.1599140069456,0,2.232
2026-06-14 03:25:00+08:00,23.64,80.4,443.1863734083016,0,1.972
2026-06-14 03:30:00+08:00,24.25,80.8,449.2128328096577,0,1.715
2026-06-14 03:35:00+08:00,23.7,81.9,450.2392922110137,0,1.607
2026-06-14 03:40:00+08:00,23.61,84.3,450.26575161236974,0,1.704
2026-06-14 03:45:00+08:00,23.7,78.5,452.2922110137258,0,1.755
2026-06-14 03:50:00+08:00,23.9,81.6,449.31867041508184,0,1.782
2026-06-14 03:55:00+08:00,24.31,76.2,452.3451298164379,0,2.038
2026-06-14 04:00:00+08:00,24.4,75.0,448.37158921779394,0,2.007
2026-06-14 04:05:00+08:00,23.54,85.5,443.39804861915,0,1.562
2026-06-14 04:10:00+08:00,23.76,82.0,443.42450802050604,0,1.396
2026-06-14 04:15:00+08:00,23.86,77.4,439.45096742186206,0,1.982
2026-06-14 04:20:00+08:00,23.93,83.4,442.47742682321814,0,1.576
2026-06-14 04:25:00+08:00,23.97,80.1,439.50388622457416,0,1.582
2026-06-14 04:30:00+08:00,24.19,77.0,443.53034562593024,0,2.134
2026-06-14 04:35:00+08:00,24.52,83.5,442.55680502728626,0,2.44
2026-06-14 04:40:00+08:00,24.29,76.5,438.5832644286423,0,1.777
2026-06-14 04:45:00+08:00,23.49,78.8,438.60972382999836,0,1.616
2026-06-14 04:50:00+08:00,24.7,79.7,439.6361832313544,0,2.044
2026-06-14 04:55:00+08:00,24.46,82.8,440.66264263271046,0,2.063
2026-06-14 05:00:00+08:00,24.04,81.8,439.6891020340665,0,1.946
2026-06-14 05:05:00+08:00,25.32,78.9,442.7155614354225,0,2.373
2026-06-14 05:10:00+08:00,24.41,78.9,442.7420208367786,0,2.078
2026-06-14 05:15:00+08:00,24.72,81.7,452.7684802381346,0,1.954
2026-06-14 05:20:00+08:00,24.77,73.8,449.7949396394907,0,2.136
2026-06-14 05:25:00+08:00,25.07,76.0,449.8213990408467,0,1.958
2026-06-14 05:30:00+08:00,24.28,77.0,451.8478584422027,0,2.063
2026-06-14 05:35:00+08:00,24.54,77.7,455.8743178435588,0,1.917
2026-06-14 05:40:00+08:00,25.02,81.9,452.9007772449148,0,2.285
2026-06-14 05:45:00+08:00,24.98,73.9,447.9272366462709,0,2.019
2026-06-14 05:50:00+08:00,24.17,82.6,440.9536960476269,0,1.888
2026-06-14 05:55:00+08:00,25.38,81.0,453.98015544898294,0,2.112
2026-06-14 06:00:00+08:00,25.91,74.9,454.006614850339,0,2.44
2026-06-14 06:05:00+08:00,25.32,75.9,453.03307425169504,0,2.335
2026-06-14 06:10:00+08:00,25.56,77.1,461.0595336530511,0,2.033
2026-06-14 06:15:00+08:00,24.21,77.8,460.08599305440714,0,1.852
2026-06-14 06:20:00+08:00,25.38,81.2,457.1124524557632,0,1.822
2026-06-14 06:25:00+08:00,25.31,82.3,455.13891185711924,0,2.047
2026-06-14 06:30:00+08:00,25.02,80.0,454.16537125847526,0,2.264
2026-06-14 06:35:00+08:00,24.97,80.8,454.19183065983134,0,1.738
2026-06-14 06:40:00+08:00,25.68,78.4,460.21829006118736,0,2.46
2026-06-14 06:45:00+08:00,25.15,79.9,459.2447494625434,0,2.308
2026-06-14 06:50:00+08:00,25.58,77.0,455.27120886389946,0,2.28
2026-06-14 06:55:00+08:00,25.9,70.2,450.2976682652555,0,2.707
2026-06-14 07:00:00+08:00,25.58,79.0,450.32412766661156,0,2.415
2026-06-14 07:05:00+08:00,26.51,75.2,455.3505870679676,0,2.719
2026-06-14 07:10:00+08:00,25.32,72.6,453.37704646932366,0,1.936
2026-06-14 07:15:00+08:00,25.37,73.8,454.4035058706797,0,2.392
2026-06-14 07:20:00+08:00,26.41,74.3,452.4299652720357,0,2.666
2026-06-14 07:25:00+08:00,25.91,74.4,443.4564246733918,0,2.332
2026-06-14 07:30:00+08:00,25.82,75.8,439.4828840747478,0,2.282
2026-06-14 07:35:00+08:00,26.34,75.9,452.5093434761038,0,2.316
2026-06-14 07:40:00+08:00,25.92,78.5,461.5358028774599,0,2.04
2026-06-14 07:45:00+08:00,25.7,79.8,458.5622622788159,0,2.376
2026-06-14 07:50:00+08:00,26.28,73.5,461.588721680172,0,2.725
2026-06-14 07:55:00+08:00,26.1,76.3,455.615181081528,0,2.342
2026-06-14 08:00:00+08:00,26.97,73.3,452.6416404828841,0,2.681
2026-06-14 08:05:00+08:00,26.44,77.4,454.6680998842401,0,2.674
2026-06-14 08:10:00+08:00,26.68,76.3,456.69455928559614,0,2.895
2026-06-14 08:15:00+08:00,26.35,72.8,455.7210186869522,0,2.824
2026-06-14 08:20:00+08:00,26.96,72.4,461.74747808830824,0,2.61
2026-06-14 08:25:00+08:00,26.56,73.8,464.7739374896643,0,2.763
2026-06-14 08:30:00+08:00,27.27,72.6,464.80039689102034,0,2.717
2026-06-14 08:35:00+08:00,26.79,74.3,460.82685629237636,0,2.742
2026-06-14 08:40:00+08:00,27.01,73.8,465.85331569373244,0,2.532
2026-06-14 08:45:00+08:00,27.34,70.9,462.87977509508846,0,2.962
2026-06-14 08:50:00+08:00,27.54,74.4,469.90623449644454,0,2.651
2026-06-14 08:55:00+08:00,26.81,73.8,469.93269389780056,0,2.75
2026-06-14 09:00:00+08:00,27.69,70.9,475.9591532991566,0,2.95
2026-06-14 09:05:00+08:00,27.38,74.7,475.98561270051266,0,3.06
2026-06-14 09:10:00+08:00,27.55,71.9,482.0120721018687,0,3.061
2026-06-14 09:15:00+08:00,27.14,73.6,475.03853150322476,0,2.967
2026-06-14 09:20:00+08:00,27.41,75.5,473.0649909045808,0,2.946
2026-06-14 09:25:00+08:00,27.69,71.0,475.09145030593686,0,2.775
2026-06-14 09:30:00+08:00,27.84,72.4,470.1179097072929,0,2.765
2026-06-14 09:35:00+08:00,28.32,72.4,465.1443691086489,0,2.938
2026-06-14 09:40:00+08:00,27.72,70.4,466.170828510005,0,3.049
2026-06-14 09:45:00+08:00,28.29,70.8,463.197287911361,0,2.944
2026-06-14 09:50:00+08:00,28.19,74.1,471.223747312717,0,3.315
2026-06-14 09:55:00+08:00,28.25,70.7,474.2502067140731,0,2.659
2026-06-14 10:00:00+08:00,28.17,70.3,471.2766661154291,0,3.269
2026-06-14 10:05:00+08:00,28.07,70.4,463.3031255167852,0,3.431
2026-06-14 10:10:00+08:00,27.94,69.7,461.3295849181412,0,3.256
2026-06-14 10:15:00+08:00,27.81,73.6,461.3560443194973,0,3.6
2026-06-14 10:20:00+08:00,28.15,74.4,464.3825037208533,0,3.415
2026-06-14 10:25:00+08:00,28.06,72.8,463.40896312220934,0,2.961
2026-06-14 10:30:00+08:00,29.13,71.3,475.4354225235654,0,3.16
2026-06-14 10:35:00+08:00,27.87,75.1,471.46188192492144,0,2.89
2026-06-14 10:40:00+08:00,29.18,65.2,464.48834132627746,0,3.211
2026-06-14 10:45:00+08:00,28.19,73.5,467.51480072763354,0,3.345
2026-06-14 10:50:00+08:00,28.4,72.7,458.54126012898956,0,3.115
2026-06-14 10:55:00+08:00,28.92,71.4,458.56771953034564,0,3.714
2026-06-14 11:00:00+08:00,29.94,73.6,464.59417893170166,0,3.709
2026-06-14 11:05:00+08:00,29.91,68.0,464.62063833305774,0,3.696
2026-06-14 11:10:00+08:00,28.73,69.1,464.64709773441376,0,3.502
2026-06-14 11:15:00+08:00,29.74,69.9,462.6735571357698,0,3.73
2026-06-14 11:20:00+08:00,29.3,71.8,456.70001653712586,0,3.667
2026-06-14 11:25:00+08:00,29.68,71.8,460.7264759384819,0,3.588
2026-06-14 11:30:00+08:00,29.49,72.0,463.7529353398379,0,3.446
2026-06-14 11:35:00+08:00,28.89,68.4,458.779394741194,0,3.502
2026-06-14 11:40:00+08:00,29.53,68.8,458.80585414255,0,3.563
2026-06-14 11:45:00+08:00,29.34,70.1,461.8323135439061,0,3.599
2026-06-14 11:50:00+08:00,29.46,66.9,452.8587729452621,0,3.609
2026-06-14 11:55:00+08:00,29.7,66.7,454.8852323466182,0,3.832
2026-06-14 12:00:00+08:00,29.66,66.7,452.9116917479742,0,3.762
2026-06-14 12:05:00+08:00,29.79,65.9,454.9381511493302,0,3.819
2026-06-14 12:10:00+08:00,30.08,69.6,453.9646105506863,0,3.835
2026-06-14 12:15:00+08:00,29.62,67.4,452.9910699520423,0,3.68
2026-06-14 12:20:00+08:00,29.63,72.0,458.0175293533984,0,3.585
2026-06-14 12:25:00+08:00,31.07,67.4,456.0439887547544,0,3.986
2026-06-14 12:30:00+08:00,29.31,72.7,453.07044815611044,0,3.668
2026-06-14 12:35:00+08:00,29.95,70.0,455.0969075574665,0,3.58
2026-06-14 12:40:00+08:00,29.85,69.4,456.12336695882254,0,3.484
2026-06-14 12:45:00+08:00,30.65,68.4,454.1498263601786,0,4.046
2026-06-14 12:50:00+08:00,30.06,67.7,441.17628576153464,0,3.686
2026-06-14 12:55:00+08:00,29.52,70.1,450.20274516289066,0,3.379
2026-06-14 13:00:00+08:00,30.55,68.5,457.22920456424674,0,4.1
2026-06-14 13:05:00+08:00,30.32,65.4,451.25566396560276,0,3.939
2026-06-14 13:10:00+08:00,30.57,68.9,447.28212336695884,0,3.907
2026-06-14 13:15:00+08:00,30.33,68.9,455.30858276831486,0,3.815
2026-06-14 13:20:00+08:00,30.2,69.8,461.33504216967094,0,3.588
2026-06-14 13:25:00+08:00,29.89,68.4,462.36150157102696,0,3.627
2026-06-14 13:30:00+08:00,30.48,66.9,459.387960972383,0,3.901
2026-06-14 13:35:00+08:00,30.31,68.4,451.41442037373906,0,3.78
2026-06-14 13:40:00+08:00,30.6,65.5,456.4408797750951,0,3.693
2026-06-14 13:45:00+08:00,31.23,65.2,457.4673391764511,0,4.223
2026-06-14 13:50:00+08:00,30.26,67.2,468.4937985778072,0,4.256
2026-06-14 13:55:00+08:00,30.64,65.1,462.5202579791632,0,4.196
2026-06-14 14:00:00+08:00,30.04,67.5,461.5467173805193,0,3.628
2026-06-14 14:05:00+08:00,30.08,67.4,457.5731767818753,0,3.793
2026-06-14 14:10:00+08:00,29.82,66.9,456.5996361832314,0,4.029
2026-06-14 14:15:00+08:00,30.78,66.5,461.6260955845874,0,3.997
2026-06-14 14:20:00+08:00,29.67,73.2,456.6525549859434,0,3.927
2026-06-14 14:25:00+08:00,29.96,68.8,454.6790143872995,0,3.966
2026-06-14 14:30:00+08:00,29.92,66.7,460.7054737886555,0,4.025
2026-06-14 14:35:00+08:00,31.33,66.4,465.73193319001155,0,3.924
2026-06-14 14:40:00+08:00,29.88,65.5,470.7583925913676,0,3.821
2026-06-14 14:45:00+08:00,31.01,67.7,462.78485199272365,0,4.458
2026-06-14 14:50:00+08:00,30.46,66.9,457.8113113940797,0,3.971
2026-06-14 14:55:00+08:00,31.45,64.1,453.83777079543574,0,4.36
2026-06-14 15:00:00+08:00,31.48,-999.0,459.8642301967918,0,4.277
2026-06-14 15:05:00+08:00,30.51,69.1,452.89068959814784,0,3.986
2026-06-14 15:10:00+08:00,30.67,65.1,447.91714899950387,0,3.83
2026-06-14 15:15:00+08:00,30.73,64.9,454.94360840085994,0,4.289
2026-06-14 15:20:00+08:00,30.97,71.2,458.97006780221597,0,3.932
2026-06-14 15:25:00+08:00,31.43,65.0,458.99652720357204,0,4.451
2026-06-14 15:30:00+08:00,30.11,68.0,458.02298660492806,0,3.92
2026-06-14 15:35:00+08:00,30.72,65.3,454.0494460062841,0,4.06
2026-06-14 15:40:00+08:00,31.58,64.6,457.07590540764016,0,4.065
2026-06-14 15:45:00+08:00,30.74,67.5,455.1023648089962,0,3.848
2026-06-14 15:50:00+08:00,30.07,76.7,462.12882421035226,0,3.757
2026-06-14 15:55:00+08:00,30.88,68.2,461.1552836117083,0,4.276
2026-06-14 16:00:00+08:00,30.73,72.9,455.1817430130643,0,4.068
2026-06-14 16:05:00+08:00,30.59,69.1,465.2082024144204,0,4.189
2026-06-14 16:10:00+08:00,31.17,69.9,463.2346618157764,0,4.26
2026-06-14 16:15:00+08:00,30.94,67.2,460.2611212171325,0,4.133
2026-06-14 16:20:00+08:00,31.67,67.3,463.2875806184885,0,4.465
2026-06-14 16:25:00+08:00,31.02,64.3,470.3140400198445,0,4.159
2026-06-14 16:30:00+08:00,29.78,67.2,458.3404994212006,0,3.796
2026-06-14 16:35:00+08:00,29.9,71.8,461.3669588225566,0,3.832
2026-06-14 16:40:00+08:00,30.03,64.9,467.3934182239127,0,3.885
2026-06-14 16:45:00+08:00,30.65,66.7,467.4198776252687,0,4.021
2026-06-14 16:50:00+08:00,30.19,67.7,478.44633702662475,0,3.691
2026-06-14 16:55:00+08:00,30.95,66.3,469.4727964279808,0,4.263
2026-06-14 17:00:00+08:00,29.91,71.9,460.49925582933685,0,4.029
2026-06-14 17:05:00+08:00,30.49,68.5,461.5257152306929,0,4.083
2026-06-14 17:10:00+08:00,29.96,66.4,463.55217463204895,0,3.821
2026-06-14 17:15:00+08:00,29.72,69.8,459.578634033405,0,3.814
2026-06-14 17:20:00+08:00,29.89,70.9,459.60509343476105,0,3.745
2026-06-14 17:25:00+08:00,30.43,64.8,462.63155283611707,0,3.966
2026-06-14 17:30:00+08:00,29.61,67.1,465.65801223747314,0,3.599
2026-06-14 17:35:00+08:00,30.56,66.2,474.68447163882917,0,4.022
2026-06-14 17:40:00+08:00,29.95,71.6,466.7109310401852,0,4.019
2026-06-14 17:45:00+08:00,29.89,67.6,472.73739044154127,0,3.619
2026-06-14 17:50:00+08:00,30.48,67.1,472.7638498428973,0,3.986
2026-06-14 17:55:00+08:00,29.4,68.7,466.79030924425336,0,3.473
2026-06-14 18:00:00+08:00,29.79,64.8,470.8167686456094,0,3.628
2026-06-14 18:05:00+08:00,29.59,69.4,471.84322804696546,0,3.672
2026-06-14 18:10:00+08:00,29.18,74.4,472.8696874483215,0,3.696
2026-06-14 18:15:00+08:00,29.61,70.5,468.8961468496775,0,3.731
2026-06-14 18:20:00+08:00,29.59,73.6,465.9226062510336,0,3.541
2026-06-14 18:25:00+08:00,29.75,64.7,467.9490656523896,0,3.678
2026-06-14 18:30:00+08:00,29.84,72.0,462.9755250537456,0,3.743
2026-06-14 18:35:00+08:00,29.33,68.1,468.0019844551017,0,3.423
2026-06-14 18:40:00+08:00,28.93,71.9,459.0284438564577,0,3.277
2026-06-14 18:45:00+08:00,29.19,72.8,453.0549032578138,0,3.602
2026-06-14 18:50:00+08:00,28.31,74.7,449.0813626591698,0,3.439
2026-06-14 18:55:00+08:00,29.21,69.1,457.1078220605259,0,3.678
2026-06-14 19:00:00+08:00,28.92,74.7,460.1342814618819,0,3.268
2026-06-14 19:05:00+08:00,28.95,69.8,461.16074086323795,0,3.455
2026-06-14 19:10:00+08:00,28.8,67.5,461.187200264594,0,3.368
2026-06-14 19:15:00+08:00,28.74,71.5,462.21365966595005,0,3.328
2026-06-14 19:20:00+08:00,29.24,71.6,467.2401190673061,0,3.843
2026-06-14 19:25:00+08:00,28.98,72.9,475.26657846866215,0,3.267
2026-06-14 19:30:00+08:00,28.79,71.3,475.29303787001817,0,3.381
2026-06-14 19:35:00+08:00,28.42,-999.0,479.31949727137425,0,3.283
2026-06-14 19:40:00+08:00,28.49,72.4,469.34595667273027,0,3.415
2026-06-14 19:45:00+08:00,28.27,72.7,469.37241607408635,0,3.05
2026-06-14 19:50:00+08:00,29.04,72.3,465.39887547544237,0,3.148
2026-06-14 19:55:00+08:00,28.05,77.2,463.4253348767984,0,3.154
2026-06-14 20:00:00+08:00,27.81,76.8,459.45179427815447,0,3.182
2026-06-14 20:05:00+08:00,28.11,72.6,464.4782536795105,0,3.265
2026-06-14 20:10:00+08:00,28.07,69.4,459.50471308086657,0,3.288
2026-06-14 20:15:00+08:00,28.18,71.4,460.5311724822226,0,3.137
2026-06-14 20:20:00+08:00,28.15,74.5,453.55763188357867,0,3.158
2026-06-14 20:25:00+08:00,27.69,67.5,455.5840912849347,0,2.927
2026-06-14 20:30:00+08:00,27.6,66.7,451.6105506862907,0,3.099
2026-06-14 20:35:00+08:00,27.81,75.4,454.6370100876468,0,3.033
2026-06-14 20:40:00+08:00,27.94,69.5,459.6634694890028,0,2.866
2026-06-14 20:45:00+08:00,28.03,76.1,460.68992889035883,0,3.467
2026-06-14 20:50:00+08:00,27.52,69.8,459.7163882917149,0,3.128
2026-06-14 20:55:00+08:00,26.92,74.0,456.7428476930709,0,2.72
2026-06-14 21:00:00+08:00,26.78,73.4,451.769307094427,0,2.749
2026-06-14 21:05:00+08:00,27.57,73.5,451.795766495783,0,2.876
2026-06-14 21:10:00+08:00,27.8,74.0,444.8222258971391,0,2.914
2026-06-14 21:15:00+08:00,26.97,75.7,447.8486852984951,0,2.797
2026-06-14 21:20:00+08:00,27.03,76.7,450.87514469985115,0,2.712
2026-06-14 21:25:00+08:00,27.35,72.4,459.9016041012072,0,2.85
2026-06-14 21:30:00+08:00,27.98,73.6,454.92806350256325,0,2.739
2026-06-14 21:35:00+08:00,26.75,73.3,460.95452290391927,0,2.794
2026-06-14 21:40:00+08:00,26.25,73.9,459.98098230527535,0,2.632
2026-06-14 21:45:00+08:00,27.09,78.5,462.00744170663137,0,3.15
2026-06-14 21:50:00+08:00,26.01,75.8,458.03390110798745,0,2.561
2026-06-14 21:55:00+08:00,26.05,74.6,454.06036050934347,0,2.304
2026-06-14 22:00:00+08:00,26.19,76.1,449.08681991069955,0,2.824
2026-06-14 22:05:00+08:00,26.52,74.1,449.11327931205557,0,2.269
2026-06-14 22:10:00+08:00,26.53,75.7,459.1397387134116,0,2.889
2026-06-14 22:15:00+08:00,25.92,74.7,459.16619811476767,0,2.648
2026-06-14 22:20:00+08:00,25.7,77.2,462.1926575161237,0,2.315
2026-06-14 22:25:00+08:00,25.82,78.0,452.21911691747977,0,2.985
2026-06-14 22:30:00+08:00,26.44,75.9,450.2455763188358,0,2.555
2026-06-14 22:35:00+08:00,25.69,76.3,450.2720357201918,0,2.111
2026-06-14 22:40:00+08:00,25.39,76.5,460.2984951215479,0,2.264
2026-06-14 22:45:00+08:00,26.14,78.2,458.3249545229039,0,2.427
2026-06-14 22:50:00+08:00,25.62,77.4,461.35141392426,0,2.388
2026-06-14 22:55:00+08:00,25.93,75.9,462.377873325616,0,2.431
2026-06-14 23:00:00+08:00,25.94,73.4,460.40433272697203,0,2.46
2026-06-14 23:05:00+08:00,25.69,74.2,463.4307921283281,0,2.219
2026-06-14 23:10:00+08:00,25.84,73.9,472.45725152968413,0,2.441
2026-06-14 23:15:00+08:00,24.94,75.7,483.4837109310402,0,2.03
2026-06-14 23:20:00+08:00,25.2,76.6,484.5101703323962,0,2.294
2026-06-14 23:25:00+08:00,25.38,77.0,483.53662973375225,0,2.145
2026-06-14 23:30:00+08:00,24.8,82.9,480.5630891351083,0,2.107
2026-06-14 23:35:00+08:00,25.52,74.7,476.58954853646435,0,2.634
2026-06-14 23:40:00+08:00,24.75,78.4,478.6160079378204,0,2.152
2026-06-14 23:45:00+08:00,25.27,75.7,481.64246733917645,0,2.354
2026-06-14 23:50:00+08:00,24.81,83.0,469.66892674053247,0,2.26
2026-06-14 23:55:00+08:00,24.4,78.1,469.69538614188855,0,1.994
2026-06-15 00:00:00+08:00,24.2,82.0,467.72184554324457,0,2.158
2026-06-15 00:05:00+08:00,25.08,79.0,469.74830494460065,0,2.308
2026-06-15 00:10:00+08:00,25.04,76.7,464.77476434595667,0,1.906
2026-06-15 00:15:00+08:00,25.1,80.1,465.80122374731275,0,2.214
2026-06-15 00:20:00+08:00,25.01,81.2,463.82768314866877,0,2.278
2026-06-15 00:25:00+08:00,25.05,78.4,456.8541425500248,0,2.335
2026-06-15 00:30:00+08:00,24.34,76.9,460.88060195138087,0,2.01
2026-06-15 00:35:00+08:00,24.55,80.0,453.9070613527369,0,2.028
2026-06-15 00:40:00+08:00,24.53,79.4,455.9335207540929,0,2.005
2026-06-15 00:45:00+08:00,24.39,83.3,458.959980155449,0,1.91
2026-06-15 00:50:00+08:00,24.8,76.0,457.986439556805,0,2.046
2026-06-15 00:55:00+08:00,24.22,79.7,456.0128989581611,0,1.953
2026-06-15 01:00:00+08:00,24.54,75.7,467.0393583595171,0,1.928
2026-06-15 01:05:00+08:00,24.01,78.6,473.0658177608732,0,1.843
2026-06-15 01:10:00+08:00,24.19,76.0,473.0922771622292,0,1.332
2026-06-15 01:15:00+08:00,24.53,77.5,473.11873656358523,0,2.383
2026-06-15 01:20:00+08:00,23.66,78.5,474.1451959649413,0,1.537
2026-06-15 01:25:00+08:00,23.95,79.8,479.17165536629733,0,1.911
2026-06-15 01:30:00+08:00,24.71,76.2,464.19811476765335,0,1.967
2026-06-15 01:35:00+08:00,24.03,80.6,462.22457416900943,0,1.96
2026-06-15 01:40:00+08:00,23.77,79.9,459.25103357036545,0,1.976
2026-06-15 01:45:00+08:00,24.05,79.6,452.27749297172153,0,1.876
2026-06-15 01:50:00+08:00,24.77,77.6,455.30395237307755,0,2.03
2026-06-15 01:55:00+08:00,24.44,81.3,459.3304117744336,0,2.226
2026-06-15 02:00:00+08:00,23.64,79.9,464.35687117578965,0,1.803
2026-06-15 02:05:00+08:00,24.26,77.9,470.38333057714567,0,1.918
2026-06-15 02:10:00+08:00,24.69,80.6,474.40978997850175,0,2.03
2026-06-15 02:15:00+08:00,24.21,78.2,486.43624937985777,0,1.943
2026-06-15 02:20:00+08:00,23.91,77.8,486.46270878121385,0,1.799
2026-06-15 02:25:00+08:00,24.1,76.9,479.48916818256987,0,1.666
2026-06-15 02:30:00+08:00,23.84,78.2,478.5156275839259,0,1.957
2026-06-15 02:35:00+08:00,24.34,77.7,463.54208698528197,0,2.062
2026-06-15 02:40:00+08:00,23.82,83.0,460.568546386638,0,1.75
2026-06-15 02:45:00+08:00,23.33,85.7,459.59500578799407,0,1.501
2026-06-15 02:50:00+08:00,23.73,80.3,462.6214651893501,0,1.486
2026-06-15 02:55:00+08:00,23.72,76.8,466.6479245907061,0,1.798
2026-06-15 03:00:00+08:00,23.34,80.9,465.6743839920622,0,1.719
2026-06-15 03:05:00+08:00,24.1,83.1,466.7008433934182,0,1.525
2026-06-15 03:10:00+08:00,23.39,80.0,460.7273027947743,0,1.623
2026-06-15 03:15:00+08:00,24.26,80.1,464.7537621961303,0,1.903
2026-06-15 03:20:00+08:00,24.26,79.1,459.7802215974864,0,1.864
2026-06-15 03:25:00+08:00,24.12,83.9,454.8066809988424,0,1.881
2026-06-15 03:30:00+08:00,23.83,78.8,458.83314040019843,0,1.862
2026-06-15 03:35:00+08:00,23.85,80.0,459.8595998015545,0,1.567
2026-06-15 03:40:00+08:00,22.91,81.0,455.88605920291053,0,1.566
2026-06-15 03:45:00+08:00,24.78,79.3,459.91251860426655,0,2.104
2026-06-15 03:50:00+08:00,23.59,84.2,470.93897800562263,0,1.853
2026-06-15 03:55:00+08:00,23.73,79.4,470.96543740697865,0,1.515
2026-06-15 04:00:00+08:00,24.11,82.3,477.99189680833473,0,1.98
2026-06-15 04:05:00+08:00,24.08,81.3,469.01835620969075,0,1.392
2026-06-15 04:10:00+08:00,24.31,80.2,465.04481561104683,0,2.142
2026-06-15 04:15:00+08:00,24.0,80.2,462.07127501240285,0,1.963
2026-06-15 04:20:00+08:00,24.42,83.8,468.0977344137589,0,2.228
2026-06-15 04:25:00+08:00,24.09,82.0,476.12419381511495,0,1.85
2026-06-15 04:30:00+08:00,23.93,80.3,478.15065321647097,0,1.822
2026-06-15 04:35:00+08:00,24.08,81.3,476.177112617827,0,1.978
2026-06-15 04:40:00+08:00,23.88,81.0,479.20357201918307,0,2.025
2026-06-15 04:45:00+08:00,23.98,77.8,471.2300314205391,0,1.913
2026-06-15 04:50:00+08:00,24.59,76.8,465.25649082189517,0,2.274
2026-06-15 04:55:00+08:00,24.1,80.8,458.2829502232512,0,1.687
2026-06-15 05:00:00+08:00,24.52,76.4,465.30940962460727,0,2.178
2026-06-15 05:05:00+08:00,24.13,76.0,476.3358690259633,0,2.072
2026-06-15 05:10:00+08:00,25.2,79.0,476.3623284273193,0,1.796
2026-06-15 05:15:00+08:00,23.81,78.0,473.3887878286754,0,2.303
2026-06-15 05:20:00+08:00,24.47,79.9,469.4152472300314,0,1.9
2026-06-15 05:25:00+08:00,23.51,79.0,483.44170663138743,0,1.406
2026-06-15 05:30:00+08:00,24.73,77.5,483.4681660327435,0,2.025
2026-06-15 05:35:00+08:00,24.46,77.5,482.49462543409953,0,2.087
2026-06-15 05:40:00+08:00,24.74,79.8,480.5210848354556,0,1.932
2026-06-15 05:45:00+08:00,24.21,81.6,482.54754423681163,0,1.518
2026-06-15 05:50:00+08:00,25.19,76.7,484.5740036381677,0,2.056
2026-06-15 05:55:00+08:00,25.08,76.3,478.60046303952373,0,2.505
2026-06-15 06:00:00+08:00,25.0,77.8,485.62692244087975,0,2.159
2026-06-15 06:05:00+08:00,25.31,74.4,487.65338184223583,0,1.939
2026-06-15 06:10:00+08:00,25.57,76.6,482.67984124359185,0,2.22
2026-06-15 06:15:00+08:00,24.58,80.2,478.70630064494793,0,1.688
2026-06-15 06:20:00+08:00,24.79,78.8,469.73276004630395,0,2.03
2026-06-15 06:25:00+08:00,25.06,77.9,471.75921944766,0,2.013
2026-06-15 06:30:00+08:00,26.1,74.5,471.78567884901605,0,2.379
2026-06-15 06:35:00+08:00,25.91,76.7,468.8121382503721,0,2.335
2026-06-15 06:40:00+08:00,24.84,75.4,466.83859765172815,0,2.002
2026-06-15 06:45:00+08:00,25.16,82.8,466.8650570530842,0,2.407
2026-06-15 06:50:00+08:00,25.62,80.1,469.8915164544402,0,2.544
2026-06-15 06:55:00+08:00,24.99,77.8,475.91797585579627,0,2.443
2026-06-15 07:00:00+08:00,25.02,80.7,469.9444352571523,0,2.233
2026-06-15 07:05:00+08:00,25.55,79.0,473.97089465850837,0,2.196
2026-06-15 07:10:00+08:00,26.54,73.9,472.9973540598644,0,2.601
2026-06-15 07:15:00+08:00,26.12,82.0,474.02381346122047,0,2.406
2026-06-15 07:20:00+08:00,25.93,76.7,471.0502728625765,0,2.39
2026-06-15 07:25:00+08:00,25.72,79.3,469.0767322639325,0,2.397
2026-06-15 07:30:00+08:00,25.84,75.4,471.1031916652886,0,2.451
2026-06-15 07:35:00+08:00,27.2,77.4,472.1296510666446,0,3.333
2026-06-15 07:40:00+08:00,26.48,80.2,471.15611046800063,0,2.574
2026-06-15 07:45:00+08:00,25.67,75.2,468.1825698693567,0,2.611
2026-06-15 07:50:00+08:00,26.6,76.1,473.20902927071273,0,2.618
2026-06-15 07:55:00+08:00,26.31,78.1,464.2354886720688,0,2.655
2026-06-15 08:00:00+08:00,22.73,85.2,535.2619480734248,36,7.647
2026-06-15 08:05:00+08:00,23.34,82.7,538.2884074747809,10,7.43
2026-06-15 08:10:00+08:00,23.21,81.1,575.3148668761369,21,7.086
2026-06-15 08:15:00+08:00,22.98,81.0,620.341326277493,26,7.142
2026-06-15 08:20:00+08:00,22.46,87.3,666.367785678849,28,7.324
2026-06-15 08:25:00+08:00,22.78,80.7,697.3942450802051,21,7.155
2026-06-15 08:30:00+08:00,23.3,80.3,703.4207044815611,14,7.55
2026-06-15 08:35:00+08:00,23.04,83.2,776.4471638829172,43,7.794
2026-06-15 08:40:00+08:00,23.01,80.8,782.4736232842732,18,7.051
2026-06-15 08:45:00+08:00,22.98,81.6,797.5000826856292,24,7.359
2026-06-15 08:50:00+08:00,23.46,79.6,830.5265420869853,34,7.776
2026-06-15 08:55:00+08:00,23.15,83.1,846.5530014883414,28,7.297
2026-06-15 09:00:00+08:00,23.7,80.8,876.5794608896974,30,7.764
2026-06-15 09:05:00+08:00,23.27,82.6,912.6059202910534,36,7.833
2026-06-15 09:10:00+08:00,24.12,81.2,922.6323796924095,29,7.569
2026-06-15 09:15:00+08:00,23.53,79.2,933.6588390937656,25,7.411
2026-06-15 09:20:00+08:00,23.76,78.8,963.6852984951215,33,7.682
2026-06-15 09:25:00+08:00,23.43,80.7,971.7117578964776,26,7.564
2026-06-15 09:30:00+08:00,24.31,77.1,977.7382172978337,29,7.703
2026-06-15 09:35:00+08:00,24.18,79.6,995.7646766991896,36,8.218
2026-06-15 09:40:00+08:00,24.3,77.9,1005.7911361005457,30,7.996
2026-06-15 09:45:00+08:00,24.1,79.7,1000.8175955019018,21,7.269
2026-06-15 09:50:00+08:00,24.51,81.8,998.8440549032578,27,7.822
2026-06-15 09:55:00+08:00,23.98,79.8,1016.8705143046138,33,8.022
2026-06-15 10:00:00+08:00,23.93,75.9,1025.89697370597,33,8.126
2026-06-15 10:05:00+08:00,25.04,81.8,1017.923433107326,28,7.879
2026-06-15 10:10:00+08:00,24.69,76.2,1022.949892508682,30,8.343
2026-06-15 10:15:00+08:00,24.32,82.1,1011.976351910038,22,7.842
2026-06-15 10:20:00+08:00,25.02,79.2,1029.002811311394,35,8.378
2026-06-15 10:25:00+08:00,25.05,77.9,1031.02927071275,27,8.207
2026-06-15 10:30:00+08:00,24.42,82.2,1050.0557301141062,34,7.885
2026-06-15 10:35:00+08:00,25.07,83.9,1046.0821895154622,23,7.78
2026-06-15 10:40:00+08:00,24.96,74.8,1044.1086489168183,28,8.098
2026-06-15 10:45:00+08:00,25.22,77.6,1068.1351083181744,37,8.013
2026-06-15 10:50:00+08:00,25.41,79.7,1072.1615677195302,31,8.35
2026-06-15 10:55:00+08:00,25.44,77.1,1048.1880271208863,19,7.915
2026-06-15 11:00:00+08:00,25.58,76.1,1052.2144865222424,33,8.269
2026-06-15 11:05:00+08:00,24.7,78.6,1055.2409459235985,29,8.091
2026-06-15 11:10:00+08:00,25.56,74.0,1045.2674053249546,23,7.952
2026-06-15 11:15:00+08:00,25.26,76.7,1059.2938647263106,33,8.174
2026-06-15 11:20:00+08:00,25.37,77.8,1067.3203241276667,35,8.898
2026-06-15 11:25:00+08:00,25.72,75.1,1060.3467835290226,24,8.156
2026-06-15 11:30:00+08:00,25.69,77.6,1037.3732429303786,21,8.196
2026-06-15 11:35:00+08:00,25.28,80.6,1026.3997023317347,24,8.143
2026-06-15 11:40:00+08:00,25.82,76.5,1017.4261617330908,21,7.911
2026-06-15 11:45:00+08:00,26.28,74.5,1019.4526211344469,27,8.355
2026-06-15 11:50:00+08:00,26.03,72.5,1024.479080535803,29,8.694
2026-06-15 11:55:00+08:00,26.09,74.7,1048.505539937159,35,8.525
2026-06-15 12:00:00+08:00,26.02,74.3,1000.531999338515,7,7.93
2026-06-15 12:05:00+08:00,25.45,73.0,975.558458739871,10,7.473
2026-06-15 12:10:00+08:00,25.98,76.9,945.584918141227,11,8.024
2026-06-15 12:15:00+08:00,25.71,79.5,928.6113775425831,13,7.874
2026-06-15 12:20:00+08:00,26.02,73.5,899.6378369439392,10,8.093
2026-06-15 12:25:00+08:00,25.68,78.5,876.6642963452952,12,7.921
2026-06-15 12:30:00+08:00,25.9,74.6,854.6907557466512,9,7.65
2026-06-15 12:35:00+08:00,26.66,72.5,832.7172151480073,4,7.525
2026-06-15 12:40:00+08:00,26.38,71.2,813.7436745493633,9,7.12
2026-06-15 12:45:00+08:00,26.58,76.7,791.7701339507194,7,7.312
2026-06-15 12:50:00+08:00,26.46,73.4,787.7965933520754,13,8.215
2026-06-15 12:55:00+08:00,26.87,72.0,776.8230527534315,7,8.048
2026-06-15 13:00:00+08:00,26.73,73.9,792.8495121547875,21,8.518
2026-06-15 13:05:00+08:00,25.71,77.7,837.8759715561436,37,8.362
2026-06-15 13:10:00+08:00,26.29,76.0,868.9024309574996,30,8.547
2026-06-15 13:15:00+08:00,26.64,78.0,884.9288903588556,25,8.467
2026-06-15 13:20:00+08:00,26.5,73.2,920.9553497602117,33,8.433
2026-06-15 13:25:00+08:00,26.9,72.6,934.9818091615678,27,8.694
2026-06-15 13:30:00+08:00,26.79,71.9,931.0082685629237,21,8.285
2026-06-15 13:35:00+08:00,26.9,73.2,937.0347279642798,24,8.181
2026-06-15 13:40:00+08:00,27.09,74.3,947.0611873656359,24,8.425
2026-06-15 13:45:00+08:00,27.32,75.0,982.0876467669918,37,8.51
2026-06-15 13:50:00+08:00,25.82,75.0,1007.1141061683479,35,8.754
2026-06-15 13:55:00+08:00,26.59,76.2,993.140565569704,19,8.339
2026-06-15 14:00:00+08:00,26.89,75.6,1014.1670249710601,32,8.274
2026-06-15 14:05:00+08:00,26.43,71.2,1028.1934843724162,32,8.771
2026-06-15 14:10:00+08:00,26.88,78.1,1021.2199437737721,22,8.861
2026-06-15 14:15:00+08:00,26.87,75.7,1051.246403175128,40,9.05
2026-06-15 14:20:00+08:00,26.77,74.4,1056.2728625764842,28,8.623
2026-06-15 14:25:00+08:00,27.0,72.6,1044.2993219778402,20,8.24
2026-06-15 14:30:00+08:00,26.82,76.4,1051.3257813791963,31,8.73
2026-06-15 14:35:00+08:00,27.27,71.9,1049.3522407805524,26,8.398
2026-06-15 14:40:00+08:00,27.23,80.2,1040.3787001819085,22,8.75
2026-06-15 14:45:00+08:00,27.14,73.1,1040.4051595832643,30,9.033
2026-06-15 14:50:00+08:00,26.86,68.5,1048.4316189846204,30,8.819
2026-06-15 14:55:00+08:00,26.97,74.0,1043.4580783859765,24,8.419
2026-06-15 15:00:00+08:00,27.27,71.7,1045.4845377873326,28,8.907
2026-06-15 15:05:00+08:00,27.14,77.0,1063.5109971886886,36,8.892
2026-06-15 15:10:00+08:00,26.95,73.7,1071.5374565900447,30,9.008
2026-06-15 15:15:00+08:00,27.38,77.2,1085.5639159914008,35,9.036
2026-06-15 15:15:00+08:00,27.38,77.2,1085.5639159914008,35,9.036
2026-06-15 15:20:00+08:00,26.82,74.2,1099.5903753927566,37,8.838
2026-06-15 15:25:00+08:00,26.85,76.7,1103.6168347941127,32,8.631
2026-06-15 15:30:00+08:00,27.37,74.3,1117.6432941954688,34,8.812
2026-06-15 15:35:00+08:00,27.42,72.2,1127.6697535968249,35,9.024
2026-06-15 15:40:00+08:00,26.5,78.0,1095.696212998181,17,7.896
2026-06-15 15:45:00+08:00,26.52,76.2,1100.722672399537,33,8.799
2026-06-15 15:50:00+08:00,27.11,71.3,1095.749131800893,28,8.291
2026-06-15 15:55:00+08:00,27.41,72.4,1091.775591202249,31,9.041
2026-06-15 16:00:00+08:00,26.82,75.8,1079.802050603605,25,8.511
2026-06-15 16:05:00+08:00,27.54,72.1,1066.8285100049611,26,8.885
2026-06-15 16:10:00+08:00,26.79,70.5,1059.8549694063172,21,8.138
2026-06-15 16:15:00+08:00,26.95,70.6,1051.8814288076733,29,8.634
2026-06-15 16:20:00+08:00,26.38,78.6,1028.9078882090294,18,8.243
2026-06-15 16:25:00+08:00,25.71,79.5,1022.9343476103853,25,8.324
2026-06-15 16:30:00+08:00,27.16,72.9,1033.9608070117413,33,9.131
2026-06-15 16:35:00+08:00,26.34,74.9,1024.9872664130974,24,8.442
2026-06-15 16:40:00+08:00,26.68,76.7,1048.0137258144534,36,8.968
2026-06-15 16:45:00+08:00,26.28,74.8,1070.0401852158095,35,8.982
2026-06-15 16:50:00+08:00,27.15,71.2,1068.0666446171656,26,8.504
2026-06-15 16:55:00+08:00,26.34,75.5,1067.0931040185217,28,8.551
2026-06-15 17:00:00+08:00,26.12,75.4,1060.1195634198775,27,8.501
2026-06-15 17:05:00+08:00,26.43,71.8,1042.1460228212336,21,8.438
2026-06-15 17:10:00+08:00,26.1,78.0,1019.1724822225897,18,8.114
2026-06-15 17:15:00+08:00,27.94,74.0,1012.1989416239458,20,8.483
2026-06-15 17:20:00+08:00,26.27,72.4,1028.2254010253018,31,8.635
2026-06-15 17:25:00+08:00,26.96,70.2,1026.251860426658,23,8.386
2026-06-15 17:30:00+08:00,26.15,75.9,1040.278319828014,33,8.741
2026-06-15 17:35:00+08:00,26.61,73.7,1046.3047792293698,31,8.53
2026-06-15 17:40:00+08:00,26.58,76.8,1065.331238630726,35,8.545
2026-06-15 17:45:00+08:00,25.52,77.1,1039.357698032082,21,8.173
2026-06-15 17:50:00+08:00,26.02,73.3,1025.384157433438,22,8.51
2026-06-15 17:55:00+08:00,25.29,79.2,1026.4106168347942,27,8.304
2026-06-15 18:00:00+08:00,30.41,66.3,966.4370762361501,0,4.009
2026-06-15 18:05:00+08:00,30.25,66.9,913.4635356375062,0,3.998
2026-06-15 18:10:00+08:00,29.58,72.3,877.4899950388623,0,3.851
2026-06-15 18:15:00+08:00,28.99,70.6,838.5164544402182,0,3.671
2026-06-15 18:20:00+08:00,29.42,75.4,805.5429138415743,0,3.545
2026-06-15 18:25:00+08:00,30.08,67.6,776.5693732429304,0,3.371
2026-06-15 18:30:00+08:00,28.73,72.4,744.5958326442865,0,3.413
2026-06-15 18:35:00+08:00,29.61,69.9,715.6222920456424,0,3.366
2026-06-15 18:40:00+08:00,28.84,69.9,688.6487514469985,0,3.375
2026-06-15 18:45:00+08:00,29.14,72.9,664.6752108483546,0,3.364
2026-06-15 18:50:00+08:00,29.43,69.7,649.7016702497106,0,3.363
2026-06-15 18:55:00+08:00,29.11,70.9,636.7281296510666,0,3.437
2026-06-15 19:00:00+08:00,28.72,72.3,621.7545890524227,0,2.967
2026-06-15 19:05:00+08:00,29.33,70.6,602.7810484537787,0,3.514
2026-06-15 19:10:00+08:00,28.89,73.1,587.8075078551348,0,3.728
2026-06-15 19:15:00+08:00,27.88,70.5,578.8339672564908,0,3.29
2026-06-15 19:20:00+08:00,29.17,66.3,569.8604266578469,0,3.241
2026-06-15 19:25:00+08:00,29.13,74.4,554.8868860592029,0,3.426
2026-06-15 19:30:00+08:00,28.39,73.5,549.913345460559,0,3.218
2026-06-15 19:35:00+08:00,28.96,70.4,534.939804861915,0,3.255
2026-06-15 19:40:00+08:00,28.03,75.0,529.966264263271,0,3.16
2026-06-15 19:45:00+08:00,27.9,73.3,517.9927236646271,0,3.123
2026-06-15 19:50:00+08:00,28.85,75.4,509.01918306598316,0,3.478
2026-06-15 19:55:00+08:00,28.09,71.4,501.0456424673392,0,3.273
2026-06-15 20:00:00+08:00,28.88,70.5,493.0721018686952,0,3.183
2026-06-15 20:05:00+08:00,28.63,-999.0,489.0985612700513,0,3.063
2026-06-15 20:10:00+08:00,27.83,73.7,495.1250206714073,0,3.02
2026-06-15 20:15:00+08:00,27.81,75.0,492.1514800727634,0,3.155
2026-06-15 20:20:00+08:00,26.87,69.6,494.1779394741194,0,2.573
2026-06-15 20:25:00+08:00,27.89,69.9,481.2043988754754,0,3.079
2026-06-15 20:30:00+08:00,27.52,75.3,472.2308582768315,0,3.002
2026-06-15 20:35:00+08:00,27.09,68.3,468.2573176781875,0,2.771
2026-06-15 20:40:00+08:00,27.97,74.0,464.2837770795436,0,2.942
2026-06-15 20:45:00+08:00,27.29,74.7,471.3102364808996,0,2.332
2026-06-15 20:50:00+08:00,27.23,73.2,473.33669588225564,0,2.753
2026-06-15 20:55:00+08:00,27.59,75.9,473.3631552836117,0,3.052
2026-06-15 21:00:00+08:00,26.75,74.3,478.38961468496774,0,3.158
2026-06-15 21:05:00+08:00,27.57,74.8,479.4160740863238,0,3.175
2026-06-15 21:10:00+08:00,27.06,75.3,475.44253348767984,0,2.897
2026-06-15 21:15:00+08:00,27.69,70.5,476.4689928890359,0,3.175
2026-06-15 21:20:00+08:00,26.94,73.2,469.49545229039194,0,2.639
2026-06-15 21:25:00+08:00,27.16,74.4,465.52191169174796,0,2.615
2026-06-15 21:30:00+08:00,26.47,73.5,465.54837109310404,0,2.649
2026-06-15 21:35:00+08:00,27.21,73.6,457.57483049446006,0,2.606
2026-06-15 21:40:00+08:00,26.15,70.1,450.6012898958161,0,2.69
2026-06-15 21:45:00+08:00,26.75,73.3,441.62774929717216,0,2.268
2026-06-15 21:50:00+08:00,27.34,72.6,447.6542086985282,0,2.974
2026-06-15 21:55:00+08:00,26.72,74.9,457.68066809988426,0,2.599
2026-06-15 22:00:00+08:00,26.22,77.7,455.7071275012403,0,2.122
2026-06-15 22:05:00+08:00,26.29,80.1,457.73358690259636,0,2.834
2026-06-15 22:10:00+08:00,26.56,80.0,454.7600463039524,0,2.664
2026-06-15 22:15:00+08:00,26.14,77.0,453.7865057053084,0,2.498
2026-06-15 22:20:00+08:00,25.85,72.2,451.8129651066645,0,2.514
2026-06-15 22:25:00+08:00,25.28,82.1,463.8394245080205,0,2.215
2026-06-15 22:30:00+08:00,25.46,78.0,470.8658839093765,0,2.42
2026-06-15 22:35:00+08:00,26.06,73.8,465.8923433107326,0,2.811
2026-06-15 22:40:00+08:00,25.94,76.0,465.9188027120886,0,2.353
2026-06-15 22:45:00+08:00,25.99,76.5,457.9452621134447,0,2.46
2026-06-15 22:50:00+08:00,25.63,80.4,458.9717215148007,0,2.54
2026-06-15 22:55:00+08:00,25.4,80.4,455.9981809161568,0,2.449
2026-06-15 23:00:00+08:00,25.96,76.8,450.0246403175128,0,2.35
2026-06-15 23:05:00+08:00,25.46,75.2,448.05109971886884,0,1.674
2026-06-15 23:10:00+08:00,25.84,70.8,450.0775591202249,0,2.133
2026-06-15 23:15:00+08:00,26.26,76.3,458.10401852158094,0,2.652
2026-06-15 23:20:00+08:00,24.66,80.7,457.130477922937,0,2.336
2026-06-15 23:25:00+08:00,25.25,77.1,457.15693732429304,0,2.287
2026-06-15 23:30:00+08:00,24.86,74.4,459.18339672564906,0,2.135
2026-06-15 23:35:00+08:00,24.58,77.9,457.20985612700514,0,1.922
2026-06-15 23:40:00+08:00,25.67,80.2,461.23631552836116,0,2.25
2026-06-15 23:45:00+08:00,25.25,77.1,464.26277492971724,0,1.841
2026-06-15 23:50:00+08:00,24.99,80.2,460.28923433107326,0,1.998
2026-06-15 23:55:00+08:00,25.19,80.9,467.3156937324293,0,2.265
2026-06-16 00:00:00+08:00,24.1,82.3,466.34215313378536,0,1.61
2026-06-16 00:05:00+08:00,25.05,76.9,470.3686125351414,0,2.293
2026-06-16 00:10:00+08:00,26.02,76.6,477.39507193649746,0,2.181
2026-06-16 00:15:00+08:00,25.01,74.1,485.4215313378535,0,2.567
2026-06-16 00:20:00+08:00,25.22,81.6,475.4479907392095,0,2.376
2026-06-16 00:25:00+08:00,24.31,78.9,482.4744501405656,0,1.974
2026-06-16 00:30:00+08:00,24.62,81.8,482.5009095419216,0,2.37
2026-06-16 00:35:00+08:00,24.26,81.5,487.5273689432777,0,1.751
2026-06-16 00:40:00+08:00,23.83,79.7,490.5538283446337,0,1.642
2026-06-16 00:45:00+08:00,24.55,78.1,478.5802877459897,0,1.947
2026-06-16 00:50:00+08:00,24.03,76.2,479.6067471473458,0,1.972
2026-06-16 00:55:00+08:00,25.04,75.4,472.6332065487018,0,2.168
2026-06-16 01:00:00+08:00,23.8,82.7,464.6596659500579,0,1.52
2026-06-16 01:05:00+08:00,24.9,77.2,475.6861253514139,0,1.907
2026-06-16 01:10:00+08:00,24.2,78.7,472.71258475277,0,1.893
2026-06-16 01:15:00+08:00,25.09,77.8,473.739044154126,0,2.004
2026-06-16 01:20:00+08:00,23.54,81.2,478.76550355548204,0,1.59
2026-06-16 01:25:00+08:00,24.58,78.4,477.7919629568381,0,1.963
2026-06-16 01:30:00+08:00,24.9,79.1,469.81842235819414,0,1.977
2026-06-16 01:35:00+08:00,24.02,83.3,465.84488175955016,0,1.79
2026-06-16 01:40:00+08:00,23.8,77.9,455.87134116090624,0,1.727
2026-06-16 01:45:00+08:00,23.43,79.6,456.89780056226226,0,1.743
2026-06-16 01:50:00+08:00,23.3,77.9,453.92425996361834,0,1.55
2026-06-16 01:55:00+08:00,24.08,82.5,443.95071936497436,0,1.675
2026-06-16 01:55:00+08:00,24.08,82.5,443.95071936497436,0,1.675
2026-06-16 02:00:00+08:00,23.44,81.0,445.97717876633044,0,1.748
2026-06-16 02:05:00+08:00,23.51,78.4,447.00363816768646,0,1.882
2026-06-16 02:10:00+08:00,24.8,80.5,442.0300975690425,0,2.037
2026-06-16 02:15:00+08:00,23.84,81.2,454.05655697039856,0,1.623
2026-06-16 02:20:00+08:00,23.38,81.7,459.0830163717546,0,1.929
2026-06-16 02:25:00+08:00,24.23,82.2,460.1094757731106,0,1.646
2026-06-16 02:30:00+08:00,23.61,78.8,459.1359351744667,0,1.526
2026-06-16 02:35:00+08:00,24.19,80.2,457.1623945758227,0,1.966
2026-06-16 02:40:00+08:00,23.51,80.4,456.1888539771788,0,1.839
2026-06-16 02:45:00+08:00,23.39,85.3,454.2153133785348,0,1.525
2026-06-16 02:50:00+08:00,23.95,84.4,459.2417727798909,0,1.899
2026-06-16 02:55:00+08:00,23.93,80.9,465.2682321812469,0,1.948
2026-06-16 03:00:00+08:00,24.18,74.3,476.2946915826029,0,1.958
2026-06-16 03:05:00+08:00,23.68,76.1,477.321150983959,0,1.566
2026-06-16 03:10:00+08:00,24.07,80.5,476.347610385315,0,1.699
2026-06-16 03:15:00+08:00,24.44,77.7,481.3740697866711,0,1.686
2026-06-16 03:20:00+08:00,23.96,80.0,480.4005291880271,0,1.916
2026-06-16 03:25:00+08:00,23.88,80.5,476.42698858938314,0,1.962
2026-06-16 03:30:00+08:00,24.11,79.7,479.4534479907392,0,1.928
2026-06-16 03:35:00+08:00,23.56,83.9,477.47990739209524,0,1.714
2026-06-16 03:40:00+08:00,22.82,80.3,466.5063667934513,0,1.754
2026-06-16 03:45:00+08:00,25.04,78.1,472.53282619480734,0,2.01
2026-06-16 03:50:00+08:00,24.14,78.3,471.55928559616336,0,1.921
2026-06-16 03:55:00+08:00,23.32,77.1,470.58574499751944,0,1.522
2026-06-16 04:00:00+08:00,24.72,79.0,483.61220439887546,0,1.711
2026-06-16 04:05:00+08:00,24.13,77.2,478.63866380023154,0,1.968
2026-06-16 04:10:00+08:00,24.78,77.7,482.66512320158756,0,1.862
2026-06-16 04:15:00+08:00,24.52,76.6,478.69158260294364,0,2.256
2026-06-16 04:20:00+08:00,24.21,74.3,479.71804200429966,0,1.75
2026-06-16 04:25:00+08:00,24.13,81.1,479.7445014056557,0,2.228
2026-06-16 04:30:00+08:00,24.8,76.2,481.77096080701176,0,1.964
2026-06-16 04:35:00+08:00,23.74,80.3,488.7974202083678,0,2.136
2026-06-16 04:40:00+08:00,24.32,76.8,482.8238796097238,0,2.299
2026-06-16 04:45:00+08:00,24.74,77.0,485.8503390110799,0,2.056
2026-06-16 04:50:00+08:00,23.63,82.3,485.8767984124359,0,1.802
2026-06-16 04:55:00+08:00,24.4,80.6,481.903257813792,0,1.819
2026-06-16 05:00:00+08:00,24.53,76.0,482.929717215148,0,1.822
2026-06-16 05:05:00+08:00,23.81,78.8,488.9561766165041,0,1.729
2026-06-16 05:10:00+08:00,24.32,76.9,490.9826360178601,0,2.14
2026-06-16 05:15:00+08:00,25.15,78.7,491.0090954192161,0,1.853
2026-06-16 05:20:00+08:00,24.6,77.3,488.0355548205722,0,1.839
2026-06-16 05:25:00+08:00,23.79,79.4,479.0620142219282,0,1.983
2026-06-16 05:30:00+08:00,24.92,82.2,480.08847362328424,0,1.911
2026-06-16 05:35:00+08:00,25.19,79.7,483.1149330246403,0,2.099
2026-06-16 05:40:00+08:00,24.69,75.7,488.14139242599634,0,1.964
2026-06-16 05:45:00+08:00,25.14,77.1,488.1678518273524,0,2.0
2026-06-16 05:50:00+08:00,24.94,77.5,483.19431122870844,0,1.902
2026-06-16 05:55:00+08:00,25.4,77.1,477.2207706300645,0,2.405
2026-06-16 06:00:00+08:00,24.37,81.7,479.24723003142054,0,2.046
2026-06-16 06:05:00+08:00,25.29,78.6,483.27368943277656,0,2.469
2026-06-16 06:10:00+08:00,25.21,77.9,488.30014883413264,0,1.975
2026-06-16 06:15:00+08:00,25.31,78.0,486.32660823548866,0,2.452
2026-06-16 06:20:00+08:00,25.3,74.4,488.3530676368447,0,2.346
2026-06-16 06:25:00+08:00,25.18,78.7,491.37952703820076,0,2.058
2026-06-16 06:30:00+08:00,25.17,77.0,485.4059864395568,0,2.207
2026-06-16 06:35:00+08:00,25.02,82.4,484.43244584091286,0,1.988
2026-06-16 06:40:00+08:00,25.37,77.8,481.4589052422689,0,1.922
2026-06-16 06:45:00+08:00,25.35,74.9,489.48536464362496,0,2.435
2026-06-16 06:50:00+08:00,25.42,75.0,493.511824044981,0,2.275
2026-06-16 06:55:00+08:00,25.59,75.8,493.538283446337,0,2.519
2026-06-16 07:00:00+08:00,25.5,79.0,501.5647428476931,0,2.098
2026-06-16 07:05:00+08:00,26.16,79.0,499.5912022490491,0,2.322
2026-06-16 07:10:00+08:00,26.02,76.7,502.6176616504052,0,2.48
2026-06-16 07:15:00+08:00,26.62,76.8,498.6441210517612,0,2.447
2026-06-16 07:20:00+08:00,25.75,75.0,486.6705804531172,0,1.941
2026-06-16 07:25:00+08:00,26.54,72.4,484.6970398544733,0,2.35
2026-06-16 07:30:00+08:00,25.79,77.7,474.7234992558293,0,2.694
2026-06-16 07:35:00+08:00,26.12,73.8,468.7499586571854,0,2.678
2026-06-16 07:40:00+08:00,25.92,79.8,467.7764180585414,0,2.369
2026-06-16 07:45:00+08:00,26.29,77.2,472.80287745989745,0,2.786
2026-06-16 07:50:00+08:00,25.53,79.3,470.8293368612535,0,2.544
2026-06-16 07:55:00+08:00,25.85,77.9,471.85579626260954,0,2.43
2026-06-16 08:00:00+08:00,22.67,80.7,493.8822556639656,11,6.978
2026-06-16 08:05:00+08:00,23.09,82.3,550.9087150653216,27,7.703
2026-06-16 08:10:00+08:00,23.58,82.5,595.9351744666777,29,7.81
2026-06-16 08:15:00+08:00,22.84,85.9,640.9616338680337,28,7.405
2026-06-16 08:15:00+08:00,22.84,85.9,640.9616338680337,28,7.405
2026-06-16 08:20:00+08:00,22.2,83.1,673.9880932693898,24,6.786
2026-06-16 08:25:00+08:00,22.72,-999.0,709.0145526707458,25,7.619
2026-06-16 08:30:00+08:00,22.97,83.2,726.0410120721019,21,7.06
2026-06-16 08:35:00+08:00,23.2,81.5,745.0674714734579,25,7.426
2026-06-16 08:40:00+08:00,22.73,81.0,788.093930874814,36,8.043
2026-06-16 08:45:00+08:00,22.7,84.8,816.12039027617,29,7.59
2026-06-16 08:50:00+08:00,23.64,77.9,826.146849677526,26,7.277
2026-06-16 08:55:00+08:00,23.57,77.6,849.1733090788821,29,7.319
2026-06-16 09:00:00+08:00,23.25,78.1,875.1997684802382,29,7.466
2026-06-16 09:05:00+08:00,24.48,80.9,896.2262278815941,30,8.09
2026-06-16 09:10:00+08:00,23.54,77.0,911.2526872829502,23,7.323
2026-06-16 09:15:00+08:00,24.39,77.6,919.2791466843063,26,7.642
2026-06-16 09:20:00+08:00,24.36,76.9,922.3056060856624,24,7.704
2026-06-16 09:25:00+08:00,24.27,78.0,931.3320654870183,25,7.96
2026-06-16 09:30:00+08:00,24.09,77.3,947.3585248883744,31,7.75
2026-06-16 09:35:00+08:00,24.24,79.3,976.3849842897305,35,7.981
2026-06-16 09:40:00+08:00,24.48,80.5,991.4114436910864,31,8.187
2026-06-16 09:45:00+08:00,24.28,74.5,980.4379030924425,23,7.402
2026-06-16 09:50:00+08:00,24.54,80.5,975.4643624937986,23,7.734
2026-06-16 09:55:00+08:00,24.6,82.5,982.4908218951546,29,7.784
2026-06-16 10:00:00+08:00,24.79,76.4,995.5172812965106,27,8.092
2026-06-16 10:05:00+08:00,24.87,75.7,1012.5437406978667,34,8.165
2026-06-16 10:10:00+08:00,24.29,76.4,1029.5702000992228,33,8.121
2026-06-16 10:15:00+08:00,24.4,75.3,1031.5966595005789,32,8.123
2026-06-16 10:20:00+08:00,24.9,76.7,1038.623118901935,29,7.861
2026-06-16 10:25:00+08:00,24.88,78.1,1030.6495783032908,24,7.709
2026-06-16 10:30:00+08:00,24.18,81.0,1047.676037704647,36,7.918
2026-06-16 10:35:00+08:00,25.07,81.1,1041.702497106003,28,8.204
2026-06-16 10:40:00+08:00,25.36,77.0,1043.728956507359,27,8.279
2026-06-16 10:45:00+08:00,25.36,77.2,1013.7554159087151,16,7.698
2026-06-16 10:50:00+08:00,24.87,77.5,1027.7818753100712,31,8.282
2026-06-16 10:55:00+08:00,25.09,75.4,1025.808334711427,24,7.774
2026-06-16 11:00:00+08:00,24.25,83.0,1022.8347941127832,24,7.746
2026-06-16 11:05:00+08:00,24.79,78.9,1029.8612535141392,30,8.12
2026-06-16 11:10:00+08:00,25.01,77.7,1046.8877129154953,37,8.345
2026-06-16 11:15:00+08:00,26.38,77.4,1032.9141723168514,20,8.013
2026-06-16 11:20:00+08:00,25.37,74.8,1027.9406317182074,24,7.766
2026-06-16 11:25:00+08:00,25.87,72.7,1032.9670911195635,27,8.066
2026-06-16 11:30:00+08:00,25.62,80.3,1052.9935505209194,39,8.291
2026-06-16 11:35:00+08:00,26.24,76.1,1058.0200099222754,28,8.209
2026-06-16 11:40:00+08:00,25.82,76.9,1062.0464693236315,30,8.702
2026-06-16 11:45:00+08:00,24.93,75.1,1063.0729287249876,29,8.077
2026-06-16 11:50:00+08:00,25.39,77.4,1048.0993881263437,20,7.996
2026-06-16 11:55:00+08:00,25.46,77.9,1052.1258475276998,32,8.466
2026-06-16 12:00:00+08:00,26.09,74.9,1017.1523069290557,9,7.639
2026-06-16 12:05:00+08:00,26.07,78.2,977.1787663304118,8,7.578
2026-06-16 12:10:00+08:00,26.08,71.6,951.2052257317678,9,7.956
2026-06-16 12:15:00+08:00,25.68,76.5,922.2316851331238,9,7.761
2026-06-16 12:20:00+08:00,26.26,73.2,890.2581445344799,9,7.742
2026-06-16 12:25:00+08:00,25.47,79.3,877.284603935836,10,7.557
2026-06-16 12:30:00+08:00,25.8,75.8,851.311063337192,7,7.68
2026-06-16 12:35:00+08:00,26.73,77.5,833.337522738548,8,7.969
2026-06-16 12:40:00+08:00,26.74,74.8,814.3639821399041,10,7.975
2026-06-16 12:45:00+08:00,26.59,71.4,815.3904415412601,13,8.025
2026-06-16 12:50:00+08:00,26.63,79.2,805.4169009426162,11,7.925
2026-06-16 12:55:00+08:00,26.64,75.6,798.4433603439722,11,7.871
2026-06-16 13:00:00+08:00,25.46,78.6,827.4698197453282,35,8.453
2026-06-16 13:05:00+08:00,27.38,75.8,864.4962791466843,34,8.991
2026-06-16 13:10:00+08:00,27.27,73.8,865.5227385480404,21,8.468
2026-06-16 13:15:00+08:00,26.41,74.9,910.5491979493964,40,8.906
2026-06-16 13:20:00+08:00,26.78,74.1,944.5756573507524,36,8.75
2026-06-16 13:25:00+08:00,25.95,76.1,960.6021167521085,30,7.959
2026-06-16 13:30:00+08:00,26.79,73.7,955.6285761534646,21,8.348
2026-06-16 13:35:00+08:00,26.98,73.5,959.6550355548205,26,8.764
2026-06-16 13:40:00+08:00,26.36,73.1,978.6814949561766,33,8.691
2026-06-16 13:45:00+08:00,25.93,77.5,1009.7079543575327,38,8.648
2026-06-16 13:50:00+08:00,26.36,75.6,1023.7344137588886,31,8.706
2026-06-16 13:55:00+08:00,27.11,76.5,997.7608731602447,12,8.406
2026-06-16 14:00:00+08:00,27.18,79.1,1014.7873325616008,32,8.659
2026-06-16 14:05:00+08:00,26.55,74.7,1009.8137919629569,28,8.492
2026-06-16 14:10:00+08:00,26.62,74.3,1012.8402513643128,25,8.85
2026-06-16 14:15:00+08:00,26.95,70.1,994.8667107656689,16,8.483
2026-06-16 14:20:00+08:00,25.97,78.3,989.893170167025,25,7.991
2026-06-16 14:25:00+08:00,26.8,73.5,1006.919629568381,32,8.647
2026-06-16 14:30:00+08:00,27.08,76.2,1000.946088969737,27,9.017
2026-06-16 14:35:00+08:00,27.03,74.1,1007.9725483710931,26,8.496
2026-06-16 14:40:00+08:00,26.88,75.1,1025.9990077724492,33,8.728
2026-06-16 14:45:00+08:00,26.56,78.5,1040.0254671738053,30,8.67
2026-06-16 14:50:00+08:00,25.89,77.1,1059.0519265751611,33,8.965
2026-06-16 14:55:00+08:00,26.36,77.7,1042.0783859765172,18,8.072
2026-06-16 15:00:00+08:00,26.65,73.9,1021.1048453778733,17,7.925
2026-06-16 15:05:00+08:00,27.44,75.0,1006.1313047792294,17,8.392
2026-06-16 15:10:00+08:00,26.19,76.4,995.1577641805854,22,8.286
2026-06-16 15:15:00+08:00,27.09,74.1,969.1842235819414,16,8.481
2026-06-16 15:20:00+08:00,27.36,72.8,993.2106829832975,33,8.493
2026-06-16 15:25:00+08:00,26.51,77.7,986.2371423846536,23,8.324
2026-06-16 15:30:00+08:00,26.6,76.1,1001.2636017860096,30,8.537
2026-06-16 15:35:00+08:00,26.75,73.0,970.2900611873656,15,8.509
2026-06-16 15:40:00+08:00,27.08,74.8,985.3165205887217,26,8.845
2026-06-16 15:45:00+08:00,27.27,78.5,1001.3429799900778,35,8.891
2026-06-16 15:50:00+08:00,26.39,73.8,1004.3694393914337,27,8.472
2026-06-16 15:55:00+08:00,27.6,69.1,1008.3958987927898,28,8.302
2026-06-16 16:00:00+08:00,26.21,72.8,1018.4223581941459,29,8.688
2026-06-16 16:05:00+08:00,27.52,75.5,1059.4488175955019,45,9.274
2026-06-16 16:10:00+08:00,26.19,72.7,1056.475276996858,24,8.625
2026-06-16 16:15:00+08:00,26.56,74.2,1075.501736398214,34,8.606
2026-06-16 16:20:00+08:00,27.27,75.8,1064.52819579957,26,8.659
2026-06-16 16:25:00+08:00,26.18,78.0,1073.5546552009262,32,8.681
2026-06-16 16:30:00+08:00,26.69,74.7,1077.581114602282,32,8.847
2026-06-16 16:35:00+08:00,26.27,81.5,1082.607574003638,34,8.689
2026-06-16 16:40:00+08:00,26.72,75.2,1085.6340334049942,30,8.491
2026-06-16 16:45:00+08:00,26.3,76.9,1096.6604928063502,31,8.607
2026-06-16 16:50:00+08:00,25.8,78.1,1101.6869522077063,29,8.176
2026-06-16 16:55:00+08:00,26.14,79.5,1090.7134116090624,26,8.148
2026-06-16 17:00:00+08:00,26.08,74.2,1078.7398710104185,23,8.32
2026-06-16 17:05:00+08:00,26.3,76.1,1056.7663304117743,26,8.67
2026-06-16 17:10:00+08:00,26.33,76.5,1074.7927898131304,32,8.717
2026-06-16 17:15:00+08:00,25.87,74.0,1056.8192492144865,21,8.395
2026-06-16 17:20:00+08:00,26.91,77.1,1023.8457086158426,14,8.127
2026-06-16 17:25:00+08:00,26.59,72.2,1015.8721680171986,23,8.237
2026-06-16 17:30:00+08:00,26.15,-999.0,1012.8986274185546,31,8.086
2026-06-16 17:35:00+08:00,26.35,73.3,998.9250868199107,17,8.182
2026-06-16 17:40:00+08:00,25.76,75.5,1011.9515462212668,32,8.385
2026-06-16 17:45:00+08:00,26.31,76.4,990.9780056226227,16,8.062
2026-06-16 17:50:00+08:00,26.38,72.7,995.0044650239788,25,8.15
2026-06-16 17:55:00+08:00,25.56,77.8,1014.0309244253349,35,8.625
2026-06-16 18:00:00+08:00,29.95,68.3,953.057383826691,0,3.628
2026-06-16 18:05:00+08:00,29.55,69.0,913.0838432280469,0,3.222
2026-06-16 18:10:00+08:00,29.73,66.5,867.110302629403,0,3.918
2026-06-16 18:15:00+08:00,30.55,65.8,829.1367620307591,0,3.98
2026-06-16 18:20:00+08:00,29.28,67.2,791.163221432115,0,3.462
2026-06-16 18:25:00+08:00,29.59,65.8,759.1896808334711,0,3.812
2026-06-16 18:30:00+08:00,29.53,69.8,726.2161402348272,0,3.725
2026-06-16 18:35:00+08:00,29.41,72.0,706.2425996361833,0,3.474
2026-06-16 18:40:00+08:00,28.89,64.9,675.2690590375393,0,3.567
2026-06-16 18:45:00+08:00,29.48,71.5,649.2955184388953,0,3.769
2026-06-16 18:50:00+08:00,29.63,75.1,632.3219778402514,0,3.542
2026-06-16 18:55:00+08:00,29.38,67.6,619.3484372416074,0,3.782
2026-06-16 19:00:00+08:00,29.87,72.2,600.3748966429634,0,3.736
2026-06-16 19:05:00+08:00,28.85,68.9,597.4013560443195,0,3.527
2026-06-16 19:10:00+08:00,29.36,71.3,585.4278154456755,0,3.306
2026-06-16 19:15:00+08:00,28.23,71.1,572.4542748470316,0,3.582
2026-06-16 19:20:00+08:00,28.71,68.2,556.4807342483876,0,3.308
2026-06-16 19:25:00+08:00,29.56,73.5,551.5071936497437,0,3.1
2026-06-16 19:30:00+08:00,28.71,70.9,544.5336530510997,0,3.493
2026-06-16 19:35:00+08:00,28.67,73.7,539.5601124524558,0,3.427
2026-06-16 19:40:00+08:00,28.59,71.2,531.5865718538118,0,3.252
2026-06-16 19:45:00+08:00,28.88,69.3,521.6130312551678,0,3.35
2026-06-16 19:50:00+08:00,28.05,73.1,521.6394906565239,0,3.016
2026-06-16 19:55:00+08:00,28.32,69.8,515.66595005788,0,3.029
2026-06-16 20:00:00+08:00,27.37,76.2,506.692409459236,0,2.883
2026-06-16 20:05:00+08:00,27.96,69.9,502.718868860592,0,2.869
2026-06-16 20:10:00+08:00,28.28,70.4,501.7453282619481,0,3.222
2026-06-16 20:15:00+08:00,27.29,71.1,493.7717876633041,0,2.776
2026-06-16 20:20:00+08:00,27.9,72.0,496.79824706466013,0,2.899
2026-06-16 20:25:00+08:00,27.97,74.6,496.8247064660162,0,3.352
2026-06-16 20:30:00+08:00,27.93,75.7,498.85116586737223,0,3.294
2026-06-16 20:35:00+08:00,27.44,74.1,495.8776252687283,0,3.232
2026-06-16 20:40:00+08:00,28.12,73.2,495.90408467008433,0,3.173
2026-06-16 20:45:00+08:00,27.4,75.3,495.9305440714404,0,2.756
2026-06-16 20:50:00+08:00,27.46,73.1,501.95700347279643,0,2.967
2026-06-16 20:55:00+08:00,27.44,73.0,486.98346287415245,0,2.902
2026-06-16 21:00:00+08:00,27.39,68.7,476.00992227550853,0,2.957
2026-06-16 21:05:00+08:00,28.13,70.1,480.03638167686455,0,3.11
2026-06-16 21:10:00+08:00,27.12,67.7,481.06284107822063,0,2.873
2026-06-16 21:15:00+08:00,28.09,71.1,480.08930047957665,0,3.192
2026-06-16 21:20:00+08:00,27.05,73.7,483.11575988093267,0,2.812
2026-06-16 21:25:00+08:00,26.97,73.5,482.14221928228875,0,2.577
2026-06-16 21:30:00+08:00,26.91,72.9,478.16867868364477,0,2.933
2026-06-16 21:35:00+08:00,26.35,73.2,480.19513808500085,0,2.552
2026-06-16 21:40:00+08:00,27.12,72.8,485.22159748635687,0,2.478
2026-06-16 21:45:00+08:00,26.59,79.3,484.2480568877129,0,2.729
2026-06-16 21:50:00+08:00,26.73,75.4,475.27451628906897,0,2.701
2026-06-16 21:55:00+08:00,25.58,74.6,485.300975690425,0,2.211
2026-06-16 22:00:00+08:00,27.39,70.3,484.32743509178107,0,2.903
2026-06-16 22:05:00+08:00,26.56,75.8,486.3538944931371,0,2.734
2026-06-16 22:10:00+08:00,26.12,73.7,485.38035389449317,0,2.312
2026-06-16 22:15:00+08:00,26.12,71.5,486.4068132958492,0,2.358
2026-06-16 22:20:00+08:00,25.81,74.9,485.4332726972052,0,2.675
2026-06-16 22:25:00+08:00,26.3,78.1,478.4597320985613,0,2.437
2026-06-16 22:30:00+08:00,25.83,74.6,473.4861914999173,0,2.518
2026-06-16 22:35:00+08:00,26.03,74.2,476.51265090127333,0,2.366
2026-06-16 22:40:00+08:00,25.16,76.7,476.5391103026294,0,1.829
2026-06-16 22:45:00+08:00,25.75,76.5,475.56556970398543,0,2.284
2026-06-16 22:50:00+08:00,25.69,77.8,478.5920291053415,0,2.572
2026-06-16 22:55:00+08:00,25.71,80.2,476.61848850669753,0,2.456
2026-06-16 23:00:00+08:00,25.57,75.1,478.6449479080536,0,2.54
2026-06-16 23:05:00+08:00,25.82,80.8,473.67140730940963,0,2.27
2026-06-16 23:10:00+08:00,26.44,77.3,467.69786671076565,0,2.475
2026-06-16 23:15:00+08:00,25.29,78.8,469.72432611212173,0,2.098
2026-06-16 23:20:00+08:00,25.08,78.2,471.75078551347775,0,2.539
2026-06-16 23:25:00+08:00,25.65,82.0,472.7772449148338,0,2.435
2026-06-16 23:30:00+08:00,24.92,76.7,476.80370431618985,0,2.48
2026-06-16 23:35:00+08:00,25.22,75.8,473.8301637175459,0,2.184
2026-06-16 23:40:00+08:00,25.27,76.4,471.85662311890195,0,2.153
2026-06-16 23:45:00+08:00,25.97,80.6,476.883082520258,0,2.27
2026-06-16 23:50:00+08:00,24.48,79.9,483.90954192161405,0,2.138
2026-06-16 23:55:00+08:00,24.98,77.9,485.93600132297007,0,2.438
2026-06-17 00:00:00+08:00,25.59,75.3,483.9624607243261,0,2.371
2026-06-17 00:05:00+08:00,24.96,81.9,476.98892012568217,0,1.833
2026-06-17 00:10:00+08:00,24.81,79.7,474.0153795270382,0,2.305
2026-06-17 00:15:00+08:00,25.17,76.5,475.0418389283942,0,2.275
2026-06-17 00:20:00+08:00,24.6,76.9,475.0682983297503,0,1.998
2026-06-17 00:25:00+08:00,24.82,77.2,480.0947577311063,0,2.424
2026-06-17 00:30:00+08:00,24.26,82.8,491.1212171324624,0,2.387
2026-06-17 00:35:00+08:00,24.06,78.9,495.1476765338184,0,1.799
2026-06-17 00:40:00+08:00,23.83,78.3,493.1741359351745,0,2.269
2026-06-17 00:45:00+08:00,25.06,77.6,500.2005953365305,0,2.667
2026-06-17 00:50:00+08:00,25.05,78.2,500.22705473788653,0,1.794
2026-06-17 00:55:00+08:00,24.84,78.1,497.2535141392426,0,2.033
2026-06-17 01:00:00+08:00,24.11,80.2,498.27997354059863,0,1.98
2026-06-17 01:05:00+08:00,23.81,80.3,493.3064329419547,0,1.696
2026-06-17 01:10:00+08:00,24.27,84.3,491.33289234331073,0,2.364
2026-06-17 01:15:00+08:00,24.32,78.0,496.35935174466675,0,2.032
2026-06-17 01:20:00+08:00,24.26,77.7,494.38581114602283,0,1.815
2026-06-17 01:25:00+08:00,24.32,78.2,485.41227054737885,0,1.736
2026-06-17 01:30:00+08:00,24.04,80.6,482.43872994873493,0,1.91
2026-06-17 01:35:00+08:00,24.69,77.0,479.46518935009095,0,2.167
2026-06-17 01:40:00+08:00,24.25,79.0,483.491648751447,0,1.985
2026-06-17 01:45:00+08:00,23.68,80.4,481.51810815280305,0,1.917
2026-06-17 01:50:00+08:00,23.12,81.1,473.5445675541591,0,1.558
2026-06-17 01:55:00+08:00,24.11,81.2,475.57102695551515,0,1.842
2026-06-17 01:55:00+08:00,24.11,81.2,475.57102695551515,0,1.842
2026-06-17 02:00:00+08:00,23.88,84.2,476.5974863568712,0,1.634
2026-06-17 02:05:00+08:00,24.85,81.3,479.62394575822725,0,1.863
2026-06-17 02:10:00+08:00,23.77,84.8,477.6504051595833,0,1.66
2026-06-17 02:15:00+08:00,24.7,76.6,474.6768645609393,0,1.714
2026-06-17 02:20:00+08:00,23.85,80.4,477.70332396229537,0,2.052
2026-06-17 02:25:00+08:00,24.07,84.9,486.7297833636514,0,1.565
2026-06-17 02:30:00+08:00,24.76,81.1,487.7562427650074,0,2.184
2026-06-17 02:35:00+08:00,24.39,82.1,479.7827021663635,0,1.688
2026-06-17 02:40:00+08:00,23.76,82.1,473.8091615677195,0,2.191
2026-06-17 02:45:00+08:00,23.84,81.2,476.8356209690756,0,2.16
2026-06-17 02:50:00+08:00,24.41,79.0,481.8620803704316,0,2.107
2026-06-17 02:55:00+08:00,24.89,74.8,484.8885397717877,0,1.682
2026-06-17 03:00:00+08:00,23.3,82.0,484.9149991731437,0,1.907
2026-06-17 03:05:00+08:00,23.52,81.0,482.94145857449973,0,1.808
2026-06-17 03:10:00+08:00,23.81,78.5,486.9679179758558,0,1.646
2026-06-17 03:15:00+08:00,23.52,83.3,487.99437737721183,0,1.663
2026-06-17 03:20:00+08:00,23.38,82.5,490.02083677856785,0,1.66
2026-06-17 03:25:00+08:00,23.02,80.1,491.04729617992393,0,1.324
2026-06-17 03:30:00+08:00,23.95,83.4,488.07375558127995,0,1.882
2026-06-17 03:35:00+08:00,24.05,80.6,481.10021498263603,0,2.173
2026-06-17 03:40:00+08:00,24.23,79.0,486.12667438399205,0,1.781
2026-06-17 03:45:00+08:00,23.55,79.3,488.15313378534813,0,1.885
2026-06-17 03:50:00+08:00,24.3,81.0,490.17959318670415,0,1.856
2026-06-17 03:55:00+08:00,24.85,76.7,485.2060525880602,0,1.855
2026-06-17 04:00:00+08:00,23.62,81.5,485.23251198941625,0,1.745
2026-06-17 04:05:00+08:00,24.36,81.8,483.2589713907723,0,2.135
2026-06-17 04:10:00+08:00,24.5,78.9,481.28543079212835,0,1.833
2026-06-17 04:15:00+08:00,24.16,78.3,482.3118901934844,0,1.669
2026-06-17 04:20:00+08:00,24.06,79.9,473.3383495948404,0,2.213
2026-06-17 04:25:00+08:00,25.1,79.3,476.3648089961965,0,1.856
2026-06-17 04:30:00+08:00,23.54,80.3,474.3912683975525,0,1.909
2026-06-17 04:35:00+08:00,24.09,79.7,476.4177277989086,0,2.257
2026-06-17 04:40:00+08:00,23.88,78.3,471.4441872002646,0,1.884
2026-06-17 04:45:00+08:00,24.48,79.2,477.4706466016206,0,1.682
2026-06-17 04:50:00+08:00,24.6,78.7,475.4971060029767,0,1.898
2026-06-17 04:55:00+08:00,24.33,77.9,479.5235654043327,0,2.297
2026-06-17 05:00:00+08:00,25.13,74.7,478.5500248056888,0,2.195
2026-06-17 05:05:00+08:00,24.18,75.0,475.5764842070448,0,1.987
2026-06-17 05:10:00+08:00,24.37,79.1,477.60294360840084,0,2.17
2026-06-17 05:15:00+08:00,24.93,75.7,479.6294030097569,0,2.218
2026-06-17 05:20:00+08:00,24.45,78.1,475.65586241111293,0,1.758
2026-06-17 05:25:00+08:00,24.51,78.7,474.682321812469,0,2.528
2026-06-17 05:30:00+08:00,24.5,77.8,470.70878121382503,0,1.794
2026-06-17 05:35:00+08:00,24.08,77.1,479.73524061518106,0,1.711
2026-06-17 05:40:00+08:00,24.66,78.5,482.76170001653713,0,2.02
2026-06-17 05:45:00+08:00,25.03,76.9,480.78815941789316,0,2.013
2026-06-17 05:50:00+08:00,24.16,76.2,484.81461881924923,0,1.945
2026-06-17 05:55:00+08:00,24.36,81.0,485.84107822060525,0,1.967
2026-06-17 06:00:00+08:00,25.15,79.2,481.86753762196133,0,2.322
2026-06-17 06:05:00+08:00,24.83,76.9,481.89399702331735,0,1.891
2026-06-17 06:10:00+08:00,24.84,78.5,484.9204564246734,0,2.185
2026-06-17 06:15:00+08:00,25.42,76.1,484.94691582602945,0,2.204
2026-06-17 06:20:00+08:00,24.74,80.7,493.9733752273855,0,2.137
2026-06-17 06:25:00+08:00,25.13,78.6,489.9998346287415,0,2.035
2026-06-17 06:30:00+08:00,25.68,78.0,489.0262940300976,0,2.189
2026-06-17 06:35:00+08:00,25.14,78.0,492.0527534314536,0,1.933
2026-06-17 06:40:00+08:00,25.75,75.7,485.0792128328097,0,2.265
2026-06-17 06:45:00+08:00,25.05,79.3,485.1056722341657,0,2.338
2026-06-17 06:50:00+08:00,26.17,77.2,485.1321316355218,0,2.855
2026-06-17 06:55:00+08:00,25.9,73.2,483.1585910368778,0,2.561
2026-06-17 07:00:00+08:00,26.43,74.0,484.1850504382338,0,2.589
2026-06-17 07:05:00+08:00,25.86,76.2,483.2115098395899,0,2.608
2026-06-17 07:10:00+08:00,26.31,75.9,488.2379692409459,0,2.649
2026-06-17 07:15:00+08:00,25.97,75.5,491.26442864230194,0,2.61
2026-06-17 07:20:00+08:00,26.54,76.2,486.290888043658,0,2.495
2026-06-17 07:25:00+08:00,27.12,74.8,492.31734744501404,0,2.901
2026-06-17 07:30:00+08:00,26.58,75.2,488.3438068463701,0,2.677
2026-06-17 07:35:00+08:00,26.63,76.2,491.37026624772614,0,2.446
2026-06-17 07:40:00+08:00,25.63,74.1,490.3967256490822,0,2.425
2026-06-17 07:45:00+08:00,26.02,77.6,491.42318505043824,0,2.242
2026-06-17 07:50:00+08:00,26.57,77.5,492.44964445179426,0,2.8
2026-06-17 07:55:00+08:00,26.07,75.6,501.47610385315033,0,2.75
2026-06-17 08:00:00+08:00,22.56,83.9,567.5025632545064,32,7.464
2026-06-17 08:05:00+08:00,22.62,83.2,617.5290226558624,27,7.274
2026-06-17 08:10:00+08:00,22.5,76.6,664.5554820572185,30,7.044
2026-06-17 08:15:00+08:00,22.39,81.7,725.5819414585745,38,7.669
2026-06-17 08:20:00+08:00,22.99,83.7,748.6084008599305,23,7.021
2026-06-17 08:25:00+08:00,23.77,79.2,788.6348602612866,28,7.71
2026-06-17 08:30:00+08:00,22.94,82.3,814.6613196626427,29,7.468
2026-06-17 08:35:00+08:00,23.73,77.1,860.6877790639987,38,7.908
2026-06-17 08:40:00+08:00,23.04,82.8,897.7142384653547,34,7.558
2026-06-17 08:45:00+08:00,23.17,81.2,916.7406978667108,33,7.588
2026-06-17 08:50:00+08:00,23.03,81.8,934.7671572680669,29,7.696
2026-06-17 08:55:00+08:00,23.56,82.4,934.7936166694228,23,7.6
2026-06-17 09:00:00+08:00,24.16,75.5,933.8200760707789,21,7.345
2026-06-17 09:05:00+08:00,23.56,77.4,952.846535472135,30,7.472
2026-06-17 09:10:00+08:00,23.28,86.6,977.8729948734909,34,7.753
2026-06-17 09:15:00+08:00,23.96,81.5,987.899454274847,25,7.702
2026-06-17 09:20:00+08:00,24.48,77.1,997.9259136762031,28,7.542
2026-06-17 09:25:00+08:00,23.81,83.3,989.9523730775592,24,7.601
2026-06-17 09:30:00+08:00,24.85,82.5,1004.9788324789151,27,8.009
2026-06-17 09:35:00+08:00,23.01,84.3,999.0052918802712,24,7.43
2026-06-17 09:40:00+08:00,24.41,81.1,993.0317512816273,21,7.605
2026-06-17 09:45:00+08:00,23.72,76.4,1008.0582106829833,29,7.497
2026-06-17 09:50:00+08:00,23.8,80.9,1017.0846700843393,31,8.166
2026-06-17 09:55:00+08:00,23.77,76.2,1041.1111294856953,34,8.193
2026-06-17 10:00:00+08:00,23.6,80.7,1039.1375888870514,26,7.641
2026-06-17 10:05:00+08:00,24.19,80.1,1049.1640482884075,27,8.05
2026-06-17 10:10:00+08:00,24.22,75.0,1070.1905076897635,39,7.87
2026-06-17 10:15:00+08:00,24.64,76.5,1098.2169670911196,38,8.37
2026-06-17 10:20:00+08:00,24.54,76.5,1087.2434264924757,27,8.167
2026-06-17 10:25:00+08:00,24.18,80.0,1084.2698858938315,28,8.118
2026-06-17 10:30:00+08:00,24.53,77.6,1090.2963452951876,30,7.895
2026-06-17 10:35:00+08:00,25.1,77.0,1075.3228046965437,23,8.009
2026-06-17 10:40:00+08:00,24.75,79.9,1068.3492640978998,27,7.764
2026-06-17 10:45:00+08:00,24.54,79.7,1050.3757234992559,19,7.482
2026-06-17 10:50:00+08:00,25.24,81.3,1053.402182900612,26,7.964
2026-06-17 10:55:00+08:00,25.16,76.4,1077.428642301968,36,8.413
2026-06-17 11:00:00+08:00,25.16,81.9,1071.4551017033239,25,7.872
2026-06-17 11:05:00+08:00,25.47,74.5,1058.48156110468,21,7.775
2026-06-17 11:10:00+08:00,24.65,76.9,1081.508020506036,32,8.008
2026-06-17 11:15:00+08:00,24.76,77.8,1082.534479907392,31,8.144
2026-06-17 11:20:00+08:00,25.49,79.3,1061.5609393087482,18,7.895
2026-06-17 11:25:00+08:00,24.55,77.8,1067.5873987101043,28,8.048
2026-06-17 11:30:00+08:00,25.69,73.7,1049.6138581114603,21,8.021
2026-06-17 11:35:00+08:00,25.34,74.9,1042.6403175128162,23,7.776
2026-06-17 11:40:00+08:00,25.83,77.0,1049.6667769141723,31,8.479
2026-06-17 11:45:00+08:00,24.96,74.1,1037.6932363155283,24,8.006
2026-06-17 11:50:00+08:00,25.97,78.7,1052.7196957168844,30,8.497
2026-06-17 11:55:00+08:00,25.42,79.4,1054.7461551182405,23,8.283
2026-06-17 12:00:00+08:00,26.14,80.3,1021.7726145195965,10,7.735
2026-06-17 12:05:00+08:00,25.51,81.3,995.7990739209525,13,7.467
2026-06-17 12:10:00+08:00,25.44,72.7,973.8255333223086,12,7.677
2026-06-17 12:15:00+08:00,26.05,74.3,949.8519927236646,9,7.898
2026-06-17 12:20:00+08:00,26.06,75.9,938.8784521250207,14,7.863
2026-06-17 12:25:00+08:00,25.92,74.8,922.9049115263767,12,7.655
2026-06-17 12:30:00+08:00,26.46,73.3,910.9313709277328,8,7.849
2026-06-17 12:35:00+08:00,26.0,72.3,894.9578303290888,10,7.67
2026-06-17 12:40:00+08:00,26.51,73.8,886.9842897304449,11,7.893
2026-06-17 12:45:00+08:00,27.24,75.1,868.0107491318009,8,8.289
2026-06-17 12:50:00+08:00,26.55,76.2,853.0372085331569,11,8.365
2026-06-17 12:55:00+08:00,26.79,76.4,848.063667934513,14,8.404
2026-06-17 13:00:00+08:00,26.06,72.3,879.090127335869,32,8.733
2026-06-17 13:05:00+08:00,26.56,75.0,908.1165867372251,35,8.629
2026-06-17 13:10:00+08:00,26.06,77.5,937.1430461385811,31,8.687
2026-06-17 13:15:00+08:00,26.97,74.1,955.1695055399372,29,8.676
2026-06-17 13:20:00+08:00,26.65,74.4,958.1959649412931,26,8.263
2026-06-17 13:25:00+08:00,25.98,75.9,985.2224243426492,34,8.702
2026-06-17 13:30:00+08:00,26.49,71.3,1002.2488837440053,28,8.821
2026-06-17 13:35:00+08:00,26.54,70.9,1001.2753431453614,22,8.723
2026-06-17 13:40:00+08:00,26.65,76.9,1004.3018025467173,25,8.927
2026-06-17 13:45:00+08:00,26.54,71.6,1004.3282619480734,26,8.345
2026-06-17 13:50:00+08:00,26.82,73.3,1007.3547213494295,23,8.329
2026-06-17 13:55:00+08:00,26.54,76.0,1027.3811807507855,30,8.788
2026-06-17 14:00:00+08:00,27.11,72.8,1006.4076401521415,20,8.335
2026-06-17 14:05:00+08:00,26.56,76.7,1036.4340995534976,38,9.214
2026-06-17 14:10:00+08:00,26.56,76.8,1030.4605589548537,25,8.92
2026-06-17 14:15:00+08:00,27.41,76.2,1011.4870183562097,15,8.35
2026-06-17 14:20:00+08:00,27.39,75.0,1029.5134777575659,28,8.378
2026-06-17 14:25:00+08:00,27.49,75.0,1041.5399371589217,33,9.007
2026-06-17 14:30:00+08:00,26.45,74.3,1027.5663965602778,28,8.678
2026-06-17 14:35:00+08:00,26.8,78.3,1044.5928559616339,35,9.243
2026-06-17 14:40:00+08:00,26.87,74.5,1024.61931536299,21,8.361
2026-06-17 14:45:00+08:00,27.07,72.7,1010.645774764346,19,8.317
2026-06-17 14:50:00+08:00,27.23,69.1,1012.672234165702,28,8.735
2026-06-17 14:55:00+08:00,26.75,75.6,1010.6986935670581,21,8.282
2026-06-17 15:00:00+08:00,27.28,74.6,1029.725152968414,31,9.089
2026-06-17 15:05:00+08:00,27.48,74.9,1019.7516123697701,22,8.51
2026-06-17 15:10:00+08:00,27.28,73.7,999.7780717711262,18,8.628
2026-06-17 15:15:00+08:00,27.36,75.5,1011.8045311724823,32,8.981
2026-06-17 15:20:00+08:00,27.16,74.5,1024.8309905738383,31,8.727
2026-06-17 15:25:00+08:00,26.74,76.3,1033.8574499751944,28,8.433
2026-06-17 15:30:00+08:00,27.09,76.2,1033.8839093765503,25,8.431
2026-06-17 15:35:00+08:00,26.42,78.7,1045.9103687779063,32,8.604
2026-06-17 15:40:00+08:00,26.94,74.8,1029.9368281792624,22,8.572
2026-06-17 15:45:00+08:00,27.27,77.7,1029.9632875806185,21,8.789
2026-06-17 15:50:00+08:00,27.17,72.4,1032.9897469819746,24,8.293
2026-06-17 15:55:00+08:00,26.9,74.1,1037.0162063833307,25,8.486
2026-06-17 16:00:00+08:00,27.61,68.5,1025.0426657846865,24,8.704
2026-06-17 16:05:00+08:00,26.85,74.0,1030.0691251860426,26,8.588
2026-06-17 16:10:00+08:00,26.0,74.1,1046.0955845873987,30,8.813
2026-06-17 16:15:00+08:00,26.88,76.1,1044.1220439887547,25,8.61
2026-06-17 16:20:00+08:00,27.02,73.5,1057.1485033901108,28,8.594
2026-06-17 16:25:00+08:00,27.31,76.6,1069.174962791467,37,9.061
2026-06-17 16:30:00+08:00,26.05,70.4,1081.201422192823,31,8.501
2026-06-17 16:35:00+08:00,26.2,78.1,1076.2278815941788,27,8.663
2026-06-17 16:40:00+08:00,27.48,74.4,1081.254340995535,32,8.97
2026-06-17 16:45:00+08:00,26.77,75.5,1076.280800396891,28,8.559
2026-06-17 16:50:00+08:00,26.38,75.4,1071.307259798247,26,8.594
2026-06-17 16:55:00+08:00,26.32,78.1,1051.3337191996031,23,8.321
2026-06-17 17:00:00+08:00,26.02,72.1,1055.3601786009592,32,8.765
2026-06-17 17:05:00+08:00,25.98,76.6,1083.3866380023153,40,8.964
2026-06-17 17:10:00+08:00,25.57,77.3,1076.4130974036711,23,8.171
2026-06-17 17:15:00+08:00,26.37,76.7,1095.4395568050272,40,8.913
2026-06-17 17:20:00+08:00,25.99,77.6,1091.4660162063833,27,8.2
2026-06-17 17:25:00+08:00,26.14,71.1,1087.4924756077394,29,8.879
2026-06-17 17:30:00+08:00,26.04,77.0,1101.5189350090955,38,9.0
2026-06-17 17:35:00+08:00,26.16,76.8,1112.5453944104515,36,8.844
2026-06-17 17:40:00+08:00,25.83,75.8,1111.5718538118076,26,8.263
2026-06-17 17:45:00+08:00,26.17,77.2,1122.5983132131635,32,8.612
2026-06-17 17:50:00+08:00,26.15,74.5,1117.6247726145195,29,8.681
2026-06-17 17:55:00+08:00,25.52,80.0,1121.6512320158756,31,8.248
2026-06-17 18:00:00+08:00,29.31,72.0,1051.6776914172317,0,3.618
2026-06-17 18:05:00+08:00,29.46,71.8,993.7041508185878,0,3.739
2026-06-17 18:10:00+08:00,28.88,67.9,941.7306102199437,0,3.698
2026-06-17 18:15:00+08:00,29.07,74.8,905.7570696212998,0,3.988
2026-06-17 18:20:00+08:00,28.43,72.2,857.7835290226559,0,3.499
2026-06-17 18:25:00+08:00,28.77,74.0,820.8099884240119,0,3.122
2026-06-17 18:30:00+08:00,29.52,69.4,787.8364478253679,0,3.551
2026-06-17 18:35:00+08:00,29.47,70.2,760.862907226724,0,3.56
2026-06-17 18:40:00+08:00,28.56,71.5,726.8893666280801,0,3.3
2026-06-17 18:45:00+08:00,29.26,74.7,699.9158260294361,0,3.656
2026-06-17 18:50:00+08:00,29.2,67.2,681.9422854307921,0,3.86
2026-06-17 18:55:00+08:00,28.62,66.3,652.9687448321482,0,3.171
2026-06-17 19:00:00+08:00,28.7,71.6,641.9952042335042,0,3.435
2026-06-17 19:05:00+08:00,28.03,76.1,626.0216636348603,0,3.337
2026-06-17 19:10:00+08:00,29.04,71.7,611.0481230362163,0,3.222
2026-06-17 19:15:00+08:00,28.17,72.9,596.0745824375723,0,2.765
2026-06-17 19:20:00+08:00,28.73,69.4,588.1010418389284,0,3.355
2026-06-17 19:25:00+08:00,29.15,73.4,576.1275012402845,0,3.361
2026-06-17 19:30:00+08:00,28.67,68.8,564.1539606416404,0,3.634
2026-06-17 19:35:00+08:00,28.33,74.2,564.1804200429965,0,3.551
2026-06-17 19:40:00+08:00,28.38,75.8,557.2068794443526,0,2.997
2026-06-17 19:45:00+08:00,28.6,70.3,548.2333388457087,0,3.448
2026-06-17 19:50:00+08:00,28.85,71.3,537.2597982470646,0,3.453
2026-06-17 19:55:00+08:00,28.64,71.8,525.2862576484207,0,3.191
2026-06-17 20:00:00+08:00,28.21,70.9,517.3127170497768,0,2.793
2026-06-17 20:05:00+08:00,28.37,71.8,512.3391764511327,0,3.272
2026-06-17 20:10:00+08:00,28.67,69.8,516.3656358524888,0,3.241
2026-06-17 20:15:00+08:00,28.47,68.7,517.3920952538449,0,3.327
2026-06-17 20:20:00+08:00,27.84,73.8,516.418554655201,0,3.128
2026-06-17 20:25:00+08:00,28.56,70.7,517.4450140565569,0,3.257
2026-06-17 20:30:00+08:00,27.75,-999.0,510.471473457913,0,2.77
2026-06-17 20:35:00+08:00,27.75,74.7,503.49793285926904,0,2.923
2026-06-17 20:40:00+08:00,27.47,73.2,501.5243922606251,0,2.997
2026-06-17 20:45:00+08:00,27.84,73.8,499.55085166198114,0,2.861
2026-06-17 20:50:00+08:00,27.86,71.1,499.5773110633372,0,3.267
2026-06-17 20:55:00+08:00,27.15,71.8,493.60377046469324,0,2.992
2026-06-17 21:00:00+08:00,27.39,74.1,493.63022986604926,0,2.984
2026-06-17 21:05:00+08:00,26.9,78.5,490.65668926740534,0,2.743
2026-06-17 21:10:00+08:00,27.51,71.7,491.68314866876136,0,3.063
2026-06-17 21:15:00+08:00,26.6,75.4,490.7096080701174,0,2.553
2026-06-17 21:20:00+08:00,26.71,75.8,481.73606747147346,0,2.585
2026-06-17 21:25:00+08:00,26.81,75.4,480.7625268728295,0,2.895
2026-06-17 21:30:00+08:00,26.64,72.1,482.78898627418556,0,2.681
2026-06-17 21:35:00+08:00,26.45,76.3,486.8154456755416,0,2.656
2026-06-17 21:40:00+08:00,26.32,81.3,490.84190507689766,0,2.725
2026-06-17 21:45:00+08:00,26.03,72.9,486.8683644782537,0,2.872
2026-06-17 21:50:00+08:00,26.64,81.6,495.8948238796097,0,2.593
2026-06-17 21:55:00+08:00,26.8,72.4,492.9212832809658,0,3.149
2026-06-17 22:00:00+08:00,26.44,77.4,492.9477426823218,0,2.483
2026-06-17 22:05:00+08:00,26.1,75.5,493.9742020836778,0,2.609
2026-06-17 22:10:00+08:00,26.12,71.9,493.0006614850339,0,2.526
2026-06-17 22:15:00+08:00,26.61,80.1,497.02712088639,0,2.298
2026-06-17 22:20:00+08:00,26.48,75.0,494.053580287746,0,3.002
2026-06-17 22:25:00+08:00,26.11,77.2,497.080039689102,0,2.429
2026-06-17 22:30:00+08:00,26.31,73.4,503.1064990904581,0,2.744
2026-06-17 22:35:00+08:00,26.31,72.9,509.1329584918141,0,2.43
2026-06-17 22:40:00+08:00,25.74,77.3,504.15941789317014,0,2.284
2026-06-17 22:45:00+08:00,25.58,79.7,510.1858772945262,0,2.234
2026-06-17 22:50:00+08:00,25.98,78.9,511.21233669588224,0,2.403
2026-06-17 22:55:00+08:00,25.71,75.5,506.2387960972383,0,2.466
2026-06-17 23:00:00+08:00,25.54,78.3,500.26525549859434,0,2.683
2026-06-17 23:05:00+08:00,25.47,78.4,498.2917148999504,0,2.277
2026-06-17 23:10:00+08:00,25.46,69.9,486.31817430130644,0,2.421
2026-06-17 23:15:00+08:00,25.44,74.7,485.34463370266246,0,2.288
2026-06-17 23:20:00+08:00,24.6,78.3,484.37109310401854,0,2.211
2026-06-17 23:25:00+08:00,25.13,81.3,491.39755250537456,0,2.458
2026-06-17 23:30:00+08:00,25.36,77.7,492.4240119067306,0,2.667
2026-06-17 23:35:00+08:00,25.08,78.8,501.45047130808666,0,2.444
2026-06-17 23:40:00+08:00,24.71,81.7,501.4769307094427,0,1.999
2026-06-17 23:45:00+08:00,24.76,78.0,498.50339011079876,0,1.879
2026-06-17 23:50:00+08:00,24.96,77.4,496.5298495121548,0,2.011
2026-06-17 23:55:00+08:00,25.61,79.9,492.55630891351086,0,2.037
2026-06-18 00:00:00+08:00,25.15,77.1,492.5827683148669,0,2.158
2026-06-18 00:05:00+08:00,24.9,75.9,492.6092277162229,0,2.309
2026-06-18 00:10:00+08:00,24.42,77.7,484.635687117579,0,1.676
2026-06-18 00:15:00+08:00,24.59,80.0,485.662146518935,0,2.31
2026-06-18 00:20:00+08:00,24.26,79.9,488.688605920291,0,2.096
2026-06-18 00:25:00+08:00,24.43,80.3,484.7150653216471,0,1.961
2026-06-18 00:30:00+08:00,25.14,78.0,483.7415247230031,0,1.916
2026-06-18 00:35:00+08:00,24.56,79.5,481.7679841243592,0,1.875
2026-06-18 00:40:00+08:00,23.93,79.9,473.7944435257152,0,2.109
2026-06-18 00:45:00+08:00,24.7,74.0,464.8209029270713,0,2.486
2026-06-18 00:50:00+08:00,24.3,74.6,466.8473623284273,0,1.977
2026-06-18 00:55:00+08:00,24.79,78.6,469.87382172978334,0,2.224
2026-06-18 01:00:00+08:00,24.87,77.0,459.9002811311394,0,1.787
2026-06-18 01:05:00+08:00,25.09,80.2,456.92674053249544,0,2.294
2026-06-18 01:10:00+08:00,23.76,83.6,462.95319993385147,0,1.504
2026-06-18 01:15:00+08:00,23.99,82.6,463.97965933520754,0,1.78
2026-06-18 01:15:00+08:00,23.99,82.6,463.97965933520754,0,1.78
2026-06-18 01:20:00+08:00,24.04,77.9,469.00611873656356,0,2.366
2026-06-18 01:25:00+08:00,25.38,79.7,474.03257813791964,0,2.151
2026-06-18 01:30:00+08:00,24.05,80.9,469.05903753927566,0,1.71
2026-06-18 01:35:00+08:00,23.77,79.7,470.08549694063174,0,1.857
2026-06-18 01:40:00+08:00,24.16,82.0,475.11195634198776,0,1.916
2026-06-18 01:45:00+08:00,23.66,78.9,467.1384157433438,0,2.111
2026-06-18 01:50:00+08:00,23.95,80.0,470.16487514469986,0,1.881
2026-06-18 01:55:00+08:00,24.37,79.7,468.1913345460559,0,2.523
2026-06-18 02:00:00+08:00,24.19,81.8,470.2177939474119,0,1.817
2026-06-18 02:05:00+08:00,23.19,82.6,473.244253348768,0,1.818
2026-06-18 02:10:00+08:00,22.52,81.3,474.27071275012406,0,1.195
2026-06-18 02:15:00+08:00,24.44,78.1,469.2971721514801,0,1.849
2026-06-18 02:20:00+08:00,24.05,82.4,472.3236315528361,0,1.519
2026-06-18 02:25:00+08:00,23.62,77.9,479.3500909541922,0,1.383
2026-06-18 02:30:00+08:00,23.17,78.4,487.3765503555482,0,1.807
2026-06-18 02:35:00+08:00,24.24,78.1,488.4030097569042,0,1.739
2026-06-18 02:40:00+08:00,24.06,76.0,473.4294691582603,0,1.796
2026-06-18 02:45:00+08:00,24.3,77.2,476.4559285596163,0,1.925
2026-06-18 02:50:00+08:00,23.67,82.2,472.4823879609724,0,1.559
2026-06-18 02:55:00+08:00,23.74,77.8,480.5088473623284,0,1.368
2026-06-18 03:00:00+08:00,25.06,76.3,481.5353067636845,0,1.615
2026-06-18 03:05:00+08:00,23.63,77.7,486.5617661650405,0,1.861
2026-06-18 03:10:00+08:00,24.18,81.0,497.58822556639655,0,1.943
2026-06-18 03:15:00+08:00,24.08,80.6,500.6146849677526,0,1.933
2026-06-18 03:20:00+08:00,23.57,78.2,506.64114436910864,0,1.66
2026-06-18 03:25:00+08:00,23.67,80.4,512.6676037704647,0,1.385
2026-06-18 03:30:00+08:00,23.74,76.2,509.69406317182074,0,1.739
2026-06-18 03:35:00+08:00,24.29,80.1,506.72052257317677,0,1.781
2026-06-18 03:40:00+08:00,24.23,77.3,510.74698197453284,0,2.055
2026-06-18 03:45:00+08:00,23.95,81.8,505.77344137588886,0,1.32
2026-06-18 03:50:00+08:00,23.96,74.5,514.7999007772449,0,1.593
2026-06-18 03:55:00+08:00,24.11,78.7,521.8263601786009,0,1.986
2026-06-18 04:00:00+08:00,23.87,78.0,519.852819579957,0,1.806
2026-06-18 04:05:00+08:00,23.96,82.2,510.87927898131306,0,1.717
2026-06-18 04:10:00+08:00,24.1,81.3,508.9057383826691,0,1.805
2026-06-18 04:15:00+08:00,24.34,79.1,504.9321977840251,0,1.882
2026-06-18 04:20:00+08:00,23.54,84.3,503.9586571853812,0,1.778
2026-06-18 04:25:00+08:00,23.54,81.4,498.9851165867372,0,1.84
2026-06-18 04:30:00+08:00,24.28,83.9,495.0115759880933,0,1.804
2026-06-18 04:35:00+08:00,24.55,77.7,500.0380353894493,0,1.674
2026-06-18 04:40:00+08:00,23.97,80.6,502.0644947908054,0,2.005
2026-06-18 04:45:00+08:00,24.2,80.4,507.0909541921614,0,1.826
2026-06-18 04:50:00+08:00,24.49,71.5,502.1174135935174,0,1.702
2026-06-18 04:55:00+08:00,24.11,76.7,501.1438729948735,0,1.936
2026-06-18 05:00:00+08:00,24.17,79.3,498.1703323962295,0,2.067
2026-06-18 05:05:00+08:00,24.46,81.3,506.19679179758555,0,2.052
2026-06-18 05:10:00+08:00,24.72,74.4,506.2232511989416,0,2.198
2026-06-18 05:15:00+08:00,25.39,76.0,503.2497106002977,0,2.355
2026-06-18 05:20:00+08:00,24.99,-999.0,506.2761700016537,0,1.852
2026-06-18 05:25:00+08:00,23.79,78.0,509.30262940300975,0,1.77
2026-06-18 05:30:00+08:00,24.57,78.0,505.3290888043658,0,2.148
2026-06-18 05:35:00+08:00,24.45,79.0,507.35554820572185,0,2.205
2026-06-18 05:40:00+08:00,24.09,82.9,507.38200760707787,0,1.824
2026-06-18 05:45:00+08:00,24.71,81.7,508.40846700843395,0,2.034
2026-06-18 05:50:00+08:00,25.39,75.4,515.43492640979,0,2.489
2026-06-18 05:55:00+08:00,24.8,77.0,511.461385811146,0,2.434
2026-06-18 06:00:00+08:00,24.39,78.7,515.4878452125021,0,2.04
2026-06-18 06:05:00+08:00,24.68,79.9,514.5143046138581,0,1.97
2026-06-18 06:10:00+08:00,25.31,75.7,512.5407640152141,0,2.171
2026-06-18 06:15:00+08:00,25.51,80.9,517.5672234165702,0,2.146
2026-06-18 06:20:00+08:00,24.89,76.4,510.59368281792626,0,2.523
2026-06-18 06:25:00+08:00,25.28,74.1,501.6201422192823,0,2.244
2026-06-18 06:30:00+08:00,25.4,76.5,496.6466016206383,0,1.92
2026-06-18 06:35:00+08:00,25.08,76.1,489.6730610219944,0,2.198
2026-06-18 06:40:00+08:00,25.76,75.2,488.6995204233504,0,2.18
2026-06-18 06:45:00+08:00,25.4,76.0,499.7259798247065,0,2.435
2026-06-18 06:50:00+08:00,24.67,78.2,495.7524392260625,0,2.164
2026-06-18 06:55:00+08:00,25.29,79.9,496.7788986274186,0,1.814
2026-06-18 07:00:00+08:00,26.13,75.7,487.8053580287746,0,2.446
2026-06-18 07:05:00+08:00,26.33,79.8,495.8318174301306,0,2.602
2026-06-18 07:10:00+08:00,25.93,75.1,490.8582768314867,0,2.323
2026-06-18 07:15:00+08:00,25.9,71.7,495.8847362328427,0,2.441
2026-06-18 07:20:00+08:00,26.07,76.4,500.91119563419875,0,2.521
2026-06-18 07:25:00+08:00,25.69,75.5,501.9376550355548,0,2.491
2026-06-18 07:30:00+08:00,25.65,77.9,505.96411443691085,0,2.7
2026-06-18 07:35:00+08:00,25.88,79.8,505.9905738382669,0,2.384
2026-06-18 07:40:00+08:00,25.8,73.9,502.01703323962295,0,2.419
2026-06-18 07:45:00+08:00,26.12,73.8,497.043492640979,0,2.678
2026-06-18 07:50:00+08:00,26.03,76.7,487.06995204233505,0,2.555
2026-06-18 07:55:00+08:00,26.47,78.5,486.09641144369107,0,2.718
2026-06-18 08:00:00+08:00,22.37,79.2,545.1228708450471,32,7.229
2026-06-18 08:05:00+08:00,23.34,77.4,613.1493302464032,36,7.458
2026-06-18 08:10:00+08:00,22.85,83.0,666.1757896477592,31,7.732
2026-06-18 08:15:00+08:00,22.26,81.0,697.2022490491153,23,7.18
2026-06-18 08:20:00+08:00,23.42,82.2,732.2287084504713,23,7.189
2026-06-18 08:25:00+08:00,23.18,78.9,789.2551678518273,35,7.783
2026-06-18 08:30:00+08:00,23.33,81.3,824.2816272531834,30,7.481
2026-06-18 08:35:00+08:00,22.6,84.3,864.3080866545395,34,7.547
2026-06-18 08:40:00+08:00,23.31,82.2,891.3345460558955,31,7.554
2026-06-18 08:45:00+08:00,22.24,82.7,912.3610054572515,28,7.626
2026-06-18 08:50:00+08:00,22.68,80.8,927.3874648586076,25,7.069
2026-06-18 08:55:00+08:00,24.07,85.0,946.4139242599637,27,7.577
2026-06-18 09:00:00+08:00,24.01,77.0,933.4403836613196,16,7.222
2026-06-18 09:05:00+08:00,23.61,77.9,953.4668430626757,29,8.272
2026-06-18 09:10:00+08:00,23.55,83.3,960.4933024640318,25,7.496
2026-06-18 09:15:00+08:00,23.14,79.1,982.5197618653877,30,7.511
2026-06-18 09:20:00+08:00,23.71,85.7,1020.5462212667438,38,8.105
2026-06-18 09:25:00+08:00,23.68,83.3,1020.5726806680999,27,7.519
2026-06-18 09:30:00+08:00,24.05,81.5,1010.5991400694559,19,7.282
2026-06-18 09:35:00+08:00,23.67,81.3,1007.625599470812,25,7.57
2026-06-18 09:40:00+08:00,24.2,75.1,1009.652058872168,22,7.37
2026-06-18 09:45:00+08:00,23.86,80.0,1007.6785182735241,24,7.47
2026-06-18 09:50:00+08:00,24.76,77.3,1036.7049776748802,39,8.176
2026-06-18 09:55:00+08:00,23.49,79.3,1048.731437076236,31,7.623
2026-06-18 10:00:00+08:00,23.64,80.9,1035.757896477592,20,7.73
2026-06-18 10:05:00+08:00,23.96,77.4,1024.7843558789482,21,7.299
2026-06-18 10:10:00+08:00,24.33,81.4,1040.8108152803043,31,8.281
2026-06-18 10:15:00+08:00,24.82,77.1,1051.8372746816603,30,8.277
2026-06-18 10:20:00+08:00,24.66,81.2,1049.8637340830164,29,8.098
2026-06-18 10:25:00+08:00,24.65,74.7,1079.8901934843725,43,8.409
2026-06-18 10:30:00+08:00,24.12,79.7,1067.9166528857286,23,7.606
2026-06-18 10:35:00+08:00,25.08,80.2,1067.9431122870844,29,7.844
2026-06-18 10:40:00+08:00,25.54,76.0,1060.9695716884405,24,8.309
2026-06-18 10:45:00+08:00,25.21,78.8,1071.9960310897966,31,8.241
2026-06-18 10:50:00+08:00,24.86,77.2,1084.0224904911527,29,8.103
2026-06-18 10:55:00+08:00,25.32,74.2,1051.0489498925087,16,7.954
2026-06-18 11:00:00+08:00,24.96,82.4,1041.0754092938648,25,7.714
2026-06-18 11:05:00+08:00,25.78,78.1,1038.1018686952207,25,8.303
2026-06-18 11:10:00+08:00,25.14,77.5,1009.1283280965768,16,7.279
2026-06-18 11:15:00+08:00,25.06,79.8,1011.1547874979328,29,7.836
2026-06-18 11:20:00+08:00,25.95,76.1,1007.1812468992889,24,8.345
2026-06-18 11:25:00+08:00,25.45,76.1,1005.207706300645,27,7.916
2026-06-18 11:30:00+08:00,25.53,75.8,978.234165702001,17,7.908
2026-06-18 11:35:00+08:00,25.98,75.6,953.260625103357,13,7.614
2026-06-18 11:40:00+08:00,27.0,77.0,947.2870845047131,22,8.645
2026-06-18 11:45:00+08:00,25.73,76.4,955.3135439060691,29,8.698
2026-06-18 11:50:00+08:00,25.41,80.2,966.3400033074251,30,8.471
2026-06-18 11:55:00+08:00,26.14,76.7,973.3664627087812,27,8.674
2026-06-18 12:00:00+08:00,26.36,72.3,941.3929221101373,10,8.088
2026-06-18 12:05:00+08:00,26.01,77.9,916.4193815114933,6,7.552
2026-06-18 12:10:00+08:00,25.28,80.2,889.4458409128493,9,7.652
2026-06-18 12:15:00+08:00,26.34,76.8,889.4723003142054,16,8.129
2026-06-18 12:20:00+08:00,26.3,77.9,871.4987597155614,11,7.523
2026-06-18 12:25:00+08:00,26.28,80.0,847.5252191169175,12,7.952
2026-06-18 12:30:00+08:00,26.66,71.7,827.5516785182735,9,7.814
2026-06-18 12:35:00+08:00,26.56,74.0,823.5781379196296,10,8.252
2026-06-18 12:40:00+08:00,26.04,76.4,808.6045973209856,7,7.673
2026-06-18 12:45:00+08:00,25.98,77.5,789.6310567223417,10,7.78
2026-06-18 12:50:00+08:00,26.21,75.3,779.6575161236977,9,7.73
2026-06-18 12:55:00+08:00,26.17,77.1,772.6839755250537,10,7.897
2026-06-18 13:00:00+08:00,25.79,76.6,803.7104349264098,29,8.092
2026-06-18 13:05:00+08:00,27.01,79.6,833.7368943277659,29,8.474
2026-06-18 13:10:00+08:00,26.14,75.5,870.7633537291218,39,9.131
2026-06-18 13:15:00+08:00,26.04,76.8,875.7898131304779,22,8.225
2026-06-18 13:20:00+08:00,26.58,75.0,918.816272531834,40,8.867
2026-06-18 13:25:00+08:00,27.17,74.1,924.84273193319,23,8.609
2026-06-18 13:30:00+08:00,26.25,72.3,938.869191334546,28,8.567
2026-06-18 13:35:00+08:00,26.41,78.5,936.8956507359021,20,7.854
2026-06-18 13:40:00+08:00,26.37,76.1,957.9221101372582,32,8.542
2026-06-18 13:45:00+08:00,27.43,75.3,964.9485695386142,26,8.334
2026-06-18 13:50:00+08:00,26.02,75.3,997.9750289399702,34,8.6
2026-06-18 13:55:00+08:00,27.53,73.3,1008.0014883413263,27,8.896
2026-06-18 14:00:00+08:00,26.61,73.2,1007.0279477426823,24,8.216
2026-06-18 14:05:00+08:00,27.03,72.7,1004.0544071440384,24,8.504
2026-06-18 14:10:00+08:00,26.83,76.5,996.0808665453944,17,8.333
2026-06-18 14:15:00+08:00,26.54,75.4,1018.1073259467505,36,8.981
2026-06-18 14:20:00+08:00,26.98,75.2,1018.1337853481065,27,8.666
2026-06-18 14:25:00+08:00,26.41,72.8,1025.1602447494624,26,8.552
2026-06-18 14:30:00+08:00,27.4,74.1,1029.1867041508185,30,9.192
2026-06-18 14:35:00+08:00,26.78,82.0,1042.2131635521746,31,8.801
2026-06-18 14:40:00+08:00,26.15,79.8,1052.2396229535307,36,9.105
2026-06-18 14:45:00+08:00,26.61,78.3,1053.2660823548867,23,8.561
2026-06-18 14:50:00+08:00,27.22,75.0,1062.2925417562428,32,8.523
2026-06-18 14:55:00+08:00,26.58,75.6,1093.319001157599,38,9.177
2026-06-18 15:00:00+08:00,26.6,74.7,1105.3454605589548,35,8.762
2026-06-18 15:05:00+08:00,26.62,74.0,1114.3719199603108,32,31.7556
2026-06-18 15:10:00+08:00,26.81,74.0,1130.398379361667,40,31.874399999999998
2026-06-18 15:15:00+08:00,28.04,70.2,1126.424838763023,26,31.914
2026-06-18 15:20:00+08:00,26.76,74.6,1141.451298164379,35,31.528799999999997
2026-06-18 15:25:00+08:00,27.13,69.7,1138.4777575657351,28,30.9816
2026-06-18 15:30:00+08:00,26.6,75.9,1121.5042169670912,23,31.240800000000004
2026-06-18 15:35:00+08:00,27.28,75.5,1135.530676368447,37,33.1956
2026-06-18 15:40:00+08:00,27.1,76.3,1132.5571357698032,29,8.76
2026-06-18 15:45:00+08:00,26.0,78.3,1124.5835951711592,28,8.513
2026-06-18 15:50:00+08:00,27.01,75.2,1131.6100545725153,30,9.138
2026-06-18 15:55:00+08:00,26.14,77.1,1107.6365139738714,18,8.337
2026-06-18 16:00:00+08:00,26.38,74.7,1102.6629733752275,23,8.424
2026-06-18 16:05:00+08:00,27.41,78.3,1110.6894327765835,30,8.898
2026-06-18 16:10:00+08:00,26.92,69.2,1106.7158921779394,28,8.681
2026-06-18 16:15:00+08:00,26.29,72.2,1113.7423515792955,29,8.771
2026-06-18 16:20:00+08:00,25.79,81.0,1116.7688109806516,34,8.729
2026-06-18 16:25:00+08:00,25.59,77.0,1121.7952703820076,33,8.363
2026-06-18 16:30:00+08:00,26.97,72.6,1122.8217297833637,27,8.691
2026-06-18 16:35:00+08:00,27.03,74.3,1106.8481891847198,23,8.716
2026-06-18 16:40:00+08:00,27.3,78.9,1116.8746485860756,34,9.041
2026-06-18 16:45:00+08:00,27.03,74.3,1114.9011079874317,27,8.441
2026-06-18 16:50:00+08:00,27.01,73.4,1089.9275673887878,16,8.232
2026-06-18 16:55:00+08:00,25.91,77.7,1094.9540267901439,31,8.449
2026-06-18 17:00:00+08:00,27.19,78.4,1086.9804861915,25,8.361
2026-06-18 17:05:00+08:00,26.4,79.2,1091.006945592856,28,8.421
2026-06-18 17:10:00+08:00,26.58,76.3,1098.033404994212,33,8.847
2026-06-18 17:15:00+08:00,26.45,70.1,1111.059864395568,36,9.089
2026-06-18 17:20:00+08:00,25.9,75.7,1116.086323796924,33,8.342
2026-06-18 17:25:00+08:00,26.57,77.3,1086.11278319828,16,8.256
2026-06-18 17:30:00+08:00,26.17,71.3,1085.1392425996362,27,8.166
2026-06-18 17:35:00+08:00,26.39,70.6,1074.1657020009923,25,8.271
2026-06-18 17:40:00+08:00,25.95,74.3,1082.1921614023483,31,8.485
2026-06-18 17:45:00+08:00,26.11,77.6,1108.2186208037042,38,8.898
2026-06-18 17:50:00+08:00,26.23,76.2,1096.2450802050603,24,8.354
2026-06-18 17:55:00+08:00,25.85,72.5,1104.2715396064164,29,8.141
2026-06-18 18:00:00+08:00,28.86,67.9,1048.2979990077724,0,3.126
2026-06-18 18:05:00+08:00,29.69,71.2,994.3244584091285,0,3.425
2026-06-18 18:10:00+08:00,30.44,68.5,947.3509178104846,0,4.103
2026-06-18 18:15:00+08:00,28.68,73.0,905.3773772118406,0,3.834
2026-06-18 18:20:00+08:00,28.97,72.6,857.4038366131966,0,3.458
2026-06-18 18:25:00+08:00,29.85,72.4,823.4302960145527,0,3.808
2026-06-18 18:30:00+08:00,29.37,70.2,781.4567554159087,0,3.436
2026-06-18 18:35:00+08:00,29.49,71.0,750.4832148172648,0,3.424
2026-06-18 18:40:00+08:00,29.3,67.7,727.5096742186208,0,3.911
2026-06-18 18:45:00+08:00,29.49,70.6,716.5361336199769,0,3.489
2026-06-18 18:50:00+08:00,28.16,70.9,683.5625930213329,0,3.493
2026-06-18 18:55:00+08:00,29.38,67.6,664.589052422689,0,3.445
2026-06-18 19:00:00+08:00,29.59,67.5,637.615511824045,0,3.665
2026-06-18 19:05:00+08:00,29.35,70.2,620.641971225401,0,3.862
2026-06-18 19:10:00+08:00,29.14,68.6,612.6684306267571,0,3.515
2026-06-18 19:15:00+08:00,28.7,74.3,598.6948900281132,0,3.342
2026-06-18 19:20:00+08:00,28.71,65.7,583.7213494294691,0,3.172
2026-06-18 19:25:00+08:00,28.85,70.8,575.7478088308252,0,3.329
2026-06-18 19:30:00+08:00,28.27,75.1,571.7742682321813,0,3.306
2026-06-18 19:35:00+08:00,28.48,72.7,562.8007276335372,0,3.027
2026-06-18 19:40:00+08:00,28.01,75.1,561.8271870348933,0,3.124
2026-06-18 19:45:00+08:00,28.07,71.2,548.8536464362494,0,2.97
2026-06-18 19:50:00+08:00,28.44,69.5,533.8801058376055,0,3.537
2026-06-18 19:55:00+08:00,28.46,75.6,533.9065652389614,0,3.676
2026-06-18 20:00:00+08:00,27.78,70.0,525.9330246403175,0,3.05
2026-06-18 20:05:00+08:00,27.75,70.2,509.9594840416736,0,3.341
2026-06-18 20:10:00+08:00,27.74,71.7,506.9859434430296,0,2.548
2026-06-18 20:15:00+08:00,28.05,73.6,506.01240284438563,0,3.415
2026-06-18 20:20:00+08:00,27.44,74.8,508.0388622457417,0,2.896
2026-06-18 20:25:00+08:00,27.49,73.2,507.06532164709773,0,3.076
2026-06-18 20:30:00+08:00,27.14,71.8,511.09178104845375,0,3.026
2026-06-18 20:35:00+08:00,27.68,72.2,513.1182404498098,0,2.922
2026-06-18 20:40:00+08:00,27.1,74.7,513.1446998511659,0,2.946
2026-06-18 20:45:00+08:00,27.2,75.5,513.1711592525219,0,2.723
2026-06-18 20:50:00+08:00,27.93,73.1,509.19761865387795,0,3.129
2026-06-18 20:55:00+08:00,27.76,73.7,514.224078055234,0,3.39
2026-06-18 21:00:00+08:00,26.49,77.7,515.25053745659,0,2.671
2026-06-18 21:05:00+08:00,26.76,74.9,512.2769968579461,0,2.866
2026-06-18 21:10:00+08:00,27.28,73.7,513.3034562593022,0,2.897
2026-06-18 21:15:00+08:00,27.76,71.9,512.3299156606581,0,2.9
2026-06-18 21:20:00+08:00,27.06,75.1,506.3563750620142,0,2.512
2026-06-18 21:25:00+08:00,26.26,74.4,499.3828344633703,0,2.739
2026-06-18 21:30:00+08:00,27.0,74.8,508.4092938647263,0,2.808
2026-06-18 21:35:00+08:00,26.72,74.6,508.4357532660824,0,3.058
2026-06-18 21:40:00+08:00,26.68,75.7,510.4622126674384,0,2.287
2026-06-18 21:45:00+08:00,26.53,78.1,509.4886720687945,0,2.31
2026-06-18 21:50:00+08:00,25.96,74.5,499.5151314701505,0,2.409
2026-06-18 21:55:00+08:00,26.13,76.1,503.5415908715065,0,2.529
2026-06-18 22:00:00+08:00,26.05,74.5,503.5680502728626,0,2.641
2026-06-18 22:05:00+08:00,26.63,73.8,503.5945096742186,0,2.65
2026-06-18 22:10:00+08:00,27.04,73.9,490.62096907557464,0,2.777
2026-06-18 22:15:00+08:00,25.77,76.7,498.6474284769307,0,2.608
2026-06-18 22:20:00+08:00,26.22,78.1,505.67388787828673,0,2.715
2026-06-18 22:25:00+08:00,25.74,74.8,508.7003472796428,0,2.469
2026-06-18 22:30:00+08:00,25.77,78.8,499.72680668099883,0,2.342
2026-06-18 22:35:00+08:00,25.87,74.4,489.7532660823549,0,2.246
2026-06-18 22:40:00+08:00,25.72,74.5,488.77972548371093,0,2.454
2026-06-18 22:45:00+08:00,25.47,76.8,496.80618488506695,0,2.286
2026-06-18 22:50:00+08:00,25.94,74.3,495.83264428642303,0,2.264
2026-06-18 22:55:00+08:00,25.49,78.5,501.85910368777905,0,2.449
2026-06-18 23:00:00+08:00,26.42,75.9,495.8855630891351,0,2.791
2026-06-18 23:05:00+08:00,25.66,77.2,489.91202249049115,0,2.846
2026-06-18 23:10:00+08:00,25.84,75.0,494.93848189184723,0,2.461
2026-06-18 23:15:00+08:00,25.02,77.1,495.96494129320325,0,2.698
2026-06-18 23:20:00+08:00,25.44,77.4,488.9914006945593,0,2.099
2026-06-18 23:25:00+08:00,25.31,76.8,491.01786009591535,0,1.91
2026-06-18 23:30:00+08:00,25.08,78.8,499.0443194972714,0,2.34
2026-06-18 23:35:00+08:00,24.28,79.0,497.0707788986274,0,2.167
2026-06-18 23:40:00+08:00,25.76,79.6,496.0972382999835,0,2.158
2026-06-18 23:45:00+08:00,24.95,81.4,506.1236977013395,0,2.64
2026-06-18 23:50:00+08:00,25.28,74.4,499.1501571026955,0,2.224
2026-06-18 23:55:00+08:00,24.55,82.7,495.1766165040516,0,2.16
2026-06-19 00:00:00+08:00,25.9,82.9,494.2030759054077,0,1.975
2026-06-19 00:05:00+08:00,24.83,77.3,506.2295353067637,0,2.295
2026-06-19 00:10:00+08:00,24.46,78.5,504.2559947081197,0,2.17
2026-06-19 00:15:00+08:00,24.99,75.9,501.2824541094758,0,2.09
2026-06-19 00:20:00+08:00,25.39,78.5,499.3089135108318,0,2.328
2026-06-19 00:25:00+08:00,24.56,81.2,499.33537291218784,0,2.435
2026-06-19 00:30:00+08:00,24.51,75.4,498.3618323135439,0,1.929
2026-06-19 00:35:00+08:00,25.06,78.4,495.38829171489994,0,2.198
2026-06-19 00:40:00+08:00,24.63,77.7,493.414751116256,0,2.099
2026-06-19 00:45:00+08:00,24.68,83.4,489.44121051761203,0,2.302
2026-06-19 00:50:00+08:00,23.98,76.1,485.4676699189681,0,1.714
2026-06-19 00:55:00+08:00,24.46,78.1,490.49412932032413,0,2.215
2026-06-19 01:00:00+08:00,24.8,76.3,487.52058872168016,0,2.13
2026-06-19 01:05:00+08:00,23.94,79.2,489.54704812303623,0,2.04
2026-06-19 01:10:00+08:00,24.17,80.4,495.57350752439226,0,2.142
2026-06-19 01:15:00+08:00,24.96,83.1,494.5999669257483,0,1.817
2026-06-19 01:20:00+08:00,24.43,76.4,490.62642632710435,0,1.925
2026-06-19 01:25:00+08:00,24.02,78.9,494.6528857284604,0,2.127
2026-06-19 01:30:00+08:00,24.24,79.3,488.67934512981645,0,1.983
2026-06-19 01:35:00+08:00,23.48,80.9,494.7058045311725,0,1.599
2026-06-19 01:40:00+08:00,23.41,80.6,503.73226393252855,0,1.776
2026-06-19 01:45:00+08:00,23.56,81.8,507.7587233338846,0,1.701
2026-06-19 01:50:00+08:00,23.98,78.2,504.7851827352406,0,1.946
2026-06-19 01:55:00+08:00,23.57,78.5,499.8116421365967,0,1.55
2026-06-19 02:00:00+08:00,23.14,82.1,497.8381015379527,0,1.841
2026-06-19 02:05:00+08:00,23.6,79.6,496.8645609393087,0,1.343
2026-06-19 02:10:00+08:00,24.55,80.4,488.8910203406648,0,2.052
2026-06-19 02:15:00+08:00,23.92,78.1,493.9174797420208,0,1.785
2026-06-19 02:20:00+08:00,24.07,80.5,499.9439391433769,0,1.453
2026-06-19 02:25:00+08:00,24.42,78.7,504.9703985447329,0,1.92
2026-06-19 02:30:00+08:00,23.92,80.8,507.996857946089,0,1.603
2026-06-19 02:35:00+08:00,24.09,80.1,507.023317347445,0,2.175
2026-06-19 02:40:00+08:00,23.72,77.2,515.049776748801,0,1.485
2026-06-19 02:45:00+08:00,23.89,83.3,521.0762361501571,0,1.508
2026-06-19 02:50:00+08:00,23.05,84.6,516.1026955515132,0,1.336
2026-06-19 02:55:00+08:00,23.81,79.0,516.1291549528692,0,1.672
2026-06-19 03:00:00+08:00,24.01,77.5,519.1556143542252,0,1.643
2026-06-19 03:05:00+08:00,23.24,87.5,513.1820737555813,0,1.804
2026-06-19 03:10:00+08:00,23.87,77.3,513.2085331569373,0,1.525
2026-06-19 03:15:00+08:00,23.57,84.3,515.2349925582934,0,1.54
2026-06-19 03:20:00+08:00,23.96,82.3,513.2614519596494,0,1.717
2026-06-19 03:25:00+08:00,23.78,79.6,511.28791136100546,0,2.173
2026-06-19 03:30:00+08:00,23.92,83.5,507.3143707623615,0,1.843
2026-06-19 03:35:00+08:00,24.57,81.2,502.34083016371756,0,2.049
2026-06-19 03:40:00+08:00,24.62,77.1,502.3672895650736,0,2.082
2026-06-19 03:45:00+08:00,23.92,80.9,498.39374896642965,0,2.227
2026-06-19 03:50:00+08:00,23.63,85.9,500.4202083677857,0,1.802
2026-06-19 03:55:00+08:00,24.43,79.3,497.44666776914175,0,1.937
2026-06-19 04:00:00+08:00,24.39,78.6,496.4731271704978,0,1.976
2026-06-19 04:05:00+08:00,23.99,83.9,501.4995865718538,0,1.729
2026-06-19 04:10:00+08:00,24.03,79.7,501.5260459732099,0,2.026
2026-06-19 04:15:00+08:00,24.58,78.6,493.5525053745659,0,1.735
2026-06-19 04:20:00+08:00,24.41,78.4,489.5789647759219,0,2.085
2026-06-19 04:25:00+08:00,24.54,79.5,488.605424177278,0,1.839
2026-06-19 04:30:00+08:00,24.02,82.8,494.631883578634,0,1.8
2026-06-19 04:35:00+08:00,23.93,81.0,493.6583429799901,0,2.159
2026-06-19 04:40:00+08:00,24.54,78.8,487.6848023813461,0,2.002
2026-06-19 04:45:00+08:00,24.01,84.2,486.7112617827022,0,1.73
2026-06-19 04:50:00+08:00,24.62,77.8,494.7377211840582,0,1.854
2026-06-19 04:55:00+08:00,24.62,77.3,499.76418058541424,0,1.919
2026-06-19 05:00:00+08:00,25.31,76.0,505.7906399867703,0,2.18
2026-06-19 05:05:00+08:00,24.16,80.0,503.81709938812634,0,1.98
2026-06-19 05:10:00+08:00,24.47,77.3,508.84355878948236,0,1.969
2026-06-19 05:15:00+08:00,24.44,82.4,511.87001819083844,0,2.239
2026-06-19 05:20:00+08:00,25.04,73.9,506.89647759219446,0,2.429
2026-06-19 05:25:00+08:00,24.14,83.0,515.9229369935505,0,1.629
2026-06-19 05:30:00+08:00,24.21,81.4,516.9493963949066,0,1.767
2026-06-19 05:35:00+08:00,24.65,76.9,528.9758557962626,0,2.299
2026-06-19 05:40:00+08:00,25.09,79.9,531.0023151976186,0,2.068
2026-06-19 05:45:00+08:00,24.55,74.4,526.0287745989747,0,1.875
2026-06-19 05:50:00+08:00,24.5,75.6,527.0552340003308,0,2.179
2026-06-19 05:55:00+08:00,24.41,82.7,529.0816934016868,0,1.858
2026-06-19 06:00:00+08:00,24.84,83.4,530.1081528030428,0,1.839
2026-06-19 06:05:00+08:00,24.62,78.5,528.1346122043989,0,2.08
2026-06-19 06:10:00+08:00,24.34,79.2,524.161071605755,0,1.732
2026-06-19 06:15:00+08:00,24.57,78.5,521.1875310071109,0,1.961
2026-06-19 06:20:00+08:00,24.68,75.0,523.213990408467,0,2.12
2026-06-19 06:25:00+08:00,24.62,79.8,527.2404498098231,0,2.12
2026-06-19 06:30:00+08:00,24.46,77.7,523.2669092111792,0,2.262
2026-06-19 06:35:00+08:00,25.31,77.9,523.2933686125351,0,2.344
2026-06-19 06:40:00+08:00,25.23,78.0,514.3198280138912,0,2.173
2026-06-19 06:45:00+08:00,25.63,79.6,506.3462874152472,0,2.56
2026-06-19 06:50:00+08:00,25.65,76.7,503.37274681660324,0,2.284
2026-06-19 06:55:00+08:00,25.82,79.1,507.3992062179593,0,2.192
2026-06-19 07:00:00+08:00,25.63,77.3,506.4256656193154,0,2.742
2026-06-19 07:05:00+08:00,25.73,73.0,507.4521250206714,0,2.342
2026-06-19 07:10:00+08:00,25.68,74.0,505.47858442202744,0,2.341
2026-06-19 07:15:00+08:00,25.52,78.9,497.5050438233835,0,2.42
2026-06-19 07:20:00+08:00,25.98,78.1,491.53150322473954,0,2.528
2026-06-19 07:25:00+08:00,26.0,76.7,494.55796262609556,0,2.861
2026-06-19 07:30:00+08:00,26.01,77.7,495.58442202745164,0,2.121
2026-06-19 07:35:00+08:00,26.04,79.6,489.61088142880766,0,2.262
2026-06-19 07:40:00+08:00,26.45,77.0,496.63734083016374,0,3.057
2026-06-19 07:45:00+08:00,26.06,78.7,492.66380023151976,0,2.445
2026-06-19 07:50:00+08:00,26.02,74.5,495.69025963287584,0,2.512
2026-06-19 07:55:00+08:00,26.09,76.7,489.71671903423186,0,2.562
2026-06-19 08:00:00+08:00,22.3,83.1,549.7431784355879,27,7.448
2026-06-19 08:05:00+08:00,22.57,83.2,580.769637836944,23,7.318
2026-06-19 08:10:00+08:00,22.56,80.3,637.7960972383,29,7.43
2026-06-19 08:15:00+08:00,22.77,79.6,681.822556639656,26,7.193
2026-06-19 08:20:00+08:00,23.16,78.4,724.8490160410121,30,7.536
2026-06-19 08:25:00+08:00,22.58,78.4,754.8754754423682,23,7.137
2026-06-19 08:30:00+08:00,23.16,80.8,780.9019348437241,22,7.351
2026-06-19 08:35:00+08:00,23.34,77.9,818.9283942450802,31,7.394
2026-06-19 08:40:00+08:00,23.11,80.0,849.9548536464363,36,7.396
2026-06-19 08:45:00+08:00,23.51,84.4,863.9813130477924,25,7.477
2026-06-19 08:50:00+08:00,24.19,81.3,891.0077724491483,34,7.763
2026-06-19 08:55:00+08:00,23.88,75.9,913.0342318505044,30,7.496
2026-06-19 09:00:00+08:00,23.37,82.9,937.0606912518605,27,7.518
2026-06-19 09:05:00+08:00,23.72,78.7,987.0871506532164,42,8.038
2026-06-19 09:10:00+08:00,23.12,79.7,994.1136100545725,26,7.477
2026-06-19 09:15:00+08:00,23.68,79.3,983.1400694559286,17,7.063
2026-06-19 09:20:00+08:00,23.79,80.1,988.1665288572846,19,6.997
2026-06-19 09:25:00+08:00,23.35,79.0,986.1929882586406,22,7.13
2026-06-19 09:30:00+08:00,23.58,81.3,1007.2194476599967,27,7.902
2026-06-19 09:35:00+08:00,23.18,82.9,1021.2459070613527,34,7.627
2026-06-19 09:40:00+08:00,24.16,78.3,1039.2723664627088,28,7.549
2026-06-19 09:45:00+08:00,24.38,76.1,1066.2988258640648,39,8.342
2026-06-19 09:50:00+08:00,24.26,80.3,1058.325285265421,24,7.666
2026-06-19 09:55:00+08:00,23.86,78.0,1045.351744666777,22,7.309
2026-06-19 10:00:00+08:00,24.37,80.2,1036.378204068133,19,7.673
2026-06-19 10:05:00+08:00,24.54,76.6,1026.404663469489,25,7.606
2026-06-19 10:10:00+08:00,24.08,82.1,1019.431122870845,19,7.455
2026-06-19 10:15:00+08:00,24.58,78.0,1038.457582272201,28,7.807
2026-06-19 10:20:00+08:00,24.49,80.0,1041.4840416735572,30,8.072
2026-06-19 10:25:00+08:00,24.74,79.2,1065.5105010749132,35,8.166
2026-06-19 10:30:00+08:00,25.3,76.9,1094.5369604762693,37,8.196
2026-06-19 10:35:00+08:00,25.32,77.2,1079.5634198776252,27,8.291
2026-06-19 10:40:00+08:00,25.35,75.8,1074.5898792789812,25,8.338
2026-06-19 10:45:00+08:00,25.79,74.5,1063.6163386803373,26,8.154
2026-06-19 10:50:00+08:00,24.48,76.0,1062.6427980816934,29,8.165
2026-06-19 10:55:00+08:00,24.52,81.7,1070.6692574830495,31,7.94
2026-06-19 11:00:00+08:00,24.99,73.6,1079.6957168844056,27,7.756
2026-06-19 11:05:00+08:00,24.16,77.7,1082.7221762857616,31,8.076
2026-06-19 11:10:00+08:00,25.03,74.2,1090.7486356871175,30,8.35
2026-06-19 11:15:00+08:00,25.25,78.6,1105.7750950884736,35,8.58
2026-06-19 11:20:00+08:00,25.58,76.8,1105.8015544898296,27,8.208
2026-06-19 11:25:00+08:00,25.32,75.9,1080.8280138911857,21,8.141
2026-06-19 11:30:00+08:00,25.96,75.2,1086.8544732925418,30,8.4
2026-06-19 11:35:00+08:00,25.34,77.2,1096.8809326938979,33,8.39
2026-06-19 11:40:00+08:00,25.63,83.6,1093.9073920952537,26,8.337
2026-06-19 11:45:00+08:00,25.75,75.0,1080.9338514966098,25,8.243
2026-06-19 11:50:00+08:00,26.18,75.3,1057.9603108979659,21,7.947
2026-06-19 11:55:00+08:00,26.5,77.3,1033.986770299322,16,8.123
2026-06-19 12:00:00+08:00,25.96,77.9,1018.013229700678,13,7.934
2026-06-19 12:05:00+08:00,26.79,75.8,976.0396891020341,8,7.556
2026-06-19 12:10:00+08:00,25.04,75.5,948.0661485033901,10,7.489
2026-06-19 12:15:00+08:00,25.79,74.5,924.0926079047462,8,7.971
2026-06-19 12:20:00+08:00,26.33,81.4,908.1190673061022,11,7.799
2026-06-19 12:25:00+08:00,26.0,79.5,894.1455267074582,9,7.784
2026-06-19 12:30:00+08:00,26.26,75.6,882.1719861088143,10,7.825
2026-06-19 12:35:00+08:00,26.71,77.9,860.1984455101704,10,8.071
2026-06-19 12:40:00+08:00,27.07,78.4,838.2249049115264,9,8.013
2026-06-19 12:45:00+08:00,26.66,76.0,818.2513643128824,7,7.507
2026-06-19 12:50:00+08:00,25.96,73.8,803.2778237142385,8,7.542
2026-06-19 12:55:00+08:00,27.3,73.5,786.3042831155946,7,7.836
2026-06-19 13:00:00+08:00,26.51,76.2,831.3307425169505,35,8.645
2026-06-19 13:05:00+08:00,26.75,82.5,846.3572019183066,23,8.211
2026-06-19 13:10:00+08:00,26.35,75.4,889.3836613196627,38,9.083
2026-06-19 13:15:00+08:00,26.88,75.1,915.4101207210186,32,8.777
2026-06-19 13:20:00+08:00,26.29,73.1,944.4365801223747,37,9.0
2026-06-19 13:25:00+08:00,26.91,74.8,952.4630395237308,24,8.246
2026-06-19 13:30:00+08:00,26.68,67.5,971.4894989250868,32,8.705
2026-06-19 13:35:00+08:00,26.34,75.4,1004.5159583264428,38,9.039
2026-06-19 13:40:00+08:00,26.7,78.1,1016.5424177277989,28,8.572
2026-06-19 13:45:00+08:00,27.52,75.6,1022.568877129155,25,8.901
2026-06-19 13:50:00+08:00,26.71,74.1,1031.595336530511,33,8.849
2026-06-19 13:55:00+08:00,26.38,72.3,1037.621795931867,29,8.625
2026-06-19 14:00:00+08:00,27.46,70.4,1037.648255333223,22,8.391
2026-06-19 14:05:00+08:00,26.62,72.0,1051.674714734579,29,8.795
2026-06-19 14:10:00+08:00,26.78,73.6,1049.7011741359352,25,8.242
2026-06-19 14:15:00+08:00,26.92,76.9,1040.7276335372912,19,8.265
2026-06-19 14:20:00+08:00,27.06,79.8,1071.7540929386473,37,9.247
2026-06-19 14:25:00+08:00,26.75,73.8,1070.7805523400034,26,8.416
2026-06-19 14:30:00+08:00,27.1,71.7,1069.8070117413592,25,8.778
2026-06-19 14:35:00+08:00,26.7,76.5,1079.8334711427153,33,8.711
2026-06-19 14:40:00+08:00,26.92,72.9,1054.8599305440714,17,8.246
2026-06-19 14:45:00+08:00,26.83,71.5,1066.8863899454275,33,8.757
2026-06-19 14:50:00+08:00,27.32,70.9,1072.9128493467836,29,9.007
2026-06-19 14:55:00+08:00,26.55,70.7,1076.9393087481396,28,8.582
2026-06-19 15:00:00+08:00,27.4,74.1,1090.9657681494957,35,9.23
2026-06-19 15:05:00+08:00,27.03,73.0,1100.9922275508516,36,9.124
2026-06-19 15:10:00+08:00,26.73,74.5,1118.0186869522076,34,8.985
2026-06-19 15:15:00+08:00,26.6,78.2,1117.0451463535637,28,8.392
2026-06-19 15:20:00+08:00,26.84,72.3,1116.0716057549198,30,8.653
2026-06-19 15:25:00+08:00,27.05,73.0,1097.0980651562759,23,8.422
2026-06-19 15:30:00+08:00,26.39,78.3,1128.124524557632,45,9.061
2026-06-19 15:35:00+08:00,26.57,73.7,1133.150983958988,37,8.772
2026-06-19 15:40:00+08:00,27.18,74.5,1132.177443360344,29,8.596
2026-06-19 15:45:00+08:00,26.45,70.8,1141.2039027617,29,8.496
2026-06-19 15:50:00+08:00,27.52,76.9,1147.230362163056,31,9.204
2026-06-19 15:55:00+08:00,26.34,74.8,1142.2568215644121,27,8.429
2026-06-19 16:00:00+08:00,26.59,78.7,1148.2832809657682,32,8.798
2026-06-19 16:05:00+08:00,26.9,74.4,1153.3097403671243,31,8.747
2026-06-19 16:10:00+08:00,26.15,71.7,1136.3361997684801,21,8.221
2026-06-19 16:15:00+08:00,26.43,72.1,1122.3626591698362,22,8.205
2026-06-19 16:20:00+08:00,27.16,73.4,1121.3891185711923,27,8.439
2026-06-19 16:25:00+08:00,26.27,75.6,1102.4155779725484,21,8.319
2026-06-19 16:30:00+08:00,27.22,76.5,1117.4420373739044,36,8.87
2026-06-19 16:35:00+08:00,26.8,74.6,1117.4684967752605,29,8.81
2026-06-19 16:40:00+08:00,26.54,77.0,1138.4949561766166,39,8.762
2026-06-19 16:45:00+08:00,26.22,75.0,1123.5214155779724,23,8.474
2026-06-19 16:50:00+08:00,26.11,79.2,1141.5478749793285,34,8.633
2026-06-19 16:55:00+08:00,26.43,77.9,1121.5743343806846,22,8.178
2026-06-19 17:00:00+08:00,25.97,74.5,1154.6007937820407,44,8.929
2026-06-19 17:05:00+08:00,25.91,77.6,1151.6272531833968,25,8.445
2026-06-19 17:10:00+08:00,26.07,70.8,1156.6537125847528,33,8.577
2026-06-19 17:15:00+08:00,26.85,76.0,1143.680171986109,29,8.572
2026-06-19 17:20:00+08:00,26.18,74.9,1136.7066313874648,28,8.276
2026-06-19 17:25:00+08:00,26.19,72.6,1125.7330907888208,26,8.202
2026-06-19 17:30:00+08:00,26.66,76.1,1112.759550190177,26,8.36
2026-06-19 17:35:00+08:00,26.15,77.8,1120.786009591533,33,8.636
2026-06-19 17:40:00+08:00,26.63,74.8,1104.812468992889,25,8.242
2026-06-19 17:45:00+08:00,26.55,74.0,1103.8389283942452,30,8.672
2026-06-19 17:50:00+08:00,26.01,75.9,1093.8653877956012,25,8.137
2026-06-19 17:55:00+08:00,26.71,73.4,1091.891847196957,26,8.444
2026-06-19 18:00:00+08:00,29.79,72.8,1027.9183065983132,0,3.85
2026-06-19 18:05:00+08:00,29.46,70.2,969.9447659996692,0,3.57
2026-06-19 18:10:00+08:00,29.58,73.1,918.9712254010253,0,3.537
2026-06-19 18:15:00+08:00,29.74,66.7,875.9976848023814,0,3.571
2026-06-19 18:20:00+08:00,29.17,74.3,841.0241442037374,0,3.102
2026-06-19 18:25:00+08:00,29.21,73.6,804.0506036050934,0,3.325
2026-06-19 18:30:00+08:00,29.6,68.6,776.0770630064495,0,3.644
2026-06-19 18:35:00+08:00,29.0,65.2,760.1035224078055,0,3.599
2026-06-19 18:40:00+08:00,28.8,72.3,729.1299818091616,0,3.525
2026-06-19 18:45:00+08:00,29.46,72.3,700.1564412105176,0,3.512
2026-06-19 18:50:00+08:00,28.86,68.9,687.1829006118737,0,3.387
2026-06-19 18:55:00+08:00,29.96,69.9,662.2093600132297,0,3.454
2026-06-19 19:00:00+08:00,28.81,72.3,646.2358194145858,0,3.281
2026-06-19 19:05:00+08:00,28.9,70.6,635.2622788159417,0,3.674
2026-06-19 19:10:00+08:00,28.77,68.8,624.2887382172978,0,3.714
2026-06-19 19:15:00+08:00,28.61,71.0,611.3151976186539,0,3.325
2026-06-19 19:20:00+08:00,29.55,66.2,595.34165702001,0,3.693
2026-06-19 19:25:00+08:00,28.78,72.5,588.3681164213659,0,3.594
2026-06-19 19:30:00+08:00,28.63,74.4,583.394575822722,0,3.162
2026-06-19 19:35:00+08:00,28.11,76.2,571.4210352240781,0,2.951
2026-06-19 19:40:00+08:00,27.55,73.5,563.447494625434,0,3.195
2026-06-19 19:45:00+08:00,27.82,70.4,566.4739540267901,0,3.38
2026-06-19 19:50:00+08:00,28.46,71.8,562.5004134281462,0,3.336
2026-06-19 19:55:00+08:00,28.24,68.1,549.5268728295023,0,3.375
2026-06-19 20:00:00+08:00,27.47,72.7,543.5533322308582,0,3.228
2026-06-19 20:05:00+08:00,28.46,70.9,535.5797916322143,0,3.259
2026-06-19 20:10:00+08:00,27.85,70.8,536.6062510335704,0,3.117
2026-06-19 20:15:00+08:00,28.27,72.6,527.6327104349264,0,3.152
2026-06-19 20:20:00+08:00,27.74,76.4,521.6591698362824,0,3.012
2026-06-19 20:25:00+08:00,28.07,68.6,519.6856292376385,0,2.849
2026-06-19 20:30:00+08:00,27.34,69.9,527.7120886389946,0,2.93
2026-06-19 20:35:00+08:00,28.02,71.5,526.7385480403506,0,3.31
2026-06-19 20:40:00+08:00,27.47,72.2,520.7650074417066,0,2.945
2026-06-19 20:45:00+08:00,26.78,74.3,518.7914668430627,0,2.548
2026-06-19 20:50:00+08:00,28.05,75.4,516.8179262444187,0,3.023
2026-06-19 20:55:00+08:00,26.3,77.1,509.84438564577476,0,2.512
2026-06-19 21:00:00+08:00,27.38,74.7,510.87084504713084,0,2.871
2026-06-19 21:05:00+08:00,27.31,73.6,517.8973044484868,0,2.684
2026-06-19 21:10:00+08:00,27.03,72.2,514.9237638498429,0,2.932
2026-06-19 21:15:00+08:00,26.98,73.7,510.95022325119896,0,2.814
2026-06-19 21:20:00+08:00,26.02,73.2,503.976682652555,0,2.733
2026-06-19 21:25:00+08:00,27.22,75.4,509.003142053911,0,3.004
2026-06-19 21:30:00+08:00,26.84,76.6,510.0296014552671,0,2.443
2026-06-19 21:35:00+08:00,26.63,77.3,506.0560608566231,0,3.047
2026-06-19 21:40:00+08:00,26.19,78.1,511.0825202579792,0,2.307
2026-06-19 21:45:00+08:00,26.81,76.0,511.1089796593352,0,2.829
2026-06-19 21:50:00+08:00,27.06,72.1,515.1354390606913,0,3.361
2026-06-19 21:55:00+08:00,26.92,76.1,516.1618984620472,0,2.899
2026-06-19 22:00:00+08:00,26.75,70.4,514.1883578634033,0,3.017
2026-06-19 22:05:00+08:00,26.94,71.4,512.2148172647594,0,3.087
2026-06-19 22:10:00+08:00,25.69,75.1,511.2412766661154,0,2.106
2026-06-19 22:15:00+08:00,26.07,75.4,506.26773606747145,0,2.953
2026-06-19 22:20:00+08:00,25.1,80.3,507.2941954688275,0,2.391
2026-06-19 22:25:00+08:00,26.14,74.2,511.32065487018355,0,2.539
2026-06-19 22:30:00+08:00,26.11,74.5,505.3471142715396,0,2.519
2026-06-19 22:35:00+08:00,24.98,77.7,510.37357367289565,0,2.257
2026-06-19 22:40:00+08:00,25.01,77.0,495.4000330742517,0,2.657
2026-06-19 22:45:00+08:00,25.83,77.7,499.42649247560774,0,2.373
2026-06-19 22:50:00+08:00,25.75,73.8,491.45295187696377,0,2.15
2026-06-19 22:55:00+08:00,26.13,72.6,496.47941127831984,0,2.475
2026-06-19 23:00:00+08:00,25.66,77.7,492.50587067967587,0,2.189
2026-06-19 23:05:00+08:00,25.36,77.6,484.5323300810319,0,2.322
2026-06-19 23:10:00+08:00,25.3,76.1,489.55878948238797,0,2.34
2026-06-19 23:15:00+08:00,25.06,77.3,489.585248883744,0,1.923
2026-06-19 23:20:00+08:00,25.19,78.8,487.61170828510006,0,2.103
2026-06-19 23:25:00+08:00,25.43,78.4,485.6381676864561,0,2.473
2026-06-19 23:30:00+08:00,25.39,73.8,490.66462708781216,0,2.04
2026-06-19 23:35:00+08:00,24.73,83.9,494.6910864891682,0,2.062
2026-06-19 23:40:00+08:00,25.17,71.7,488.7175458905242,0,2.12
2026-06-19 23:45:00+08:00,24.77,77.3,485.7440052918803,0,2.197
2026-06-19 23:50:00+08:00,24.8,79.4,490.7704646932363,0,2.265
2026-06-19 23:55:00+08:00,25.27,76.7,494.7969240945923,0,2.097
2026-06-20 00:00:00+08:00,24.85,78.0,480.8233834959484,0,2.451
2026-06-20 00:05:00+08:00,24.47,79.6,480.8498428973045,0,2.089
2026-06-20 00:10:00+08:00,25.14,77.7,484.8763022986605,0,2.063
2026-06-20 00:15:00+08:00,24.73,76.9,491.9027617000165,0,1.867
2026-06-20 00:20:00+08:00,25.24,80.5,496.9292211013726,0,2.375
2026-06-20 00:25:00+08:00,24.22,77.1,500.9556805027286,0,1.771
2026-06-20 00:30:00+08:00,24.36,78.1,502.98213990408465,0,2.049
2026-06-20 00:35:00+08:00,24.04,80.8,504.0085993054407,0,2.109
2026-06-20 00:40:00+08:00,24.37,79.7,509.03505870679675,0,2.014
2026-06-20 00:45:00+08:00,24.78,78.1,507.06151810815277,0,1.969
2026-06-20 00:45:00+08:00,24.78,78.1,507.06151810815277,0,1.969
2026-06-20 00:50:00+08:00,24.1,78.0,500.08797750950885,0,1.849
2026-06-20 00:55:00+08:00,24.57,80.5,500.1144369108649,0,2.175
2026-06-20 01:00:00+08:00,23.94,79.5,499.14089631222095,0,1.877
2026-06-20 01:05:00+08:00,24.45,79.8,492.16735571357697,0,2.122
2026-06-20 01:10:00+08:00,23.65,79.8,498.19381511493305,0,1.571
2026-06-20 01:15:00+08:00,24.12,82.2,492.22027451628907,0,2.045
2026-06-20 01:20:00+08:00,24.36,75.3,496.2467339176451,0,2.216
2026-06-20 01:25:00+08:00,24.73,81.2,491.27319331900117,0,1.782
2026-06-20 01:30:00+08:00,24.18,82.3,484.2996527203572,0,1.802
2026-06-20 01:35:00+08:00,24.07,75.9,491.32611212171327,0,1.633
2026-06-20 01:40:00+08:00,23.39,81.8,495.3525715230693,0,1.471
2026-06-20 01:45:00+08:00,24.46,76.6,498.37903092442536,0,2.13
2026-06-20 01:50:00+08:00,23.76,81.9,493.4054903257814,0,1.678
2026-06-20 01:55:00+08:00,23.56,80.3,493.4319497271374,0,1.46
2026-06-20 02:00:00+08:00,23.79,79.4,480.4584091284935,0,1.556
2026-06-20 02:05:00+08:00,24.06,78.2,478.4848685298495,0,1.814
2026-06-20 02:10:00+08:00,23.61,77.6,477.5113279312055,0,1.598
2026-06-20 02:15:00+08:00,23.85,79.7,481.5377873325616,0,1.742
2026-06-20 02:20:00+08:00,24.14,80.2,478.5642467339176,0,1.959
2026-06-20 02:25:00+08:00,23.98,82.3,476.5907061352737,0,2.022
2026-06-20 02:30:00+08:00,23.54,80.2,485.6171655366297,0,2.159
2026-06-20 02:35:00+08:00,24.16,78.2,484.6436249379858,0,1.849
2026-06-20 02:40:00+08:00,24.02,84.0,486.6700843393418,0,1.961
2026-06-20 02:45:00+08:00,23.6,77.3,482.69654374069785,0,1.661
2026-06-20 02:50:00+08:00,22.94,79.3,485.7230031420539,0,1.796
2026-06-20 02:55:00+08:00,23.96,81.7,479.74946254340995,0,2.04
2026-06-20 03:00:00+08:00,24.16,78.4,484.77592194476597,0,1.621
2026-06-20 03:05:00+08:00,24.06,83.8,483.80238134612205,0,1.778
2026-06-20 03:10:00+08:00,24.47,83.8,478.82884074747807,0,1.801
2026-06-20 03:15:00+08:00,23.4,81.5,474.85530014883415,0,2.038
2026-06-20 03:20:00+08:00,24.51,79.1,474.88175955019017,0,2.165
2026-06-20 03:25:00+08:00,24.16,79.4,474.90821895154625,0,1.901
2026-06-20 03:30:00+08:00,23.1,81.2,487.93467835290227,0,1.453
2026-06-20 03:35:00+08:00,24.8,74.9,484.9611377542583,0,1.888
2026-06-20 03:40:00+08:00,23.75,78.8,490.98759715561437,0,1.608
2026-06-20 03:45:00+08:00,24.33,75.6,491.0140565569704,0,1.819
2026-06-20 03:50:00+08:00,24.36,77.6,484.0405159583264,0,1.578
2026-06-20 03:55:00+08:00,23.94,78.6,484.0669753596825,0,2.047
2026-06-20 04:00:00+08:00,24.04,80.3,486.09343476103857,0,1.999
2026-06-20 04:05:00+08:00,24.16,77.2,491.1198941623946,0,1.988
2026-06-20 04:10:00+08:00,23.64,80.6,491.1463535637506,0,2.088
2026-06-20 04:15:00+08:00,24.44,81.3,493.1728129651067,0,2.135
2026-06-20 04:20:00+08:00,24.32,80.1,494.1992723664627,0,1.815
2026-06-20 04:25:00+08:00,23.98,78.9,501.22573176781873,0,1.888
2026-06-20 04:30:00+08:00,23.67,84.0,505.2521911691748,0,2.187
2026-06-20 04:35:00+08:00,24.91,77.8,506.27865057053083,0,2.208
2026-06-20 04:40:00+08:00,24.11,81.6,507.3051099718869,0,1.898
2026-06-20 04:45:00+08:00,24.37,80.5,504.3315693732429,0,2.089
2026-06-20 04:50:00+08:00,24.6,82.8,503.358028774599,0,1.841
2026-06-20 04:55:00+08:00,24.38,82.6,492.384488175955,0,2.008
2026-06-20 05:00:00+08:00,24.26,80.0,491.41094757731105,0,2.073
2026-06-20 05:05:00+08:00,25.07,77.7,490.4374069786671,0,2.056
2026-06-20 05:10:00+08:00,24.91,79.9,496.46386638002315,0,2.011
2026-06-20 05:15:00+08:00,24.77,80.9,503.49032578137917,0,1.833
2026-06-20 05:20:00+08:00,24.77,78.2,505.51678518273525,0,1.963
2026-06-20 05:25:00+08:00,24.83,80.0,511.54324458409127,0,2.236
2026-06-20 05:30:00+08:00,25.18,73.9,519.5697039854473,0,2.412
2026-06-20 05:35:00+08:00,24.23,78.8,522.5961633868034,0,1.606
2026-06-20 05:40:00+08:00,24.19,80.6,523.6226227881594,0,1.743
2026-06-20 05:45:00+08:00,24.89,76.3,518.6490821895154,0,1.75
2026-06-20 05:50:00+08:00,24.53,79.4,525.6755415908715,0,2.229
2026-06-20 05:55:00+08:00,25.89,75.4,522.7020009922276,0,2.818
2026-06-20 06:00:00+08:00,24.98,78.9,528.7284603935836,0,2.293
2026-06-20 06:05:00+08:00,25.21,78.1,530.7549197949396,0,2.451
2026-06-20 06:10:00+08:00,24.79,79.7,522.7813791962957,0,1.946
2026-06-20 06:15:00+08:00,24.7,77.2,522.8078385976518,0,2.468
2026-06-20 06:20:00+08:00,24.92,75.2,525.8342979990077,0,2.148
2026-06-20 06:25:00+08:00,25.34,81.5,521.8607574003638,0,2.265
2026-06-20 06:30:00+08:00,25.53,79.6,515.8872168017199,0,2.366
2026-06-20 06:35:00+08:00,26.26,74.4,512.913676203076,0,2.582
2026-06-20 06:40:00+08:00,25.59,76.6,504.94013560443193,0,2.143
2026-06-20 06:45:00+08:00,25.25,76.5,505.966595005788,0,2.402
2026-06-20 06:50:00+08:00,25.75,76.1,496.99305440714403,0,2.421
2026-06-20 06:55:00+08:00,26.22,73.5,496.01951380850005,0,2.444
2026-06-20 07:00:00+08:00,25.12,78.2,493.04597320985613,0,2.044
2026-06-20 07:05:00+08:00,25.31,79.2,496.07243261121215,0,2.333
2026-06-20 07:10:00+08:00,25.97,77.8,494.09889201256823,0,2.483
2026-06-20 07:15:00+08:00,25.99,79.9,504.12535141392425,0,2.236
2026-06-20 07:20:00+08:00,25.87,76.6,514.1518108152803,0,2.046
2026-06-20 07:25:00+08:00,25.65,79.6,511.17827021663635,0,2.32
2026-06-20 07:30:00+08:00,25.7,76.9,512.2047296179924,0,2.692
2026-06-20 07:35:00+08:00,25.85,77.1,513.2311890193484,0,2.433
2026-06-20 07:40:00+08:00,27.04,72.3,517.2576484207045,0,3.018
2026-06-20 07:45:00+08:00,26.0,72.2,519.2841078220605,0,2.7
2026-06-20 07:50:00+08:00,26.03,75.3,521.3105672234166,0,2.799
2026-06-20 07:55:00+08:00,25.92,77.0,513.3370266247726,0,2.867
2026-06-20 08:00:00+08:00,26.74,73.5,506.36348602612867,0,2.633
2026-06-20 08:05:00+08:00,27.02,73.9,507.3899454274847,0,2.89
2026-06-20 08:10:00+08:00,25.91,74.8,504.41640482884077,0,2.361
2026-06-20 08:15:00+08:00,26.5,76.3,500.4428642301968,0,2.628
2026-06-20 08:20:00+08:00,27.43,72.0,502.4693236315528,0,2.977
2026-06-20 08:25:00+08:00,26.69,71.3,500.4957830329089,0,2.82
2026-06-20 08:30:00+08:00,26.59,72.7,501.5222424342649,0,2.402
2026-06-20 08:35:00+08:00,26.73,71.6,499.548701835621,0,2.691
2026-06-20 08:40:00+08:00,27.22,76.6,501.575161236977,0,2.862
2026-06-20 08:45:00+08:00,26.83,79.0,501.6016206383331,0,2.811
2026-06-20 08:50:00+08:00,27.49,71.4,504.6280800396891,0,2.744
2026-06-20 08:55:00+08:00,27.5,74.7,492.65453944104513,0,3.14
2026-06-20 09:00:00+08:00,26.67,77.4,487.6809988424012,0,2.598
2026-06-20 09:05:00+08:00,27.19,75.0,497.70745824375723,0,2.951
2026-06-20 09:10:00+08:00,27.0,72.2,491.73391764511325,0,2.847
2026-06-20 09:15:00+08:00,27.31,72.1,489.76037704646933,0,2.635
2026-06-20 09:20:00+08:00,27.93,74.1,490.78683644782535,0,3.173
2026-06-20 09:25:00+08:00,27.0,72.9,490.81329584918143,0,2.652
2026-06-20 09:30:00+08:00,28.34,73.4,486.83975525053745,0,3.234
2026-06-20 09:35:00+08:00,27.69,73.8,492.86621465189353,0,3.36
2026-06-20 09:40:00+08:00,27.54,-999.0,500.89267405324955,0,3.038
2026-06-20 09:45:00+08:00,28.25,74.6,506.91913345460557,0,3.105
2026-06-20 09:50:00+08:00,28.18,73.6,513.9455928559616,0,2.739
2026-06-20 09:55:00+08:00,29.04,69.4,513.9720522573177,0,3.088
2026-06-20 10:00:00+08:00,27.55,73.0,518.9985116586737,0,3.029
2026-06-20 10:05:00+08:00,28.53,74.0,517.0249710600298,0,3.5
2026-06-20 10:10:00+08:00,28.85,71.2,519.0514304613858,0,3.246
2026-06-20 10:15:00+08:00,28.82,72.2,520.0778898627418,0,3.224
2026-06-20 10:20:00+08:00,28.97,73.7,514.1043492640979,0,3.652
2026-06-20 10:25:00+08:00,28.52,73.7,514.130808665454,0,3.807
2026-06-20 10:30:00+08:00,28.51,74.1,521.15726806681,0,3.375
2026-06-20 10:35:00+08:00,28.85,72.1,519.183727468166,0,3.261
2026-06-20 10:40:00+08:00,29.15,73.8,524.2101868695221,0,3.624
2026-06-20 10:45:00+08:00,29.19,71.6,529.2366462708782,0,3.466
2026-06-20 10:50:00+08:00,29.13,74.0,521.2631056722341,0,3.576
2026-06-20 10:55:00+08:00,29.07,66.2,515.2895650735902,0,3.83
2026-06-20 11:00:00+08:00,29.57,73.2,502.3160244749463,0,3.545
2026-06-20 11:05:00+08:00,28.14,69.6,506.3424838763023,0,2.959
2026-06-20 11:10:00+08:00,28.62,72.4,501.36894327765833,0,3.631
2026-06-20 11:15:00+08:00,29.32,69.3,500.3954026790144,0,3.381
2026-06-20 11:20:00+08:00,28.73,66.6,496.42186208037043,0,3.175
2026-06-20 11:25:00+08:00,29.37,71.1,501.44832148172645,0,3.423
2026-06-20 11:30:00+08:00,29.58,68.4,493.47478088308253,0,3.53
2026-06-20 11:35:00+08:00,29.36,70.9,492.50124028443855,0,3.607
2026-06-20 11:40:00+08:00,29.32,70.8,486.52769968579463,0,3.603
2026-06-20 11:45:00+08:00,30.23,66.5,488.55415908715065,0,4.091
2026-06-20 11:50:00+08:00,30.43,72.1,499.58061848850673,0,3.658
2026-06-20 11:55:00+08:00,30.23,67.1,496.60707788986275,0,3.934
2026-06-20 12:00:00+08:00,30.24,66.7,493.6335372912188,0,3.697
2026-06-20 12:05:00+08:00,30.09,67.6,486.65999669257485,0,3.759
2026-06-20 12:10:00+08:00,29.29,69.3,484.6864560939309,0,3.728
2026-06-20 12:15:00+08:00,30.09,67.7,485.7129154952869,0,3.636
2026-06-20 12:20:00+08:00,29.66,67.1,491.73937489664297,0,3.461
2026-06-20 12:25:00+08:00,29.41,76.3,496.765834297999,0,3.946
2026-06-20 12:30:00+08:00,29.66,69.7,498.79229369935507,0,3.81
2026-06-20 12:35:00+08:00,30.75,69.5,498.8187531007111,0,4.314
2026-06-20 12:40:00+08:00,30.34,72.0,498.84521250206717,0,3.965
2026-06-20 12:45:00+08:00,29.82,70.5,501.8716719034232,0,3.661
2026-06-20 12:50:00+08:00,29.77,70.5,494.8981313047792,0,3.825
2026-06-20 12:55:00+08:00,30.38,70.0,500.9245907061353,0,3.528
2026-06-20 13:00:00+08:00,29.57,73.3,503.9510501074913,0,3.717
2026-06-20 13:05:00+08:00,29.59,68.2,500.97750950884733,0,3.865
2026-06-20 13:10:00+08:00,31.41,68.8,504.0039689102034,0,4.071
2026-06-20 13:15:00+08:00,30.81,70.0,509.03042831155943,0,3.874
2026-06-20 13:20:00+08:00,31.07,65.1,509.0568877129155,0,4.203
2026-06-20 13:25:00+08:00,30.39,66.5,511.08334711427153,0,3.959
2026-06-20 13:30:00+08:00,30.32,64.5,518.1098065156276,0,3.744
2026-06-20 13:35:00+08:00,30.53,71.8,511.13626591698363,0,3.898
2026-06-20 13:40:00+08:00,30.07,72.5,506.16272531833965,0,4.129
2026-06-20 13:45:00+08:00,30.99,64.7,506.18918471969573,0,4.015
2026-06-20 13:50:00+08:00,30.3,70.8,505.21564412105175,0,4.106
2026-06-20 13:55:00+08:00,30.33,69.7,496.2421035224078,0,3.994
2026-06-20 14:00:00+08:00,30.73,65.7,493.26856292376385,0,4.194
2026-06-20 14:05:00+08:00,31.0,71.2,491.2950223251199,0,4.176
2026-06-20 14:10:00+08:00,31.29,61.7,493.32148172647595,0,4.495
2026-06-20 14:15:00+08:00,31.34,66.7,497.347941127832,0,3.901
2026-06-20 14:20:00+08:00,30.44,67.8,501.37440052918805,0,4.116
2026-06-20 14:25:00+08:00,30.98,68.1,497.4008599305441,0,4.261
2026-06-20 14:30:00+08:00,30.1,70.1,499.4273193319001,0,3.844
2026-06-20 14:35:00+08:00,30.37,72.5,496.4537787332562,0,3.463
2026-06-20 14:40:00+08:00,30.85,69.7,497.4802381346122,0,4.04
2026-06-20 14:45:00+08:00,30.08,68.9,502.5066975359682,0,3.807
2026-06-20 14:50:00+08:00,31.53,67.8,502.5331569373243,0,4.054
2026-06-20 14:55:00+08:00,30.54,63.2,514.5596163386804,0,4.015
2026-06-20 15:00:00+08:00,30.7,65.4,506.5860757400364,0,4.073
2026-06-20 15:05:00+08:00,31.01,65.2,511.6125351413924,0,4.158
2026-06-20 15:10:00+08:00,30.23,69.2,510.6389945427485,0,3.689
2026-06-20 15:15:00+08:00,30.54,68.4,514.6654539441045,0,4.158
2026-06-20 15:20:00+08:00,30.9,68.0,509.69191334546053,0,3.908
2026-06-20 15:25:00+08:00,30.78,65.2,507.7183727468166,0,4.122
2026-06-20 15:30:00+08:00,30.71,69.0,509.74483214817263,0,4.235
2026-06-20 15:35:00+08:00,30.57,67.4,515.7712915495287,0,3.954
2026-06-20 15:40:00+08:00,30.23,73.5,517.7977509508847,0,3.897
2026-06-20 15:45:00+08:00,31.19,68.7,512.8242103522408,0,4.279
2026-06-20 15:50:00+08:00,30.68,69.6,514.8506697535968,0,3.766
2026-06-20 15:55:00+08:00,30.05,70.8,512.8771291549529,0,3.372
2026-06-20 16:00:00+08:00,30.84,71.8,509.90358855630893,0,4.211
2026-06-20 16:05:00+08:00,30.87,60.6,512.930047957665,0,4.107
2026-06-20 16:10:00+08:00,30.45,69.3,519.956507359021,0,3.935
2026-06-20 16:15:00+08:00,30.28,70.8,526.982966760377,0,4.017
2026-06-20 16:20:00+08:00,30.37,68.9,530.0094261617331,0,3.95
2026-06-20 16:25:00+08:00,30.17,70.7,524.0358855630891,0,3.687
2026-06-20 16:30:00+08:00,30.59,65.4,518.0623449644452,0,3.994
2026-06-20 16:35:00+08:00,29.91,66.6,521.0888043658013,0,3.374
2026-06-20 16:40:00+08:00,30.75,70.9,513.1152637671573,0,3.814
2026-06-20 16:45:00+08:00,30.1,68.7,513.1417231685133,0,3.611
2026-06-20 16:50:00+08:00,30.15,69.6,513.1681825698694,0,3.798
2026-06-20 16:55:00+08:00,29.45,70.8,512.1946419712253,0,3.788
2026-06-20 17:00:00+08:00,30.78,68.6,501.2211013725814,0,4.048
2026-06-20 17:05:00+08:00,30.45,65.7,501.2475607739375,0,3.974
2026-06-20 17:10:00+08:00,30.38,65.7,500.2740201752935,0,3.831
2026-06-20 17:15:00+08:00,29.68,68.1,510.3004795766496,0,3.915
2026-06-20 17:20:00+08:00,30.49,71.1,512.3269389780056,0,3.93
2026-06-20 17:25:00+08:00,29.52,73.1,509.3533983793617,0,3.699
2026-06-20 17:30:00+08:00,30.29,69.2,501.3798577807177,0,3.758
2026-06-20 17:35:00+08:00,29.67,70.4,505.40631718207374,0,3.446
2026-06-20 17:40:00+08:00,29.19,70.1,499.4327765834298,0,3.723
2026-06-20 17:45:00+08:00,30.49,72.5,487.45923598478583,0,3.895
2026-06-20 17:50:00+08:00,29.19,68.1,498.48569538614186,0,3.597
2026-06-20 17:55:00+08:00,30.31,72.2,498.51215478749793,0,3.89
2026-06-20 18:00:00+08:00,29.72,68.1,501.538614188854,0,3.746
2026-06-20 18:05:00+08:00,29.49,70.2,505.56507359021003,0,3.477
2026-06-20 18:10:00+08:00,30.46,67.2,507.59153299156605,0,3.623
2026-06-20 18:15:00+08:00,29.7,68.2,505.61799239292213,0,3.415
2026-06-20 18:20:00+08:00,30.13,70.3,505.64445179427815,0,3.629
2026-06-20 18:25:00+08:00,29.28,69.6,508.6709111956342,0,3.517
2026-06-20 18:30:00+08:00,29.77,71.8,502.69737059699025,0,3.709
2026-06-20 18:35:00+08:00,29.5,73.1,495.7238299983463,0,3.413
2026-06-20 18:40:00+08:00,28.48,71.1,498.7502893997023,0,3.694
2026-06-20 18:45:00+08:00,28.63,71.3,494.7767488010584,0,3.112
2026-06-20 18:50:00+08:00,29.37,68.4,496.80320820241445,0,3.552
2026-06-20 18:55:00+08:00,29.23,70.8,505.8296676037705,0,3.481
2026-06-20 19:00:00+08:00,28.58,71.3,503.8561270051265,0,3.207
2026-06-20 19:05:00+08:00,29.33,73.9,508.8825864064826,0,3.525
2026-06-20 19:10:00+08:00,28.85,70.0,500.9090458078386,0,3.469
2026-06-20 19:15:00+08:00,29.01,72.2,503.9355052091946,0,3.504
2026-06-20 19:20:00+08:00,28.51,69.1,500.9619646105507,0,2.951
2026-06-20 19:25:00+08:00,28.48,72.4,504.9884240119067,0,3.063
2026-06-20 19:30:00+08:00,28.41,73.3,503.0148834132628,0,3.188
2026-06-20 19:30:00+08:00,28.41,73.3,503.0148834132628,0,3.188
2026-06-20 19:35:00+08:00,28.66,74.2,506.0413428146188,0,3.137
2026-06-20 19:40:00+08:00,28.4,70.9,508.0678022159749,0,2.859
2026-06-20 19:45:00+08:00,28.27,68.9,504.0942616173309,0,3.219
2026-06-20 19:50:00+08:00,28.75,68.1,502.12072101868694,0,3.524
2026-06-20 19:55:00+08:00,28.19,73.1,501.147180420043,0,3.189
2026-06-20 20:00:00+08:00,28.3,73.2,505.17363982139904,0,3.251
2026-06-20 20:05:00+08:00,27.88,75.6,501.20009922275506,0,3.105
2026-06-20 20:10:00+08:00,27.79,67.9,505.22655862411114,0,3.197
2026-06-20 20:15:00+08:00,27.75,71.3,510.25301802546716,0,2.961
2026-06-20 20:20:00+08:00,28.21,70.6,509.27947742682323,0,3.046
2026-06-20 20:25:00+08:00,27.48,73.4,511.30593682817926,0,2.98
2026-06-20 20:30:00+08:00,27.47,72.7,509.33239622953533,0,3.061
2026-06-20 20:35:00+08:00,27.99,75.7,513.3588556308914,0,3.158
2026-06-20 20:40:00+08:00,27.7,74.9,511.3853150322474,0,3.335
2026-06-20 20:45:00+08:00,28.08,71.0,509.41177443360345,0,3.018
2026-06-20 20:50:00+08:00,27.45,77.7,519.4382338349595,0,2.832
2026-06-20 20:55:00+08:00,28.01,72.0,522.4646932363155,0,3.138
2026-06-20 21:00:00+08:00,27.08,71.3,516.4911526376716,0,2.841
2026-06-20 21:05:00+08:00,27.11,71.9,521.5176120390277,0,2.522
2026-06-20 21:10:00+08:00,26.49,75.8,522.5440714403836,0,2.818
2026-06-20 21:15:00+08:00,27.38,76.0,523.5705308417397,0,2.962
2026-06-20 21:20:00+08:00,27.3,71.7,521.5969902430958,0,2.933
2026-06-20 21:25:00+08:00,27.42,71.7,521.6234496444517,0,2.779
2026-06-20 21:30:00+08:00,26.76,77.5,522.6499090458078,0,2.595
2026-06-20 21:35:00+08:00,27.26,77.6,520.6763684471639,0,2.893
2026-06-20 21:40:00+08:00,26.46,74.8,522.70282784852,0,2.815
2026-06-20 21:45:00+08:00,25.84,77.5,518.7292872498759,0,2.808
2026-06-20 21:50:00+08:00,26.42,73.9,516.755746651232,0,2.456
2026-06-20 21:55:00+08:00,26.43,75.2,514.7822060525881,0,2.89
2026-06-20 22:00:00+08:00,26.45,76.5,511.8086654539441,0,2.641
2026-06-20 22:05:00+08:00,26.15,77.9,505.83512485530014,0,2.619
2026-06-20 22:10:00+08:00,26.95,74.6,517.8615842566562,0,2.736
2026-06-20 22:15:00+08:00,26.39,76.8,519.8880436580123,0,2.587
2026-06-20 22:20:00+08:00,26.05,72.6,521.9145030593683,0,2.648
2026-06-20 22:25:00+08:00,26.52,70.4,524.9409624607243,0,2.592
2026-06-20 22:30:00+08:00,26.07,76.0,525.9674218620804,0,2.573
2026-06-20 22:35:00+08:00,25.91,77.2,523.9938812634364,0,2.469
2026-06-20 22:40:00+08:00,25.92,75.4,521.0203406647925,0,2.209
2026-06-20 22:45:00+08:00,26.61,74.2,521.0468000661485,0,2.709
2026-06-20 22:50:00+08:00,25.74,77.8,525.0732594675045,0,2.638
2026-06-20 22:55:00+08:00,25.29,77.2,525.0997188688606,0,2.497
2026-06-20 23:00:00+08:00,25.12,78.1,517.1261782702167,0,2.437
2026-06-20 23:05:00+08:00,25.83,75.4,525.1526376715726,0,2.378
2026-06-20 23:10:00+08:00,25.65,78.0,515.1790970729287,0,2.441
2026-06-20 23:15:00+08:00,25.59,-999.0,519.2055564742848,0,2.331
2026-06-20 23:20:00+08:00,24.6,81.0,520.2320158756409,0,2.076
2026-06-20 23:25:00+08:00,25.39,76.7,519.2584752769968,0,2.125
2026-06-20 23:30:00+08:00,25.14,78.5,504.2849346783529,0,2.17
2026-06-20 23:35:00+08:00,25.37,78.7,507.311394079709,0,2.105
2026-06-20 23:40:00+08:00,24.82,83.7,508.337853481065,0,1.913
2026-06-20 23:45:00+08:00,25.15,80.4,508.364312882421,0,2.105
2026-06-20 23:50:00+08:00,24.46,79.6,513.3907722837771,0,2.19
2026-06-20 23:55:00+08:00,25.41,77.5,514.4172316851332,0,2.087
2026-06-21 00:00:00+08:00,24.11,81.4,521.4436910864891,0,1.824
2026-06-21 00:05:00+08:00,25.11,74.7,519.4701504878452,0,1.852
2026-06-21 00:10:00+08:00,25.59,75.1,518.4966098892013,0,2.304
2026-06-21 00:15:00+08:00,24.53,84.5,521.5230692905573,0,1.844
2026-06-21 00:20:00+08:00,25.12,78.1,518.5495286919133,0,1.933
2026-06-21 00:25:00+08:00,24.42,76.7,528.5759880932694,0,1.984
2026-06-21 00:30:00+08:00,24.79,74.3,527.6024474946255,0,2.32
2026-06-21 00:35:00+08:00,25.33,75.5,527.6289068959815,0,2.145
2026-06-21 00:40:00+08:00,24.49,83.1,532.6553662973375,0,1.942
2026-06-21 00:45:00+08:00,23.79,84.0,527.6818256986936,0,1.721
2026-06-21 00:50:00+08:00,24.8,76.1,527.7082851000496,0,2.344
2026-06-21 00:55:00+08:00,24.69,79.2,538.7347445014057,0,2.249
2026-06-21 01:00:00+08:00,24.56,77.2,538.7612039027617,0,1.999
2026-06-21 01:05:00+08:00,24.68,80.6,541.7876633041177,0,1.953
2026-06-21 01:10:00+08:00,24.13,77.8,548.8141227054738,0,2.261
2026-06-21 01:15:00+08:00,23.87,78.4,552.8405821068299,0,1.879
2026-06-21 01:20:00+08:00,24.16,79.6,547.8670415081858,0,1.925
2026-06-21 01:25:00+08:00,23.84,78.9,543.8935009095419,0,1.496
2026-06-21 01:30:00+08:00,24.22,77.4,532.919960310898,0,1.789
2026-06-21 01:35:00+08:00,23.21,76.4,534.946419712254,0,1.405
2026-06-21 01:40:00+08:00,23.99,79.6,533.97287911361,0,2.383
2026-06-21 01:45:00+08:00,23.97,81.6,537.9993385149661,0,1.834
2026-06-21 01:50:00+08:00,24.78,78.0,541.0257979163222,0,2.226
2026-06-21 01:55:00+08:00,24.58,78.1,536.0522573176781,0,2.016
2026-06-21 02:00:00+08:00,24.07,77.7,527.0787167190342,0,2.123
2026-06-21 02:05:00+08:00,24.44,76.4,525.1051761203903,0,1.969
2026-06-21 02:10:00+08:00,24.17,81.6,522.1316355217464,0,2.076
2026-06-21 02:15:00+08:00,23.96,76.0,522.1580949231023,0,1.906
2026-06-21 02:15:00+08:00,23.96,76.0,522.1580949231023,0,1.906
2026-06-21 02:20:00+08:00,24.12,79.2,519.1845543244584,0,2.0
2026-06-21 02:25:00+08:00,23.96,80.1,515.2110137258145,0,1.702
2026-06-21 02:30:00+08:00,24.19,78.2,509.2374731271705,0,1.911
2026-06-21 02:35:00+08:00,24.04,71.6,508.26393252852654,0,2.021
2026-06-21 02:40:00+08:00,24.67,80.9,508.2903919298826,0,1.861
2026-06-21 02:45:00+08:00,23.31,81.2,513.3168513312386,0,1.643
2026-06-21 02:50:00+08:00,23.78,81.8,505.34331073259466,0,1.763
2026-06-21 02:55:00+08:00,24.67,77.9,516.3697701339507,0,1.834
2026-06-21 03:00:00+08:00,23.12,82.3,513.3962295353067,0,1.771
2026-06-21 03:05:00+08:00,24.03,82.5,519.4226889366628,0,1.954
2026-06-21 03:10:00+08:00,24.19,79.5,514.4491483380189,0,1.984
2026-06-21 03:10:00+08:00,24.19,79.5,514.4491483380189,0,1.984
2026-06-21 03:15:00+08:00,23.51,82.2,517.4756077393749,0,1.557
2026-06-21 03:20:00+08:00,23.81,84.4,519.5020671407309,0,1.791
2026-06-21 03:25:00+08:00,24.22,78.6,516.528526542087,0,1.698
2026-06-21 03:30:00+08:00,24.17,79.7,506.55498594344306,0,1.786
2026-06-21 03:35:00+08:00,24.1,78.5,511.5814453447991,0,1.815
2026-06-21 03:40:00+08:00,24.26,83.7,516.6079047461551,0,1.82
2026-06-21 03:45:00+08:00,23.97,81.2,517.6343641475112,0,1.685
2026-06-21 03:50:00+08:00,24.15,79.2,522.6608235488673,0,2.106
2026-06-21 03:55:00+08:00,24.55,81.5,526.6872829502232,0,1.845
2026-06-21 04:00:00+08:00,23.84,80.1,518.7137423515793,0,1.621
2026-06-21 04:05:00+08:00,24.03,83.0,523.7402017529354,0,1.996
2026-06-21 04:10:00+08:00,24.06,78.7,527.7666611542913,0,1.94
2026-06-21 04:15:00+08:00,23.69,81.6,528.7931205556474,0,1.7
2026-06-21 04:20:00+08:00,23.36,80.9,523.8195799570035,0,1.958
2026-06-21 04:25:00+08:00,24.54,81.1,524.8460393583596,0,1.926
2026-06-21 04:30:00+08:00,24.07,79.4,522.8724987597155,0,1.811
2026-06-21 04:35:00+08:00,25.0,77.5,520.8989581610716,0,2.18
2026-06-21 04:40:00+08:00,24.34,75.6,511.92541756242764,0,1.938
2026-06-21 04:45:00+08:00,24.02,82.9,509.95187696378366,0,1.664
2026-06-21 04:50:00+08:00,24.74,76.4,509.97833636513974,0,1.955
2026-06-21 04:55:00+08:00,24.71,78.9,518.0047957664958,0,1.896
2026-06-21 05:00:00+08:00,23.78,76.5,516.0312551678518,0,1.936
2026-06-21 05:05:00+08:00,24.54,79.6,522.0577145692079,0,2.237
2026-06-21 05:10:00+08:00,24.52,79.8,518.0841739705639,0,2.081
2026-06-21 05:15:00+08:00,24.52,80.7,525.1106333719199,0,1.578
2026-06-21 05:20:00+08:00,24.52,79.7,520.137092773276,0,1.712
2026-06-21 05:25:00+08:00,24.6,78.3,518.1635521746321,0,2.066
2026-06-21 05:30:00+08:00,25.56,77.4,514.1900115759881,0,2.684
2026-06-21 05:35:00+08:00,23.88,79.7,516.2164709773441,0,1.934
2026-06-21 05:40:00+08:00,24.55,79.8,509.2429303787002,0,1.855
2026-06-21 05:45:00+08:00,25.07,77.0,514.2693897800563,0,2.35
2026-06-21 05:50:00+08:00,25.24,75.3,513.2958491814122,0,2.26
2026-06-21 05:55:00+08:00,24.14,80.7,517.3223085827683,0,2.038
2026-06-21 06:00:00+08:00,24.73,82.6,517.3487679841244,0,2.242
2026-06-21 06:05:00+08:00,24.77,76.8,512.3752273854805,0,1.947
2026-06-21 06:10:00+08:00,25.2,79.4,519.4016867868364,0,2.13
2026-06-21 06:15:00+08:00,25.48,77.6,517.4281461881925,0,2.019
2026-06-21 06:20:00+08:00,24.99,78.7,514.4546055895486,0,2.137
2026-06-21 06:25:00+08:00,25.12,79.2,509.4810649909046,0,2.087
2026-06-21 06:30:00+08:00,24.78,81.5,513.5075243922606,0,2.493
2026-06-21 06:35:00+08:00,24.87,81.0,506.5339837936167,0,1.983
2026-06-21 06:40:00+08:00,24.58,78.4,499.5604431949727,0,2.139
2026-06-21 06:45:00+08:00,25.5,76.4,503.58690259632874,0,2.353
2026-06-21 06:50:00+08:00,25.23,78.3,501.6133619976848,0,2.453
2026-06-21 06:55:00+08:00,26.16,76.0,502.63982139904084,0,1.894
2026-06-21 07:00:00+08:00,24.75,75.1,502.66628080039686,0,1.876
2026-06-21 07:05:00+08:00,24.59,78.1,502.69274020175294,0,2.15
2026-06-21 07:10:00+08:00,25.44,73.4,499.71919960310896,0,2.219
2026-06-21 07:15:00+08:00,26.11,77.5,483.74565900446504,0,2.436
2026-06-21 07:20:00+08:00,26.67,71.5,490.77211840582106,0,2.918
2026-06-21 07:25:00+08:00,25.8,77.2,493.79857780717714,0,2.767
2026-06-21 07:30:00+08:00,26.13,71.5,500.82503720853316,0,2.57
2026-06-21 07:35:00+08:00,26.19,75.7,501.8514966098892,0,2.412
2026-06-21 07:40:00+08:00,26.48,74.1,509.87795601124526,0,2.59
2026-06-21 07:45:00+08:00,25.86,79.1,495.9044154126013,0,2.457
2026-06-21 07:50:00+08:00,25.52,78.3,491.9308748139573,0,2.137
2026-06-21 07:55:00+08:00,26.5,74.8,499.9573342153134,0,2.079
2026-06-21 08:00:00+08:00,27.06,76.3,504.9837936166694,0,2.823
2026-06-21 08:05:00+08:00,26.7,75.2,496.0102530180255,0,2.491
2026-06-21 08:10:00+08:00,26.7,77.2,505.0367124193815,0,2.753
2026-06-21 08:15:00+08:00,25.91,78.0,512.0631718207376,0,2.644
2026-06-21 08:20:00+08:00,26.91,74.7,512.0896312220937,0,2.907
2026-06-21 08:25:00+08:00,27.07,75.2,514.1160906234496,0,2.891
2026-06-21 08:30:00+08:00,26.93,76.0,511.1425500248057,0,2.866
2026-06-21 08:35:00+08:00,27.04,71.0,506.1690094261617,0,2.752
2026-06-21 08:40:00+08:00,27.09,76.6,500.19546882751774,0,2.813
2026-06-21 08:45:00+08:00,26.69,76.8,496.2219282288738,0,2.741
2026-06-21 08:50:00+08:00,27.37,73.8,495.2483876302299,0,2.959
2026-06-21 08:55:00+08:00,27.59,75.2,506.2748470315859,0,2.608
2026-06-21 09:00:00+08:00,27.55,72.7,502.30130643294194,0,2.829
2026-06-21 09:05:00+08:00,27.54,72.1,503.327765834298,0,3.307
2026-06-21 09:10:00+08:00,27.66,73.7,509.35422523565404,0,2.955
2026-06-21 09:15:00+08:00,27.26,76.1,512.3806846370101,0,2.547
2026-06-21 09:20:00+08:00,27.52,79.7,516.4071440383661,0,2.911
2026-06-21 09:25:00+08:00,27.46,72.9,514.4336034397222,0,3.175
2026-06-21 09:30:00+08:00,27.67,70.3,510.46006284107824,0,3.066
2026-06-21 09:35:00+08:00,27.81,71.6,508.48652224243426,0,3.289
2026-06-21 09:40:00+08:00,27.68,71.2,502.51298164379034,0,3.015
2026-06-21 09:45:00+08:00,27.73,72.7,511.53944104514636,0,3.276
2026-06-21 09:50:00+08:00,28.59,73.5,505.5659004465024,0,2.914
2026-06-21 09:55:00+08:00,27.8,72.5,511.59235984785846,0,2.858
2026-06-21 10:00:00+08:00,28.0,73.0,505.6188192492145,0,3.227
2026-06-21 10:05:00+08:00,28.23,69.1,497.6452786505705,0,2.926
2026-06-21 10:10:00+08:00,28.54,72.4,501.6717380519266,0,3.242
2026-06-21 10:15:00+08:00,28.29,71.7,503.6981974532826,0,3.272
2026-06-21 10:20:00+08:00,29.33,65.9,510.7246568546387,0,3.553
2026-06-21 10:25:00+08:00,28.55,76.1,510.7511162559947,0,3.359
2026-06-21 10:30:00+08:00,28.96,71.4,505.7775756573508,0,3.487
2026-06-21 10:35:00+08:00,29.23,70.0,510.8040350587068,0,3.81
2026-06-21 10:40:00+08:00,28.46,75.7,508.8304944600628,0,3.413
2026-06-21 10:45:00+08:00,28.65,73.2,505.8569538614189,0,3.208
2026-06-21 10:50:00+08:00,28.82,68.0,504.8834132627749,0,3.041
2026-06-21 10:55:00+08:00,28.5,72.6,508.90987266413094,0,3.224
2026-06-21 11:00:00+08:00,28.88,71.0,512.936332065487,0,3.45
2026-06-21 11:05:00+08:00,29.03,70.7,506.96279146684304,0,3.352
2026-06-21 11:10:00+08:00,29.14,68.6,505.9892508681991,0,3.133
2026-06-21 11:15:00+08:00,28.79,70.8,508.01571026955514,0,3.322
2026-06-21 11:20:00+08:00,29.19,71.6,513.0421696709112,0,3.454
2026-06-21 11:25:00+08:00,28.23,71.2,514.0686290722672,0,3.186
2026-06-21 11:30:00+08:00,29.44,68.5,515.0950884736233,0,3.511
2026-06-21 11:35:00+08:00,29.58,68.9,516.1215478749793,0,3.523
2026-06-21 11:40:00+08:00,30.05,65.9,515.1480072763354,0,3.899
2026-06-21 11:45:00+08:00,30.07,66.3,514.1744666776914,0,3.537
2026-06-21 11:50:00+08:00,29.45,66.3,509.20092607904746,0,4.036
2026-06-21 11:55:00+08:00,29.38,69.4,511.22738548040354,0,3.539
2026-06-21 12:00:00+08:00,29.78,69.2,510.25384488175956,0,3.91
2026-06-21 12:05:00+08:00,29.35,68.2,514.2803042831156,0,3.96
2026-06-21 12:10:00+08:00,30.48,66.0,523.3067636844717,0,3.727
2026-06-21 12:15:00+08:00,30.69,63.1,525.3332230858277,0,3.912
2026-06-21 12:20:00+08:00,30.02,63.3,521.3596824871837,0,3.899
2026-06-21 12:25:00+08:00,30.31,69.0,523.3861418885398,0,3.93
2026-06-21 12:30:00+08:00,29.79,75.3,531.4126012898959,0,3.751
2026-06-21 12:35:00+08:00,29.94,69.7,526.4390606912518,0,3.592
2026-06-21 12:40:00+08:00,29.95,70.9,527.4655200926079,0,3.969
2026-06-21 12:45:00+08:00,30.07,72.4,535.491979493964,0,3.718
2026-06-21 12:50:00+08:00,30.33,74.2,533.51843889532,0,3.673
2026-06-21 12:55:00+08:00,30.36,70.5,528.544898296676,0,4.226
2026-06-21 13:00:00+08:00,30.26,70.7,529.5713576980321,0,3.996
2026-06-21 13:05:00+08:00,30.66,66.8,526.5978170993881,0,4.01
2026-06-21 13:10:00+08:00,30.09,69.0,526.6242765007441,0,4.043
2026-06-21 13:15:00+08:00,30.05,66.7,518.6507359021002,0,3.971
2026-06-21 13:20:00+08:00,30.21,68.9,525.6771953034563,0,3.644
2026-06-21 13:25:00+08:00,29.68,67.5,527.7036547048123,0,3.749
2026-06-21 13:30:00+08:00,29.59,76.0,530.7301141061683,0,3.617
2026-06-21 13:35:00+08:00,30.27,72.1,525.7565735075244,0,3.984
2026-06-21 13:40:00+08:00,30.18,68.7,517.7830329088804,0,4.111
2026-06-21 13:45:00+08:00,30.27,67.6,520.8094923102365,0,3.937
2026-06-21 13:50:00+08:00,30.94,64.9,515.8359517115925,0,4.002
2026-06-21 13:55:00+08:00,29.82,71.0,505.86241111294856,0,3.813
2026-06-21 14:00:00+08:00,29.82,67.5,508.8888705143046,0,3.674
2026-06-21 14:05:00+08:00,30.42,71.3,503.91532991566066,0,3.498
2026-06-21 14:10:00+08:00,30.32,70.1,516.9417893170167,0,3.918
2026-06-21 14:15:00+08:00,30.33,69.6,521.9682487183727,0,3.925
2026-06-21 14:20:00+08:00,31.44,62.0,522.9947081197288,0,4.124
2026-06-21 14:25:00+08:00,31.18,69.0,520.0211675210849,0,4.176
2026-06-21 14:30:00+08:00,30.89,68.4,515.0476269224409,0,3.558
2026-06-21 14:35:00+08:00,30.65,70.3,514.0740863237969,0,4.059
2026-06-21 14:40:00+08:00,30.77,63.7,514.100545725153,0,3.87
2026-06-21 14:45:00+08:00,30.84,67.8,522.1270051265091,0,3.978
2026-06-21 14:50:00+08:00,30.6,69.9,520.153464527865,0,3.975
2026-06-21 14:55:00+08:00,32.04,64.9,519.1799239292211,0,4.706
2026-06-21 15:00:00+08:00,31.15,66.1,520.2063833305772,0,3.995
2026-06-21 15:05:00+08:00,30.16,67.9,524.2328427319331,0,3.709
2026-06-21 15:10:00+08:00,30.25,68.2,517.2593021332892,0,3.844
2026-06-21 15:15:00+08:00,30.56,70.2,522.2857615346453,0,4.27
2026-06-21 15:20:00+08:00,30.97,68.2,524.3122209360013,0,4.343
2026-06-21 15:25:00+08:00,31.55,69.7,527.3386803373573,0,4.091
2026-06-21 15:30:00+08:00,30.59,66.1,533.3651397387134,0,4.048
2026-06-21 15:35:00+08:00,30.97,72.0,532.3915991400695,0,4.163
2026-06-21 15:40:00+08:00,30.01,72.7,533.4180585414255,0,4.07
2026-06-21 15:45:00+08:00,30.83,66.1,527.4445179427815,0,4.077
2026-06-21 15:50:00+08:00,30.69,70.0,527.4709773441376,0,4.266
2026-06-21 15:55:00+08:00,30.41,71.0,532.4974367454936,0,4.044
2026-06-21 16:00:00+08:00,30.89,68.9,535.5238961468497,0,4.023
2026-06-21 16:05:00+08:00,30.57,67.0,537.5503555482057,0,4.129
2026-06-21 16:10:00+08:00,30.93,69.9,528.5768149495618,0,3.63
2026-06-21 16:15:00+08:00,31.06,69.8,522.6032743509178,0,4.148
2026-06-21 16:20:00+08:00,30.95,64.8,516.6297337522739,0,4.196
2026-06-21 16:25:00+08:00,31.01,72.7,514.6561931536299,0,4.108
2026-06-21 16:30:00+08:00,30.55,64.4,515.6826525549859,0,4.103
2026-06-21 16:35:00+08:00,30.35,64.9,518.709111956342,0,3.818
2026-06-21 16:40:00+08:00,30.41,68.2,512.7355713576981,0,3.93
2026-06-21 16:45:00+08:00,30.29,68.0,507.7620307590541,0,3.825
2026-06-21 16:50:00+08:00,30.25,71.9,518.7884901604101,0,3.66
2026-06-21 16:55:00+08:00,30.22,71.3,513.8149495617662,0,3.847
2026-06-21 17:00:00+08:00,30.45,70.9,520.8414089631221,0,3.86
2026-06-21 17:05:00+08:00,30.25,68.6,518.8678683644782,0,4.154
2026-06-21 17:05:00+08:00,30.25,68.6,518.8678683644782,0,4.154
2026-06-21 17:10:00+08:00,30.2,71.5,519.8943277658343,0,3.824
2026-06-21 17:15:00+08:00,29.84,74.0,518.9207871671904,0,3.796
2026-06-21 17:20:00+08:00,30.76,69.7,512.9472465685463,0,3.801
2026-06-21 17:25:00+08:00,30.18,67.1,518.9737059699024,0,3.889
2026-06-21 17:30:00+08:00,30.2,68.7,515.0001653712585,0,3.963
2026-06-21 17:35:00+08:00,29.98,69.7,512.0266247726145,0,3.747
2026-06-21 17:40:00+08:00,29.66,70.2,504.05308417397055,0,3.754
2026-06-21 17:45:00+08:00,29.9,66.8,500.0795435753266,0,3.721
2026-06-21 17:50:00+08:00,30.13,75.0,504.10600297668265,0,3.885
2026-06-21 17:55:00+08:00,29.83,69.0,502.13246237803867,0,3.973
2026-06-21 18:00:00+08:00,30.37,72.3,497.15892177939475,0,3.876
2026-06-21 18:05:00+08:00,29.44,71.5,500.18538118075077,0,3.835
2026-06-21 18:10:00+08:00,29.46,75.7,494.21184058210684,0,3.619
2026-06-21 18:15:00+08:00,28.73,72.2,493.23829998346287,0,3.504
2026-06-21 18:20:00+08:00,29.5,69.5,496.26475938481894,0,3.453
2026-06-21 18:25:00+08:00,29.16,68.2,497.29121878617497,0,3.425
2026-06-21 18:30:00+08:00,29.26,68.6,497.317678187531,0,3.561
2026-06-21 18:35:00+08:00,28.95,77.7,501.34413758888707,0,3.844
2026-06-21 18:40:00+08:00,29.16,71.7,509.3705969902431,0,3.563
2026-06-21 18:45:00+08:00,28.25,71.9,516.3970563915991,0,3.329
2026-06-21 18:50:00+08:00,29.46,75.9,521.4235157929552,0,3.467
2026-06-21 18:55:00+08:00,29.4,66.4,518.4499751943113,0,3.709
2026-06-21 19:00:00+08:00,28.72,71.4,516.4764345956672,0,3.328
2026-06-21 19:05:00+08:00,29.26,75.4,518.5028939970233,0,3.581
2026-06-21 19:10:00+08:00,28.54,71.2,510.5293533983794,0,3.465
2026-06-21 19:15:00+08:00,28.34,71.1,517.5558127997353,0,3.447
2026-06-21 19:20:00+08:00,29.05,68.4,517.5822722010914,0,3.213
2026-06-21 19:25:00+08:00,28.6,69.5,522.6087316024475,0,3.315
2026-06-21 19:30:00+08:00,28.29,73.2,515.6351910038036,0,3.376
2026-06-21 19:35:00+08:00,29.21,72.2,517.6616504051595,0,3.489
2026-06-21 19:40:00+08:00,28.26,72.6,516.6881098065156,0,2.831
2026-06-21 19:45:00+08:00,28.63,69.6,507.7145692078717,0,3.471
2026-06-21 19:50:00+08:00,28.99,71.9,511.7410286092277,0,3.635
2026-06-21 19:55:00+08:00,28.42,70.1,509.76748801058375,0,3.07
2026-06-21 20:00:00+08:00,28.86,72.9,516.7939474119398,0,3.392
2026-06-21 20:05:00+08:00,28.46,73.7,521.8204068132959,0,3.404
2026-06-21 20:10:00+08:00,28.22,70.5,517.8468662146519,0,3.213
2026-06-21 20:15:00+08:00,27.92,73.8,523.873325616008,0,3.389
2026-06-21 20:20:00+08:00,27.88,73.4,534.899785017364,0,3.173
2026-06-21 20:25:00+08:00,27.64,76.8,533.92624441872,0,3.011
2026-06-21 20:30:00+08:00,28.46,73.8,538.9527038200761,0,3.356
2026-06-21 20:35:00+08:00,27.14,70.6,532.9791632214321,0,2.941
2026-06-21 20:40:00+08:00,27.0,75.7,532.0056226227881,0,2.531
2026-06-21 20:45:00+08:00,27.5,68.8,527.0320820241442,0,2.785
2026-06-21 20:50:00+08:00,28.29,73.0,519.0585414255003,0,3.352
2026-06-21 20:55:00+08:00,27.31,70.4,524.0850008268562,0,2.753
2026-06-21 21:00:00+08:00,26.85,73.2,523.1114602282123,0,2.675
2026-06-21 21:05:00+08:00,27.38,77.4,513.1379196295684,0,2.992
2026-06-21 21:10:00+08:00,27.5,71.1,518.1643790309245,0,3.004
2026-06-21 21:15:00+08:00,26.5,74.2,518.1908384322804,0,2.733
2026-06-21 21:20:00+08:00,26.19,76.1,524.2172978336365,0,2.773
2026-06-21 21:25:00+08:00,27.3,74.4,530.2437572349926,0,2.876
2026-06-21 21:30:00+08:00,27.03,79.6,535.2702166363486,0,2.783
2026-06-21 21:35:00+08:00,26.68,76.4,526.2966760377046,0,2.788
2026-06-21 21:40:00+08:00,26.23,77.7,527.3231354390607,0,2.41
2026-06-21 21:45:00+08:00,27.06,71.4,527.3495948404168,0,2.902
2026-06-21 21:50:00+08:00,26.15,76.0,528.3760542417727,0,2.627
2026-06-21 21:55:00+08:00,26.52,75.1,531.4025136431288,0,2.57
2026-06-21 22:00:00+08:00,26.47,78.3,523.4289730444849,0,2.541
2026-06-21 22:05:00+08:00,26.71,76.6,525.4554324458409,0,2.797
2026-06-21 22:10:00+08:00,26.25,77.7,526.481891847197,0,2.797
2026-06-21 22:15:00+08:00,25.89,76.6,516.508351248553,0,2.428
2026-06-21 22:20:00+08:00,26.09,74.2,522.5348106499091,0,2.548
2026-06-21 22:25:00+08:00,26.73,70.7,518.5612700512651,0,2.979
2026-06-21 22:30:00+08:00,26.36,76.8,516.5877294526211,0,2.827
2026-06-21 22:35:00+08:00,26.83,75.5,519.6141888539772,0,2.886
2026-06-21 22:40:00+08:00,26.09,78.7,521.6406482553332,0,2.37
2026-06-21 22:45:00+08:00,25.52,74.3,521.6671076566893,0,2.434
2026-06-21 22:50:00+08:00,25.6,78.1,519.6935670580453,0,2.208
2026-06-21 22:55:00+08:00,25.83,78.6,529.7200264594013,0,2.236
2026-06-21 23:00:00+08:00,25.61,73.6,525.7464858607574,0,2.097
2026-06-21 23:05:00+08:00,25.31,74.8,523.7729452621135,0,2.068
2026-06-21 23:10:00+08:00,25.97,73.3,522.7994046634694,0,2.592
2026-06-21 23:15:00+08:00,24.54,81.2,520.8258640648255,0,2.271
2026-06-21 23:20:00+08:00,25.25,81.4,522.8523234661816,0,2.259
2026-06-21 23:25:00+08:00,24.69,78.9,518.8787828675377,0,2.241
2026-06-21 23:30:00+08:00,24.87,79.0,525.9052422688936,0,2.119
2026-06-21 23:35:00+08:00,24.83,79.1,524.9317016702497,0,2.373
2026-06-21 23:40:00+08:00,24.86,77.0,525.9581610716058,0,2.04
2026-06-21 23:45:00+08:00,25.58,72.1,529.9846204729618,0,2.24
2026-06-21 23:50:00+08:00,24.83,83.3,521.0110798743178,0,2.117
2026-06-21 23:55:00+08:00,24.85,77.2,523.0375392756739,0,2.12
2026-06-22 00:00:00+08:00,24.55,75.5,528.06399867703,0,2.184
2026-06-22 00:05:00+08:00,24.4,80.1,529.090458078386,0,2.033
2026-06-22 00:10:00+08:00,24.39,78.8,531.116917479742,0,1.765
2026-06-22 00:15:00+08:00,25.28,75.4,530.1433768810981,0,2.25
2026-06-22 00:20:00+08:00,24.48,80.6,536.1698362824541,0,2.151
2026-06-22 00:25:00+08:00,24.98,78.2,538.1962956838101,0,2.215
2026-06-22 00:30:00+08:00,24.45,75.7,531.2227550851662,0,1.768
2026-06-22 00:35:00+08:00,24.29,71.8,526.2492144865223,0,1.843
2026-06-22 00:40:00+08:00,24.3,81.5,523.2756738878783,0,2.238
2026-06-22 00:45:00+08:00,23.87,82.6,510.30213328923435,0,2.025
2026-06-22 00:45:00+08:00,23.87,82.6,510.30213328923435,0,2.025
2026-06-22 00:50:00+08:00,23.79,81.0,514.3285926905903,0,1.591
2026-06-22 00:55:00+08:00,24.48,86.6,510.3550520919464,0,2.007
2026-06-22 01:00:00+08:00,24.78,77.9,508.38151149330247,0,1.945
2026-06-22 01:05:00+08:00,24.42,78.3,509.4079708946585,0,2.279
2026-06-22 01:10:00+08:00,24.73,75.0,522.4344302960145,0,2.354
2026-06-22 01:15:00+08:00,23.71,79.6,519.4608896973706,0,1.696
2026-06-22 01:20:00+08:00,25.17,76.9,520.4873490987267,0,2.232
2026-06-22 01:25:00+08:00,23.57,85.9,518.5138085000826,0,1.597
2026-06-22 01:30:00+08:00,24.3,77.6,522.5402679014387,0,2.028
2026-06-22 01:35:00+08:00,24.08,79.8,521.5667273027948,0,1.658
2026-06-22 01:40:00+08:00,24.14,79.9,520.5931867041509,0,1.927
2026-06-22 01:45:00+08:00,24.61,84.2,514.6196461055068,0,1.941
2026-06-22 01:50:00+08:00,23.75,83.3,528.6461055068629,0,1.396
2026-06-22 01:55:00+08:00,24.26,75.3,519.672564908219,0,2.055
2026-06-22 02:00:00+08:00,24.06,74.3,517.699024309575,0,1.965
2026-06-22 02:05:00+08:00,23.93,79.6,516.725483710931,0,1.643
2026-06-22 02:10:00+08:00,24.11,81.6,516.7519431122871,0,1.7
2026-06-22 02:15:00+08:00,23.69,81.0,513.7784025136432,0,1.695
2026-06-22 02:20:00+08:00,24.19,78.5,511.80486191499915,0,1.697
2026-06-22 02:25:00+08:00,24.35,81.1,513.8313213163552,0,1.648
2026-06-22 02:30:00+08:00,23.16,78.7,513.8577807177113,0,1.86
2026-06-22 02:35:00+08:00,23.12,80.8,513.8842401190673,0,1.88
2026-06-22 02:40:00+08:00,23.64,80.2,522.9106995204233,0,1.982
2026-06-22 02:45:00+08:00,23.86,81.6,520.9371589217794,0,1.881
2026-06-22 02:50:00+08:00,24.13,81.8,519.9636183231354,0,1.42
2026-06-22 02:55:00+08:00,23.83,76.8,517.9900777244915,0,2.017
2026-06-22 03:00:00+08:00,24.19,80.5,510.01653712584755,0,1.991
2026-06-22 03:05:00+08:00,24.38,82.0,500.04299652720357,0,2.176
2026-06-22 03:10:00+08:00,24.78,79.1,510.0694559285596,0,1.978
2026-06-22 03:15:00+08:00,23.33,76.8,511.09591532991567,0,1.944
2026-06-22 03:20:00+08:00,24.45,78.2,521.1223747312717,0,1.893
2026-06-22 03:25:00+08:00,23.67,77.1,525.1488341326277,0,1.889
2026-06-22 03:30:00+08:00,23.67,81.1,520.1752935339838,0,1.924
2026-06-22 03:35:00+08:00,23.86,84.0,516.2017529353399,0,1.936
2026-06-22 03:40:00+08:00,24.16,81.7,512.2282123366958,0,2.049
2026-06-22 03:45:00+08:00,23.31,83.7,515.2546717380519,0,1.555
2026-06-22 03:50:00+08:00,23.12,81.3,521.281131139408,0,1.927
2026-06-22 03:55:00+08:00,23.78,80.6,519.3075905407641,0,1.781
2026-06-22 04:00:00+08:00,23.67,77.9,518.33404994212,0,1.75
2026-06-22 04:05:00+08:00,23.95,79.7,517.3605093434761,0,2.099
2026-06-22 04:10:00+08:00,24.55,77.7,519.3869687448322,0,1.739
2026-06-22 04:15:00+08:00,24.01,76.3,517.4134281461882,0,1.721
2026-06-22 04:20:00+08:00,24.12,80.9,515.4398875475442,0,1.686
2026-06-22 04:25:00+08:00,23.7,78.9,526.4663469489003,0,1.972
2026-06-22 04:30:00+08:00,24.63,77.6,532.4928063502564,0,2.178
2026-06-22 04:35:00+08:00,24.19,80.8,531.5192657516124,0,1.472
2026-06-22 04:40:00+08:00,24.15,80.2,532.5457251529684,0,1.672
2026-06-22 04:45:00+08:00,24.9,74.3,525.5721845543245,0,2.135
2026-06-22 04:50:00+08:00,24.02,84.0,529.5986439556805,0,1.907
2026-06-22 04:55:00+08:00,24.63,75.4,534.6251033570366,0,1.664
2026-06-22 05:00:00+08:00,24.24,80.6,531.6515627583926,0,2.372
2026-06-22 05:05:00+08:00,23.63,78.7,529.6780221597486,0,1.768
2026-06-22 05:10:00+08:00,24.27,75.0,527.7044815611047,0,2.059
2026-06-22 05:15:00+08:00,24.09,76.4,525.7309409624607,0,1.769
2026-06-22 05:20:00+08:00,24.1,80.6,526.7574003638167,0,1.903
2026-06-22 05:25:00+08:00,24.34,82.3,523.7838597651728,0,2.261
2026-06-22 05:30:00+08:00,25.1,78.8,524.8103191665289,0,2.334
2026-06-22 05:35:00+08:00,24.59,81.7,525.836778567885,0,2.535
2026-06-22 05:35:00+08:00,24.59,81.7,525.836778567885,0,2.535
2026-06-22 05:40:00+08:00,24.36,78.7,535.8632379692409,0,1.961
2026-06-22 05:45:00+08:00,24.73,75.3,531.889697370597,0,1.949
2026-06-22 05:50:00+08:00,24.8,73.6,539.9161567719531,0,2.238
2026-06-22 05:55:00+08:00,24.49,78.0,536.942616173309,0,2.221
2026-06-22 06:00:00+08:00,26.06,71.4,539.9690755746651,0,2.408
2026-06-22 06:05:00+08:00,25.52,75.2,533.9955349760212,0,2.301
2026-06-22 06:10:00+08:00,25.29,77.4,529.0219943773773,0,2.657
2026-06-22 06:15:00+08:00,24.57,75.1,530.0484537787332,0,2.014
2026-06-22 06:20:00+08:00,25.35,75.0,537.0749131800893,0,1.962
2026-06-22 06:25:00+08:00,25.12,81.4,531.1013725814454,0,2.39
2026-06-22 06:30:00+08:00,25.46,77.0,533.1278319828014,0,2.33
2026-06-22 06:35:00+08:00,25.0,78.2,533.1542913841574,0,2.192
2026-06-22 06:40:00+08:00,25.68,74.8,535.1807507855135,0,2.582
2026-06-22 06:45:00+08:00,25.51,78.6,535.2072101868695,0,2.54
2026-06-22 06:50:00+08:00,25.48,74.1,537.2336695882256,0,2.281
2026-06-22 06:55:00+08:00,25.59,77.6,535.2601289895816,0,2.629
2026-06-22 07:00:00+08:00,25.14,74.5,528.2865883909376,0,2.219
2026-06-22 07:05:00+08:00,26.34,76.7,526.3130477922937,0,2.483
2026-06-22 07:10:00+08:00,25.65,77.9,524.3395071936498,0,2.048
2026-06-22 07:15:00+08:00,25.82,73.7,522.3659665950058,0,2.453
2026-06-22 07:20:00+08:00,25.15,76.1,522.3924259963618,0,2.301
2026-06-22 07:25:00+08:00,25.14,76.3,510.4188853977179,0,2.24
2026-06-22 07:30:00+08:00,25.99,79.0,514.445344799074,0,2.484
2026-06-22 07:35:00+08:00,25.6,78.3,517.4718042004299,0,2.483
2026-06-22 07:40:00+08:00,26.51,75.7,522.498263601786,0,2.725
2026-06-22 07:45:00+08:00,26.5,73.6,529.5247230031421,0,2.82
2026-06-22 07:50:00+08:00,26.2,78.9,536.5511824044981,0,2.374
2026-06-22 07:55:00+08:00,25.62,75.1,536.5776418058541,0,2.762
2026-06-22 08:00:00+08:00,22.06,87.1,600.6041012072102,30,7.016
2026-06-22 08:05:00+08:00,22.9,83.7,649.6305606085663,31,7.827
2026-06-22 08:10:00+08:00,21.89,81.9,683.6570200099222,22,7.044
2026-06-22 08:15:00+08:00,22.57,84.1,723.6834794112783,28,7.067
2026-06-22 08:20:00+08:00,22.72,82.2,778.7099388126344,37,7.837
2026-06-22 08:25:00+08:00,22.65,81.5,812.7363982139905,27,7.465
2026-06-22 08:30:00+08:00,23.59,79.5,846.7628576153464,30,7.379
2026-06-22 08:35:00+08:00,23.18,80.8,864.7893170167025,23,7.524
2026-06-22 08:40:00+08:00,23.22,84.7,878.8157764180586,29,7.38
2026-06-22 08:45:00+08:00,23.46,78.5,914.8422358194146,35,7.809
2026-06-22 08:50:00+08:00,23.6,78.8,943.8686952207706,34,8.033
2026-06-22 08:55:00+08:00,23.4,81.7,962.8951546221267,29,7.747
2026-06-22 09:00:00+08:00,23.0,83.6,966.9216140234827,22,7.483
2026-06-22 09:05:00+08:00,24.05,83.9,946.9480734248388,13,6.858
2026-06-22 09:10:00+08:00,23.62,80.2,957.9745328261948,30,7.828
2026-06-22 09:15:00+08:00,24.4,77.8,954.0009922275508,23,7.708
2026-06-22 09:20:00+08:00,23.63,78.7,977.0274516289069,32,7.696
2026-06-22 09:25:00+08:00,24.53,80.4,980.053911030263,24,7.692
2026-06-22 09:30:00+08:00,24.59,78.9,962.080370431619,18,7.836
2026-06-22 09:35:00+08:00,24.34,74.3,991.106829832975,34,7.919
2026-06-22 09:40:00+08:00,24.96,78.3,1007.1332892343311,32,7.732
2026-06-22 09:45:00+08:00,24.32,79.7,1014.1597486356872,26,7.836
2026-06-22 09:50:00+08:00,23.41,82.8,1036.1862080370431,33,7.478
2026-06-22 09:55:00+08:00,24.69,75.6,1020.2126674383992,18,7.422
2026-06-22 10:00:00+08:00,23.77,80.2,1029.2391268397553,27,7.916
2026-06-22 10:05:00+08:00,24.44,81.3,1047.2655862411114,33,7.851
2026-06-22 10:10:00+08:00,24.22,80.0,1084.2920456424674,42,8.286
2026-06-22 10:15:00+08:00,24.18,82.6,1094.3185050438233,27,7.569
2026-06-22 10:20:00+08:00,24.84,75.7,1075.3449644451794,18,7.32
2026-06-22 10:25:00+08:00,24.48,77.4,1053.3714238465354,16,7.685
2026-06-22 10:30:00+08:00,25.4,78.6,1051.3978832478915,25,8.095
2026-06-22 10:35:00+08:00,25.04,76.8,1046.4243426492476,22,7.801
2026-06-22 10:40:00+08:00,25.25,78.3,1062.4508020506037,29,8.15
2026-06-22 10:45:00+08:00,24.58,80.0,1073.4772614519597,31,7.734
2026-06-22 10:50:00+08:00,25.3,80.8,1090.5037208533156,37,8.715
2026-06-22 10:55:00+08:00,25.35,74.6,1103.5301802546717,32,8.522
2026-06-22 11:00:00+08:00,24.85,83.6,1095.5566396560278,23,8.018
2026-06-22 11:05:00+08:00,24.74,80.9,1068.5830990573838,17,7.813
2026-06-22 11:10:00+08:00,25.67,74.0,1071.60955845874,23,8.092
2026-06-22 11:15:00+08:00,25.24,83.7,1065.636017860096,21,8.036
2026-06-22 11:20:00+08:00,24.44,79.6,1081.6624772614518,37,8.211
2026-06-22 11:25:00+08:00,26.4,73.5,1061.688936662808,17,8.33
2026-06-22 11:30:00+08:00,25.76,75.0,1076.715396064164,32,8.203
2026-06-22 11:35:00+08:00,26.09,73.9,1078.74185546552,23,8.17
2026-06-22 11:40:00+08:00,25.1,81.6,1063.7683148668762,22,7.784
2026-06-22 11:45:00+08:00,25.44,79.6,1063.7947742682322,25,8.131
2026-06-22 11:50:00+08:00,25.54,77.1,1086.8212336695883,34,8.528
2026-06-22 11:55:00+08:00,26.27,76.7,1062.8476930709444,19,8.171
2026-06-22 12:00:00+08:00,25.62,75.6,1034.8741524723002,11,7.473
2026-06-22 12:05:00+08:00,26.05,77.1,1000.9006118736563,10,7.703
2026-06-22 12:10:00+08:00,26.56,73.4,973.9270712750124,9,7.755
2026-06-22 12:15:00+08:00,26.0,76.0,960.9535306763685,11,8.107
2026-06-22 12:20:00+08:00,25.99,77.3,936.9799900777246,11,7.685
2026-06-22 12:25:00+08:00,26.68,76.2,905.0064494790805,9,7.726
2026-06-22 12:30:00+08:00,26.42,73.4,879.0329088804366,10,7.986
2026-06-22 12:35:00+08:00,26.93,78.0,859.0593682817927,10,8.028
2026-06-22 12:40:00+08:00,26.08,74.5,835.0858276831486,9,7.55
2026-06-22 12:45:00+08:00,25.95,79.0,817.1122870845047,7,7.644
2026-06-22 12:50:00+08:00,26.35,76.5,809.1387464858608,9,7.484
2026-06-22 12:55:00+08:00,25.45,74.9,800.1652058872168,9,7.73
2026-06-22 13:00:00+08:00,26.53,72.1,825.1916652885728,28,8.63
2026-06-22 13:05:00+08:00,26.05,79.1,869.2181246899289,34,8.662
2026-06-22 13:10:00+08:00,26.47,71.2,883.2445840912849,22,8.422
2026-06-22 13:15:00+08:00,26.4,-999.0,912.271043492641,31,8.784
2026-06-22 13:20:00+08:00,26.71,76.3,935.297502893997,35,9.133
2026-06-22 13:25:00+08:00,26.45,73.9,979.3239622953531,38,8.862
2026-06-22 13:30:00+08:00,27.37,72.5,999.3504216967091,31,8.89
2026-06-22 13:35:00+08:00,26.8,75.3,1026.376881098065,33,8.553
2026-06-22 13:40:00+08:00,26.82,74.6,1019.4033404994212,21,8.253
2026-06-22 13:45:00+08:00,27.14,76.7,1030.4297999007772,32,8.496
2026-06-22 13:50:00+08:00,26.55,72.5,1035.4562593021333,26,8.21
2026-06-22 13:55:00+08:00,25.89,75.1,1047.4827187034894,32,8.244
2026-06-22 14:00:00+08:00,27.06,74.1,1058.5091781048454,32,8.94
2026-06-22 14:05:00+08:00,25.9,77.0,1073.5356375062015,34,8.722
2026-06-22 14:10:00+08:00,27.91,73.1,1080.5620969075574,29,9.144
2026-06-22 14:15:00+08:00,26.84,75.5,1091.5885563089134,36,8.831
2026-06-22 14:20:00+08:00,26.41,74.4,1075.6150157102695,18,7.941
2026-06-22 14:25:00+08:00,26.84,72.3,1068.6414751116256,27,8.576
2026-06-22 14:30:00+08:00,26.52,77.1,1082.6679345129817,26,8.655
2026-06-22 14:35:00+08:00,27.55,69.8,1083.6943939143378,27,8.419
2026-06-22 14:40:00+08:00,27.07,76.2,1094.7208533156938,33,8.836
2026-06-22 14:45:00+08:00,27.0,72.1,1097.7473127170497,30,8.589
2026-06-22 14:50:00+08:00,25.84,71.1,1101.7737721184058,28,8.461
2026-06-22 14:55:00+08:00,27.22,71.7,1102.8002315197618,26,8.412
2026-06-22 15:00:00+08:00,27.56,75.7,1090.826690921118,20,8.495
2026-06-22 15:05:00+08:00,27.16,72.4,1088.853150322474,28,8.473
2026-06-22 15:10:00+08:00,26.47,76.9,1108.87960972383,32,8.625
2026-06-22 15:15:00+08:00,26.94,72.6,1117.9060691251861,34,9.019
2026-06-22 15:20:00+08:00,27.46,75.9,1111.932528526542,30,9.034
2026-06-22 15:25:00+08:00,26.12,77.2,1098.958987927898,22,8.272
2026-06-22 15:30:00+08:00,26.78,74.8,1100.9854473292542,29,8.63
2026-06-22 15:35:00+08:00,26.47,79.0,1099.0119067306102,28,8.625
2026-06-22 15:40:00+08:00,26.85,71.6,1098.0383661319663,22,8.771
2026-06-22 15:45:00+08:00,26.69,75.3,1113.0648255333224,32,8.784
2026-06-22 15:50:00+08:00,26.73,73.9,1132.0912849346782,38,8.769
2026-06-22 15:55:00+08:00,26.73,74.3,1139.1177443360343,30,8.929
2026-06-22 16:00:00+08:00,27.04,77.7,1134.1442037373904,23,8.677
2026-06-22 16:05:00+08:00,25.77,75.8,1145.1706631387465,35,8.742
2026-06-22 16:10:00+08:00,26.46,76.6,1140.1971225401026,32,8.956
2026-06-22 16:15:00+08:00,26.92,74.3,1125.2235819414586,23,8.489
2026-06-22 16:20:00+08:00,26.31,77.8,1125.2500413428147,31,8.448
2026-06-22 16:25:00+08:00,26.82,-999.0,1135.2765007441706,33,8.869
2026-06-22 16:30:00+08:00,26.35,76.6,1151.3029601455266,36,9.032
2026-06-22 16:35:00+08:00,26.81,75.4,1137.3294195468827,24,8.929
2026-06-22 16:40:00+08:00,26.4,74.3,1136.3558789482388,28,8.777
2026-06-22 16:45:00+08:00,27.21,72.2,1113.3823383495949,21,8.592
2026-06-22 16:50:00+08:00,26.5,75.4,1130.408797750951,35,8.595
2026-06-22 16:55:00+08:00,26.85,72.2,1117.435257152307,26,8.315
2026-06-22 17:00:00+08:00,26.09,75.5,1119.4617165536629,35,8.356
2026-06-22 17:05:00+08:00,27.17,70.5,1140.488175955019,36,9.08
2026-06-22 17:10:00+08:00,25.67,73.4,1122.514635356375,21,8.294
2026-06-22 17:15:00+08:00,26.7,73.9,1113.5410947577311,24,8.872
2026-06-22 17:20:00+08:00,26.14,81.8,1090.5675541590872,17,8.21
2026-06-22 17:25:00+08:00,26.83,74.2,1089.5940135604433,28,8.79
2026-06-22 17:30:00+08:00,26.57,80.4,1089.6204729617994,25,8.413
2026-06-22 17:35:00+08:00,26.94,75.8,1092.6469323631552,26,8.45
2026-06-22 17:40:00+08:00,26.09,75.5,1105.6733917645113,34,8.353
2026-06-22 17:45:00+08:00,25.89,74.4,1112.6998511658674,33,8.368
2026-06-22 17:50:00+08:00,25.72,81.0,1121.7263105672234,33,8.521
2026-06-22 17:55:00+08:00,25.51,75.4,1129.7527699685795,35,8.383
2026-06-22 18:00:00+08:00,29.74,68.5,1065.7792293699356,0,3.644
2026-06-22 18:05:00+08:00,29.16,72.3,1015.8056887712916,0,3.318
2026-06-22 18:10:00+08:00,29.83,69.8,968.8321481726476,0,3.407
2026-06-22 18:15:00+08:00,29.72,69.1,925.8586075740036,0,3.51
2026-06-22 18:20:00+08:00,29.68,74.2,886.8850669753597,0,3.861
2026-06-22 18:25:00+08:00,28.61,73.5,852.9115263767158,0,3.61
2026-06-22 18:30:00+08:00,29.43,67.0,822.9379857780718,0,3.365
2026-06-22 18:35:00+08:00,29.42,67.2,794.9644451794278,0,3.682
2026-06-22 18:40:00+08:00,29.28,67.4,765.9909045807839,0,3.508
2026-06-22 18:45:00+08:00,28.57,70.9,742.0173639821398,0,3.594
2026-06-22 18:50:00+08:00,28.86,75.9,721.0438233834959,0,3.106
2026-06-22 18:55:00+08:00,28.95,71.3,713.070282784852,0,3.31
2026-06-22 19:00:00+08:00,28.56,74.7,691.0967421862081,0,3.361
2026-06-22 19:05:00+08:00,29.59,70.7,667.123201587564,0,3.746
2026-06-22 19:10:00+08:00,28.49,70.6,660.1496609889201,0,3.559
2026-06-22 19:15:00+08:00,29.37,70.8,645.1761203902762,0,3.68
2026-06-22 19:20:00+08:00,28.57,72.1,631.2025797916322,0,3.072
2026-06-22 19:25:00+08:00,28.16,75.7,621.2290391929882,0,3.277
2026-06-22 19:30:00+08:00,28.95,68.4,619.2554985943443,0,3.351
2026-06-22 19:35:00+08:00,28.45,71.9,616.2819579957004,0,3.596
2026-06-22 19:40:00+08:00,28.11,74.6,610.3084173970564,0,3.256
2026-06-22 19:45:00+08:00,28.94,70.1,597.3348767984124,0,3.303
2026-06-22 19:50:00+08:00,28.66,73.0,583.3613361997685,0,3.133
2026-06-22 19:55:00+08:00,27.77,71.9,579.3877956011245,0,3.178
2026-06-22 20:00:00+08:00,27.84,70.5,571.4142550024806,0,3.248
2026-06-22 20:05:00+08:00,27.91,72.2,568.4407144038366,0,2.874
2026-06-22 20:10:00+08:00,27.98,77.5,565.4671738051927,0,3.357
2026-06-22 20:15:00+08:00,28.24,73.7,563.4936332065487,0,3.363
2026-06-22 20:20:00+08:00,27.92,72.1,563.5200926079048,0,3.144
2026-06-22 20:25:00+08:00,27.92,72.9,563.5465520092608,0,2.94
2026-06-22 20:30:00+08:00,27.46,73.4,559.5730114106168,0,3.129
2026-06-22 20:35:00+08:00,27.17,72.3,544.5994708119729,0,2.822
2026-06-22 20:40:00+08:00,26.89,75.9,549.625930213329,0,2.956
2026-06-22 20:45:00+08:00,27.86,79.8,536.6523896146849,0,3.105
2026-06-22 20:50:00+08:00,27.42,75.3,535.678849016041,0,2.768
2026-06-22 20:55:00+08:00,27.66,71.8,539.7053084173971,0,3.251
2026-06-22 21:00:00+08:00,27.55,69.6,541.731767818753,0,2.95
2026-06-22 21:05:00+08:00,26.77,76.3,543.7582272201091,0,2.595
2026-06-22 21:10:00+08:00,27.1,73.5,547.7846866214652,0,2.693
2026-06-22 21:15:00+08:00,27.56,76.0,553.8111460228213,0,3.358
2026-06-22 21:20:00+08:00,27.52,73.3,544.8376054241772,0,2.589
2026-06-22 21:25:00+08:00,26.67,74.2,542.8640648255333,0,2.829
2026-06-22 21:30:00+08:00,27.38,71.6,541.8905242268894,0,2.999
2026-06-22 21:35:00+08:00,27.06,74.6,546.9169836282454,0,2.917
2026-06-22 21:40:00+08:00,26.29,73.8,550.9434430296014,0,2.656
2026-06-22 21:45:00+08:00,27.24,73.0,555.9699024309575,0,2.826
2026-06-22 21:50:00+08:00,26.51,77.9,552.9963618323136,0,2.995
2026-06-22 21:55:00+08:00,26.65,71.5,550.0228212336696,0,2.484
2026-06-22 22:00:00+08:00,26.63,72.5,540.0492806350256,0,2.327
2026-06-22 22:05:00+08:00,26.87,71.7,541.0757400363817,0,2.649
2026-06-22 22:10:00+08:00,25.75,75.0,530.1021994377377,0,2.686
2026-06-22 22:15:00+08:00,26.29,76.1,530.1286588390938,0,2.666
2026-06-22 22:20:00+08:00,26.44,75.7,532.1551182404498,0,2.31
2026-06-22 22:25:00+08:00,25.66,72.9,523.1815776418059,0,2.307
2026-06-22 22:30:00+08:00,26.49,73.7,519.2080370431619,0,2.66
2026-06-22 22:35:00+08:00,26.29,73.5,519.234496444518,0,2.438
2026-06-22 22:40:00+08:00,25.69,-999.0,520.260955845874,0,2.272
2026-06-22 22:45:00+08:00,26.24,76.7,520.28741524723,0,2.442
2026-06-22 22:50:00+08:00,25.02,77.8,524.3138746485861,0,2.16
2026-06-22 22:55:00+08:00,25.92,81.4,527.3403340499422,0,2.429
2026-06-22 23:00:00+08:00,25.18,74.6,522.3667934512981,0,1.761
2026-06-22 23:05:00+08:00,25.26,81.3,525.3932528526542,0,2.55
2026-06-22 23:10:00+08:00,25.75,76.2,519.4197122540103,0,2.402
2026-06-22 23:15:00+08:00,25.28,77.1,514.4461716553662,0,2.517
2026-06-22 23:20:00+08:00,25.42,76.4,508.4726310567223,0,2.259
2026-06-22 23:25:00+08:00,25.76,77.6,511.4990904580784,0,2.564
2026-06-22 23:30:00+08:00,24.85,76.6,518.5255498594345,0,2.164
2026-06-22 23:35:00+08:00,24.25,79.0,512.5520092607904,0,1.865
2026-06-22 23:40:00+08:00,25.38,77.0,506.5784686621465,0,2.012
2026-06-22 23:45:00+08:00,25.36,75.1,513.6049280635026,0,2.39
2026-06-22 23:50:00+08:00,24.99,80.5,513.6313874648586,0,1.936
2026-06-22 23:55:00+08:00,24.67,79.2,521.6578468662146,0,2.323
2026-06-23 00:00:00+08:00,25.23,75.6,519.6843062675707,0,2.375
2026-06-23 00:05:00+08:00,24.55,80.7,516.7107656689268,0,2.311
2026-06-23 00:10:00+08:00,24.92,78.5,524.7372250702828,0,2.055
2026-06-23 00:15:00+08:00,25.47,75.0,533.7636844716388,0,2.553
2026-06-23 00:20:00+08:00,24.02,80.7,528.7901438729949,0,1.841
2026-06-23 00:25:00+08:00,24.61,77.4,526.8166032743509,0,2.112
2026-06-23 00:30:00+08:00,24.58,78.8,516.843062675707,0,2.322
2026-06-23 00:35:00+08:00,24.27,78.9,518.869522077063,0,1.824
2026-06-23 00:40:00+08:00,24.62,71.9,520.895981478419,0,1.722
2026-06-23 00:45:00+08:00,24.11,74.6,529.9224408797751,0,1.939
2026-06-23 00:50:00+08:00,24.35,77.7,519.9489002811312,0,1.888
2026-06-23 00:55:00+08:00,23.91,76.4,524.9753596824871,0,1.873
2026-06-23 01:00:00+08:00,24.45,79.6,522.0018190838432,0,1.987
2026-06-23 01:05:00+08:00,24.46,83.2,519.0282784851993,0,2.137
2026-06-23 01:10:00+08:00,24.61,81.4,529.0547378865554,0,1.931
2026-06-23 01:15:00+08:00,24.03,80.3,537.0811972879113,0,1.981
2026-06-23 01:15:00+08:00,24.03,80.3,537.0811972879113,0,1.981
2026-06-23 01:20:00+08:00,24.31,79.3,540.1076566892674,0,1.414
2026-06-23 01:25:00+08:00,23.54,82.1,540.1341160906235,0,1.806
2026-06-23 01:30:00+08:00,24.15,82.0,533.1605754919794,0,2.027
2026-06-23 01:35:00+08:00,24.12,83.2,528.1870348933355,0,1.715
2026-06-23 01:40:00+08:00,24.29,76.2,533.2134942946916,0,1.755
2026-06-23 01:45:00+08:00,23.11,81.6,543.2399536960477,0,1.901
2026-06-23 01:50:00+08:00,24.51,78.8,543.2664130974036,0,2.084
2026-06-23 01:55:00+08:00,24.27,81.4,548.2928724987597,0,1.437
2026-06-23 02:00:00+08:00,24.34,80.5,541.3193319001158,0,1.989
2026-06-23 02:05:00+08:00,23.85,77.7,529.3457913014718,0,1.436
2026-06-23 02:10:00+08:00,24.28,74.2,530.3722507028278,0,1.504
2026-06-23 02:15:00+08:00,24.03,78.7,526.3987101041839,0,2.096
2026-06-23 02:20:00+08:00,23.61,83.3,525.42516950554,0,1.801
2026-06-23 02:25:00+08:00,23.6,80.0,527.451628906896,0,1.838
2026-06-23 02:30:00+08:00,23.4,78.1,521.478088308252,0,2.025
2026-06-23 02:35:00+08:00,23.76,78.2,515.5045477096081,0,1.889
2026-06-23 02:40:00+08:00,24.18,79.5,513.5310071109641,0,1.557
2026-06-23 02:45:00+08:00,24.03,80.3,503.55746651232016,0,1.563
2026-06-23 02:50:00+08:00,24.28,81.0,506.5839259136762,0,1.976
2026-06-23 02:55:00+08:00,23.33,82.4,510.61038531503226,0,1.839
2026-06-23 03:00:00+08:00,23.86,84.3,504.6368447163883,0,1.67
2026-06-23 03:05:00+08:00,24.27,81.5,512.6633041177444,0,1.873
2026-06-23 03:10:00+08:00,23.97,80.2,509.6897635191004,0,1.832
2026-06-23 03:15:00+08:00,24.28,78.6,502.7162229204564,0,2.128
2026-06-23 03:20:00+08:00,24.26,76.5,512.7426823218125,0,2.006
2026-06-23 03:25:00+08:00,23.14,82.0,511.7691417231685,0,1.595
2026-06-23 03:30:00+08:00,23.92,83.7,518.7956011245245,0,1.925
2026-06-23 03:35:00+08:00,24.14,79.9,519.8220605258806,0,2.026
2026-06-23 03:40:00+08:00,23.6,81.2,521.8485199272367,0,1.449
2026-06-23 03:45:00+08:00,23.45,77.7,520.8749793285926,0,1.87
2026-06-23 03:45:00+08:00,23.45,77.7,520.8749793285926,0,1.87
2026-06-23 03:50:00+08:00,23.97,77.1,521.9014387299487,0,2.028
2026-06-23 03:50:00+08:00,23.97,77.1,521.9014387299487,0,2.028
2026-06-23 03:55:00+08:00,24.05,79.5,522.9278981313048,0,1.7
2026-06-23 04:00:00+08:00,23.8,79.0,527.9543575326609,0,1.909
2026-06-23 04:05:00+08:00,24.24,79.0,530.9808169340168,0,2.132
2026-06-23 04:10:00+08:00,24.6,77.1,529.0072763353729,0,1.892
2026-06-23 04:15:00+08:00,24.18,79.8,528.033735736729,0,2.125
2026-06-23 04:20:00+08:00,23.68,80.2,520.060195138085,0,1.569
2026-06-23 04:25:00+08:00,23.4,76.9,530.086654539441,0,1.532
2026-06-23 04:30:00+08:00,24.64,79.9,528.1131139407971,0,1.666
2026-06-23 04:35:00+08:00,23.75,80.6,517.1395733421531,0,1.784
2026-06-23 04:40:00+08:00,24.79,78.1,513.1660327435092,0,2.116
2026-06-23 04:45:00+08:00,24.44,75.9,513.1924921448652,0,1.957
2026-06-23 04:50:00+08:00,24.18,76.6,513.2189515462212,0,1.973
2026-06-23 04:55:00+08:00,24.07,83.9,509.2454109475773,0,1.903
2026-06-23 05:00:00+08:00,24.58,80.0,512.2718703489334,0,2.035
2026-06-23 05:05:00+08:00,24.38,75.4,512.2983297502894,0,1.802
2026-06-23 05:10:00+08:00,24.27,78.0,505.32478915164546,0,2.07
2026-06-23 05:15:00+08:00,24.9,75.8,510.3512485530015,0,1.755
2026-06-23 05:20:00+08:00,24.27,78.1,518.3777079543576,0,1.882
2026-06-23 05:25:00+08:00,24.8,82.7,521.4041673557135,0,2.116
2026-06-23 05:30:00+08:00,24.04,79.7,531.4306267570696,0,2.033
2026-06-23 05:35:00+08:00,24.33,81.0,534.4570861584257,0,1.984
2026-06-23 05:40:00+08:00,24.85,78.4,538.4835455597818,0,2.077
2026-06-23 05:45:00+08:00,24.79,75.5,531.5100049611377,0,2.018
2026-06-23 05:50:00+08:00,24.7,77.1,533.5364643624938,0,2.112
2026-06-23 05:55:00+08:00,24.44,78.4,539.5629237638499,0,2.538
2026-06-23 06:00:00+08:00,24.63,79.1,547.5893831652058,0,2.345
2026-06-23 06:05:00+08:00,25.31,74.7,547.6158425665619,0,2.221
2026-06-23 06:10:00+08:00,24.93,80.3,557.642301967918,0,2.006
2026-06-23 06:15:00+08:00,25.43,73.8,565.6687613692741,0,2.065
2026-06-23 06:20:00+08:00,25.02,80.0,560.69522077063,0,2.384
2026-06-23 06:25:00+08:00,25.06,78.5,552.7216801719861,0,2.284
2026-06-23 06:30:00+08:00,25.19,80.2,547.7481395733422,0,2.141
2026-06-23 06:35:00+08:00,24.95,76.6,542.7745989746982,0,2.328
2026-06-23 06:40:00+08:00,25.55,79.4,542.8010583760542,0,2.192
2026-06-23 06:45:00+08:00,25.64,76.1,549.8275177774103,0,2.29
2026-06-23 06:50:00+08:00,25.31,79.9,548.8539771787663,0,2.115
2026-06-23 06:55:00+08:00,25.37,74.4,543.8804365801224,0,2.352
2026-06-23 07:00:00+08:00,25.57,76.4,545.9068959814784,0,2.219
2026-06-23 07:05:00+08:00,25.63,72.3,546.9333553828344,0,2.537
2026-06-23 07:10:00+08:00,26.62,75.1,549.9598147841905,0,2.625
2026-06-23 07:15:00+08:00,25.27,79.5,549.9862741855466,0,2.168
2026-06-23 07:20:00+08:00,25.02,82.5,549.0127335869026,0,2.531
2026-06-23 07:25:00+08:00,26.21,-999.0,550.0391929882586,0,2.603
2026-06-23 07:30:00+08:00,25.93,72.8,553.0656523896147,0,2.448
2026-06-23 07:35:00+08:00,26.11,77.6,555.0921117909708,0,2.824
2026-06-23 07:40:00+08:00,26.6,76.9,555.1185711923267,0,3.018
2026-06-23 07:45:00+08:00,26.77,70.7,554.1450305936828,0,2.689
2026-06-23 07:50:00+08:00,26.67,79.5,544.1714899950389,0,2.568
2026-06-23 07:55:00+08:00,25.65,76.5,546.197949396395,0,2.388
2026-06-23 08:00:00+08:00,23.16,79.6,632.2244087977509,36,7.521
2026-06-23 08:05:00+08:00,22.47,85.0,667.250868199107,21,6.965
2026-06-23 08:10:00+08:00,22.67,80.9,695.2773276004631,22,7.414
2026-06-23 08:15:00+08:00,23.9,79.7,704.303787001819,17,7.09
2026-06-23 08:20:00+08:00,23.72,80.7,756.3302464031751,29,7.451
2026-06-23 08:25:00+08:00,23.11,78.2,781.3567058045312,24,7.114
2026-06-23 08:30:00+08:00,23.3,80.8,789.3831652058873,17,7.216
2026-06-23 08:35:00+08:00,23.48,79.8,809.4096246072432,24,7.496
2026-06-23 08:40:00+08:00,23.21,79.8,807.4360840085993,16,7.286
2026-06-23 08:45:00+08:00,23.96,77.7,831.4625434099553,24,7.551
2026-06-23 08:50:00+08:00,23.27,82.7,843.4890028113114,19,7.253
2026-06-23 08:50:00+08:00,23.27,82.7,843.4890028113114,19,7.253
2026-06-23 08:55:00+08:00,23.18,81.5,881.5154622126674,30,7.748
2026-06-23 09:00:00+08:00,23.27,85.9,903.5419216140235,28,7.354
2026-06-23 09:05:00+08:00,23.46,84.9,929.5683810153795,31,7.617
2026-06-23 09:10:00+08:00,23.46,85.1,940.5948404167356,24,7.4
2026-06-23 09:15:00+08:00,23.43,80.1,957.6212998180916,28,7.588
2026-06-23 09:20:00+08:00,23.7,74.9,979.6477592194476,30,7.842
2026-06-23 09:25:00+08:00,24.83,79.3,979.6742186208037,16,7.688
2026-06-23 09:30:00+08:00,24.37,76.4,992.7006780221598,25,7.595
2026-06-23 09:35:00+08:00,24.17,78.5,1031.7271374235158,38,8.318
2026-06-23 09:40:00+08:00,24.37,76.2,1047.753596824872,38,8.343
2026-06-23 09:45:00+08:00,24.07,75.0,1074.7800562262278,32,7.661
2026-06-23 09:50:00+08:00,23.83,79.1,1078.8065156275838,27,7.337
2026-06-23 09:55:00+08:00,24.98,77.9,1084.83297502894,32,8.096
2026-06-23 10:00:00+08:00,24.77,75.7,1090.859434430296,25,7.901
2026-06-23 10:05:00+08:00,24.25,76.6,1090.885893831652,28,7.721
2026-06-23 10:10:00+08:00,24.54,73.9,1071.9123532330082,22,7.601
2026-06-23 10:15:00+08:00,25.22,72.9,1057.9388126343642,23,7.98
2026-06-23 10:20:00+08:00,24.58,80.8,1063.96527203572,26,8.202
2026-06-23 10:25:00+08:00,25.62,75.2,1054.9917314370762,25,8.391
2026-06-23 10:30:00+08:00,25.01,72.9,1053.0181908384322,23,7.959
2026-06-23 10:35:00+08:00,24.65,77.0,1080.0446502397883,38,8.099
2026-06-23 10:40:00+08:00,24.6,73.8,1084.0711096411444,24,7.854
2026-06-23 10:45:00+08:00,24.52,76.2,1069.0975690425005,23,7.573
2026-06-23 10:50:00+08:00,25.7,80.3,1062.1240284438566,26,8.234
2026-06-23 10:55:00+08:00,25.83,73.0,1046.1504878452124,20,8.023
2026-06-23 11:00:00+08:00,25.22,75.8,1070.1769472465685,33,8.132
2026-06-23 11:05:00+08:00,25.45,74.5,1058.2034066479246,25,7.997
2026-06-23 11:10:00+08:00,25.5,77.8,1066.2298660492806,28,8.142
2026-06-23 11:15:00+08:00,24.96,75.7,1068.2563254506367,28,8.084
2026-06-23 11:20:00+08:00,25.44,78.3,1049.2827848519928,20,7.564
2026-06-23 11:25:00+08:00,25.69,75.7,1057.3092442533489,31,7.951
2026-06-23 11:30:00+08:00,25.62,74.8,1084.3357036547047,39,8.692
2026-06-23 11:35:00+08:00,25.6,77.1,1096.3621630560608,31,8.733
2026-06-23 11:40:00+08:00,25.9,74.5,1092.388622457417,25,8.176
2026-06-23 11:45:00+08:00,25.99,74.9,1100.415081858773,31,8.267
2026-06-23 11:50:00+08:00,26.03,72.4,1117.441541260129,36,8.956
2026-06-23 11:55:00+08:00,26.4,77.0,1110.4680006614851,24,8.064
2026-06-23 12:00:00+08:00,26.36,74.1,1079.494460062841,11,7.784
2026-06-23 12:05:00+08:00,26.12,77.0,1047.520919464197,11,7.519
2026-06-23 12:10:00+08:00,25.58,75.4,1015.5473788655531,9,7.193
2026-06-23 12:15:00+08:00,26.0,77.0,993.5738382669092,12,7.815
2026-06-23 12:20:00+08:00,26.15,76.6,978.6002976682653,13,8.224
2026-06-23 12:25:00+08:00,26.09,77.0,951.6267570696214,9,7.697
2026-06-23 12:30:00+08:00,25.91,77.0,934.6532164709773,8,7.966
2026-06-23 12:35:00+08:00,26.25,75.9,905.6796758723334,6,7.829
2026-06-23 12:40:00+08:00,26.0,77.0,874.7061352736894,7,7.579
2026-06-23 12:45:00+08:00,26.4,73.0,847.7325946750454,7,7.711
2026-06-23 12:50:00+08:00,26.3,72.8,838.7590540764015,9,7.578
2026-06-23 12:55:00+08:00,26.46,77.7,823.7855134777576,10,7.719
2026-06-23 13:00:00+08:00,26.1,73.3,853.8119728791136,27,8.635
2026-06-23 13:05:00+08:00,26.28,71.3,895.8384322804696,36,8.722
2026-06-23 13:10:00+08:00,27.23,77.1,934.8648916818257,33,9.128
2026-06-23 13:15:00+08:00,26.61,74.6,942.8913510831817,22,8.202
2026-06-23 13:20:00+08:00,27.01,75.9,968.9178104845378,29,8.598
2026-06-23 13:25:00+08:00,25.86,76.2,967.9442698858938,24,8.257
2026-06-23 13:30:00+08:00,26.85,76.3,977.9707292872499,26,8.819
2026-06-23 13:35:00+08:00,26.55,73.8,974.9971886886059,21,8.668
2026-06-23 13:40:00+08:00,27.24,72.1,1001.023648089962,30,8.56
2026-06-23 13:45:00+08:00,26.97,69.6,1010.050107491318,27,8.286
2026-06-23 13:50:00+08:00,26.33,76.4,1042.076566892674,38,8.613
2026-06-23 13:55:00+08:00,26.22,74.1,1044.10302629403,25,8.337
2026-06-23 14:00:00+08:00,26.8,74.4,1051.1294856953862,31,8.962
2026-06-23 14:05:00+08:00,27.33,75.3,1088.1559450967422,38,9.234
2026-06-23 14:10:00+08:00,27.27,75.0,1089.1824044980983,25,8.844
2026-06-23 14:15:00+08:00,26.75,75.0,1080.2088638994542,26,8.682
2026-06-23 14:20:00+08:00,26.9,78.3,1077.2353233008103,23,8.303
2026-06-23 14:25:00+08:00,27.77,73.4,1094.2617827021663,34,9.011
2026-06-23 14:30:00+08:00,26.88,76.8,1065.2882421035224,15,8.391
2026-06-23 14:35:00+08:00,26.79,75.9,1069.3147015048785,26,8.655
2026-06-23 14:40:00+08:00,26.75,77.6,1051.3411609062346,24,8.485
2026-06-23 14:45:00+08:00,27.16,75.3,1043.3676203075906,24,8.789
2026-06-23 14:50:00+08:00,26.7,73.8,1062.3940797089465,34,8.945
2026-06-23 14:55:00+08:00,26.88,70.5,1089.4205391103026,37,8.945
2026-06-23 15:00:00+08:00,27.0,74.3,1100.4469985116586,35,9.103
2026-06-23 15:05:00+08:00,26.87,76.1,1091.4734579130147,24,8.603
2026-06-23 15:10:00+08:00,26.3,75.2,1098.4999173143708,33,8.634
2026-06-23 15:15:00+08:00,26.51,81.2,1071.5263767157269,14,8.244
2026-06-23 15:20:00+08:00,26.85,72.2,1088.5528361170827,33,8.728
2026-06-23 15:25:00+08:00,27.44,74.1,1089.5792955184388,27,8.663
2026-06-23 15:30:00+08:00,26.3,74.9,1097.605754919795,31,8.266
2026-06-23 15:35:00+08:00,27.04,76.1,1101.632214321151,31,8.867
2026-06-23 15:40:00+08:00,27.25,77.1,1107.658673722507,33,8.536
2026-06-23 15:45:00+08:00,27.13,71.5,1104.6851331238631,28,8.648
2026-06-23 15:50:00+08:00,27.32,71.5,1115.7115925252192,31,9.08
2026-06-23 15:55:00+08:00,26.29,78.0,1129.7380519265753,31,8.801
2026-06-23 16:00:00+08:00,27.66,74.9,1141.7645113279311,34,8.831
2026-06-23 16:05:00+08:00,26.53,76.1,1141.7909707292872,28,8.649
2026-06-23 16:10:00+08:00,27.91,70.9,1104.8174301306433,10,8.241
2026-06-23 16:15:00+08:00,27.13,75.1,1107.8438895319994,29,8.586
2026-06-23 16:20:00+08:00,26.74,74.4,1096.8703489333554,22,8.405
2026-06-23 16:25:00+08:00,26.65,72.0,1092.8968083347115,25,8.624
2026-06-23 16:30:00+08:00,26.75,72.1,1082.9232677360674,23,8.601
2026-06-23 16:35:00+08:00,26.64,74.9,1089.9497271374235,31,8.95
2026-06-23 16:40:00+08:00,26.32,76.9,1086.9761865387795,23,8.509
2026-06-23 16:45:00+08:00,26.0,77.6,1109.0026459401356,38,8.73
2026-06-23 16:50:00+08:00,26.34,78.5,1121.0291053414917,35,9.192
2026-06-23 16:55:00+08:00,26.02,75.5,1124.0555647428478,33,8.692
2026-06-23 17:00:00+08:00,26.44,74.0,1148.0820241442038,39,8.968
2026-06-23 17:05:00+08:00,27.81,72.0,1141.1084835455597,28,8.989
2026-06-23 17:10:00+08:00,26.82,73.2,1144.1349429469158,33,8.757
2026-06-23 17:15:00+08:00,25.48,74.6,1132.1614023482718,25,8.101
2026-06-23 17:20:00+08:00,26.34,77.5,1127.187861749628,27,8.319
2026-06-23 17:25:00+08:00,25.71,73.9,1122.214321150984,26,8.083
2026-06-23 17:30:00+08:00,26.02,75.1,1121.24078055234,33,8.62
2026-06-23 17:35:00+08:00,26.25,73.7,1120.267239953696,31,8.362
2026-06-23 17:40:00+08:00,26.59,73.7,1113.293699355052,24,8.495
2026-06-23 17:45:00+08:00,26.37,77.8,1124.320158756408,34,8.59
2026-06-23 17:50:00+08:00,26.08,84.0,1126.3466181577642,29,8.297
2026-06-23 17:55:00+08:00,26.26,76.4,1136.3730775591202,32,8.526
2026-06-23 18:00:00+08:00,29.1,68.5,1078.3995369604763,0,3.834
2026-06-23 18:05:00+08:00,30.2,66.8,1017.4259963618323,0,4.1
2026-06-23 18:10:00+08:00,30.51,65.4,971.4524557631884,0,3.958
2026-06-23 18:15:00+08:00,28.69,70.7,925.4789151645444,0,3.127
2026-06-23 18:20:00+08:00,29.8,69.3,885.5053745659004,0,3.799
2026-06-23 18:25:00+08:00,29.37,74.3,848.5318339672565,0,3.835
2026-06-23 18:30:00+08:00,29.58,68.4,816.5582933686126,0,3.548
2026-06-23 18:35:00+08:00,29.07,72.0,784.5847527699685,0,3.652
2026-06-23 18:40:00+08:00,29.76,65.0,759.6112121713246,0,3.626
2026-06-23 18:45:00+08:00,29.23,72.7,728.6376715726807,0,3.592
2026-06-23 18:50:00+08:00,28.86,69.5,706.6641309740367,0,3.395
2026-06-23 18:55:00+08:00,29.23,70.7,682.6905903753927,0,3.74
2026-06-23 19:00:00+08:00,29.03,69.5,675.7170497767488,0,3.483
2026-06-23 19:05:00+08:00,29.64,66.7,657.7435091781049,0,3.708
2026-06-23 19:10:00+08:00,28.06,73.6,656.7699685794609,0,3.331
2026-06-23 19:15:00+08:00,29.17,70.3,649.7964279808169,0,3.157
2026-06-23 19:20:00+08:00,28.9,72.0,636.822887382173,0,3.109
2026-06-23 19:25:00+08:00,29.79,69.3,629.849346783529,0,3.732
2026-06-23 19:30:00+08:00,28.52,72.2,611.875806184885,0,3.195
2026-06-23 19:35:00+08:00,28.28,69.3,603.9022655862411,0,3.294
2026-06-23 19:40:00+08:00,28.81,68.1,592.9287249875972,0,3.164
2026-06-23 19:45:00+08:00,28.6,67.1,584.9551843889532,0,3.024
2026-06-23 19:50:00+08:00,28.3,76.5,574.9816437903092,0,2.804
2026-06-23 19:55:00+08:00,28.36,72.8,563.0081031916653,0,3.249
2026-06-23 20:00:00+08:00,28.47,69.8,557.0345625930213,0,3.479
2026-06-23 20:05:00+08:00,27.75,71.9,552.0610219943774,0,3.128
2026-06-23 20:10:00+08:00,28.29,72.5,553.0874813957334,0,2.961
2026-06-23 20:15:00+08:00,27.64,75.0,550.1139407970895,0,2.904
2026-06-23 20:20:00+08:00,27.76,71.2,547.1404001984455,0,2.98
2026-06-23 20:25:00+08:00,27.84,75.9,549.1668595998016,0,3.409
2026-06-23 20:30:00+08:00,28.27,69.2,553.1933190011576,0,3.211
2026-06-23 20:35:00+08:00,28.08,73.1,547.2197784025136,0,3.016
2026-06-23 20:40:00+08:00,27.46,73.4,552.2462378038697,0,2.964
2026-06-23 20:45:00+08:00,26.85,71.0,558.2726972052258,0,2.614
2026-06-23 20:50:00+08:00,27.86,73.0,550.2991566065817,0,2.994
2026-06-23 20:55:00+08:00,26.5,75.3,546.3256160079378,0,2.569
2026-06-23 21:00:00+08:00,27.18,75.3,541.3520754092939,0,3.156
2026-06-23 21:05:00+08:00,26.74,75.3,549.3785348106499,0,2.547
2026-06-23 21:10:00+08:00,26.54,74.4,549.4049942120059,0,2.92
2026-06-23 21:15:00+08:00,26.76,78.5,548.431453613362,0,2.485
2026-06-23 21:20:00+08:00,27.62,75.9,547.4579130147181,0,2.915
2026-06-23 21:25:00+08:00,27.36,75.5,542.484372416074,0,3.083
2026-06-23 21:30:00+08:00,26.97,73.3,544.5108318174301,0,2.73
2026-06-23 21:35:00+08:00,26.34,74.2,541.5372912187862,0,2.723
2026-06-23 21:40:00+08:00,26.85,76.9,543.5637506201422,0,2.491
2026-06-23 21:45:00+08:00,26.8,73.4,541.5902100214983,0,2.482
2026-06-23 21:50:00+08:00,26.54,73.5,544.6166694228543,0,2.803
2026-06-23 21:55:00+08:00,26.63,75.9,537.6431288242104,0,2.567
2026-06-23 22:00:00+08:00,25.84,76.3,538.6695882255664,0,2.585
2026-06-23 22:05:00+08:00,25.64,77.7,540.6960476269225,0,2.497
2026-06-23 22:10:00+08:00,26.2,78.2,532.7225070282785,0,2.717
2026-06-23 22:15:00+08:00,26.15,71.6,535.7489664296345,0,2.59
2026-06-23 22:20:00+08:00,26.02,77.2,537.7754258309906,0,2.264
2026-06-23 22:25:00+08:00,25.89,74.4,535.8018852323466,0,2.38
2026-06-23 22:30:00+08:00,25.82,77.4,535.8283446337026,0,2.223
2026-06-23 22:35:00+08:00,25.28,75.9,526.8548040350587,0,2.26
2026-06-23 22:40:00+08:00,26.49,77.7,534.8812634364148,0,2.513
2026-06-23 22:45:00+08:00,26.39,77.9,523.9077228377707,0,2.396
2026-06-23 22:50:00+08:00,25.53,79.0,528.9341822391268,0,2.184
2026-06-23 22:55:00+08:00,25.99,74.6,530.9606416404829,0,2.137
2026-06-23 23:00:00+08:00,26.33,75.7,535.987101041839,0,2.058
2026-06-23 23:05:00+08:00,25.69,76.8,524.0135604431949,0,2.314
2026-06-23 23:10:00+08:00,25.06,78.0,528.040019844551,0,2.312
2026-06-23 23:15:00+08:00,25.28,74.5,536.0664792459071,0,1.982
2026-06-23 23:20:00+08:00,25.55,77.7,531.092938647263,0,2.515
2026-06-23 23:25:00+08:00,25.7,79.4,527.1193980486191,0,2.241
2026-06-23 23:30:00+08:00,25.5,76.4,532.1458574499752,0,2.235
2026-06-23 23:35:00+08:00,25.64,77.2,537.1723168513313,0,2.621
2026-06-23 23:40:00+08:00,24.79,76.4,548.1987762526873,0,2.18
2026-06-23 23:45:00+08:00,24.97,80.5,554.2252356540433,0,2.015
2026-06-23 23:50:00+08:00,24.57,79.8,549.2516950553994,0,2.105
2026-06-23 23:55:00+08:00,25.07,75.1,559.2781544567554,0,2.514
2026-06-24 00:00:00+08:00,25.03,80.4,563.3046138581115,0,2.41
2026-06-24 00:05:00+08:00,24.94,77.7,566.3310732594675,0,2.088
2026-06-24 00:10:00+08:00,25.76,75.3,558.3575326608236,0,2.014
2026-06-24 00:15:00+08:00,25.13,75.6,550.3839920621796,0,2.417
2026-06-24 00:20:00+08:00,25.14,82.4,557.4104514635357,0,2.688
2026-06-24 00:25:00+08:00,24.07,79.5,554.4369108648917,0,2.128
2026-06-24 00:30:00+08:00,24.08,79.9,553.4633702662477,0,1.945
2026-06-24 00:35:00+08:00,23.99,79.3,551.4898296676038,0,1.615
2026-06-24 00:40:00+08:00,25.31,79.6,543.5162890689598,0,2.283
2026-06-24 00:45:00+08:00,24.4,80.8,544.5427484703158,0,2.075
2026-06-24 00:50:00+08:00,24.52,80.4,547.5692078716719,0,1.921
2026-06-24 00:55:00+08:00,24.5,76.1,542.595667273028,0,2.103
2026-06-24 01:00:00+08:00,24.29,-999.0,537.6221266743839,0,2.107
2026-06-24 01:05:00+08:00,24.52,79.9,530.64858607574,0,1.849
2026-06-24 01:10:00+08:00,23.37,82.7,529.6750454770961,0,1.89
2026-06-24 01:15:00+08:00,23.92,76.9,527.7015048784522,0,1.692
2026-06-24 01:20:00+08:00,24.57,83.5,520.7279642798081,0,2.131
2026-06-24 01:25:00+08:00,24.72,79.4,519.7544236811642,0,1.908
2026-06-24 01:30:00+08:00,23.43,79.9,522.7808830825203,0,1.415
2026-06-24 01:35:00+08:00,23.71,81.8,520.8073424838763,0,1.678
2026-06-24 01:40:00+08:00,24.33,81.3,512.8338018852323,0,1.93
2026-06-24 01:45:00+08:00,23.8,84.6,505.8602612865884,0,1.872
2026-06-24 01:50:00+08:00,23.86,78.4,518.8867206879445,0,1.776
2026-06-24 01:55:00+08:00,24.38,79.8,515.9131800893005,0,1.976
2026-06-24 02:00:00+08:00,23.85,80.0,519.9396394906565,0,1.594
2026-06-24 02:05:00+08:00,23.45,84.3,512.9660988920126,0,1.766
2026-06-24 02:10:00+08:00,24.14,79.8,505.99255829336863,0,2.088
2026-06-24 02:15:00+08:00,23.82,73.4,505.01901769472465,0,1.77
2026-06-24 02:20:00+08:00,23.39,83.9,517.0454770960807,0,1.712
2026-06-24 02:25:00+08:00,24.0,82.6,518.0719364974368,0,1.852
2026-06-24 02:30:00+08:00,24.04,81.5,518.0983958987928,0,2.111
2026-06-24 02:35:00+08:00,24.7,77.6,516.1248553001489,0,1.831
2026-06-24 02:40:00+08:00,24.2,81.8,519.1513147015048,0,1.917
2026-06-24 02:45:00+08:00,24.14,82.9,523.1777741028609,0,1.533
2026-06-24 02:50:00+08:00,23.78,80.2,533.204233504217,0,1.582
2026-06-24 02:55:00+08:00,23.87,78.8,524.230692905573,0,1.72
2026-06-24 03:00:00+08:00,23.79,84.5,522.257152306929,0,1.572
2026-06-24 03:05:00+08:00,23.95,84.2,535.2836117082851,0,1.755
2026-06-24 03:10:00+08:00,24.14,79.6,542.3100711096412,0,1.61
2026-06-24 03:15:00+08:00,23.59,79.2,534.3365305109971,0,1.717
2026-06-24 03:20:00+08:00,24.36,82.4,538.3629899123532,0,1.752
2026-06-24 03:25:00+08:00,24.41,78.0,530.3894493137093,0,2.024
2026-06-24 03:30:00+08:00,23.28,80.9,538.4159087150654,0,1.751
2026-06-24 03:35:00+08:00,24.2,81.0,533.4423681164213,0,2.168
2026-06-24 03:40:00+08:00,23.92,81.5,529.4688275177774,0,2.174
2026-06-24 03:45:00+08:00,24.28,78.4,534.4952869191335,0,2.306
2026-06-24 03:50:00+08:00,24.66,78.1,537.5217463204895,0,2.26
2026-06-24 03:55:00+08:00,23.96,76.3,532.5482057218455,0,1.764
2026-06-24 04:00:00+08:00,24.73,80.7,528.5746651232016,0,2.085
2026-06-24 04:05:00+08:00,24.18,81.6,535.6011245245577,0,1.797
2026-06-24 04:10:00+08:00,23.47,78.1,540.6275839259137,0,1.649
2026-06-24 04:15:00+08:00,24.51,80.4,540.6540433272697,0,2.167
2026-06-24 04:20:00+08:00,24.81,74.5,537.6805027286258,0,1.809
2026-06-24 04:25:00+08:00,24.59,76.9,530.7069621299818,0,1.741
2026-06-24 04:30:00+08:00,24.31,78.7,534.7334215313379,0,1.962
2026-06-24 04:35:00+08:00,24.65,76.6,539.7598809326939,0,1.914
2026-06-24 04:40:00+08:00,24.46,78.2,547.7863403340499,0,2.261
2026-06-24 04:45:00+08:00,24.91,81.5,553.812799735406,0,2.062
2026-06-24 04:50:00+08:00,24.21,75.3,554.839259136762,0,2.121
2026-06-24 04:55:00+08:00,24.13,76.2,552.865718538118,0,1.925
2026-06-24 05:00:00+08:00,25.17,79.2,561.8921779394741,0,2.088
2026-06-24 05:05:00+08:00,23.97,77.3,564.9186373408302,0,2.171
2026-06-24 05:10:00+08:00,24.83,80.4,556.9450967421863,0,2.311
2026-06-24 05:15:00+08:00,24.11,80.3,557.9715561435422,0,1.899
2026-06-24 05:20:00+08:00,24.54,80.4,556.9980155448983,0,1.545
2026-06-24 05:25:00+08:00,24.19,79.8,561.0244749462544,0,1.909
2026-06-24 05:30:00+08:00,24.39,83.0,551.0509343476103,0,1.836
2026-06-24 05:35:00+08:00,25.11,79.5,555.0773937489664,0,1.836
2026-06-24 05:40:00+08:00,24.84,83.0,550.1038531503225,0,2.619
2026-06-24 05:45:00+08:00,25.25,81.0,545.1303125516786,0,2.178
2026-06-24 05:50:00+08:00,24.57,76.7,542.1567719530345,0,2.137
2026-06-24 05:55:00+08:00,25.29,82.7,543.1832313543906,0,2.276
2026-06-24 06:00:00+08:00,25.22,77.0,543.2096907557467,0,2.113
2026-06-24 06:05:00+08:00,24.71,83.9,546.2361501571027,0,1.954
2026-06-24 06:10:00+08:00,24.06,81.3,546.2626095584587,0,1.698
2026-06-24 06:15:00+08:00,26.05,73.4,546.2890689598148,0,2.121
2026-06-24 06:20:00+08:00,24.93,78.6,544.3155283611709,0,2.566
2026-06-24 06:25:00+08:00,24.82,77.9,552.3419877625269,0,1.818
2026-06-24 06:30:00+08:00,24.83,77.3,554.3684471638829,0,1.92
2026-06-24 06:35:00+08:00,25.65,75.9,548.3949065652389,0,2.404
2026-06-24 06:40:00+08:00,25.34,78.1,546.421365966595,0,2.401
2026-06-24 06:45:00+08:00,25.84,79.6,555.447825367951,0,2.832
2026-06-24 06:50:00+08:00,25.71,75.6,552.4742847693071,0,2.427
2026-06-24 06:55:00+08:00,25.68,75.1,549.5007441706631,0,2.247
2026-06-24 07:00:00+08:00,25.32,77.8,545.5272035720192,0,2.141
2026-06-24 07:00:00+08:00,25.32,77.8,545.5272035720192,0,2.141
2026-06-24 07:05:00+08:00,25.39,78.9,543.5536629733753,0,2.078
2026-06-24 07:10:00+08:00,25.95,74.6,549.5801223747312,0,2.472
2026-06-24 07:15:00+08:00,25.8,76.9,552.6065817760873,0,2.546
2026-06-24 07:20:00+08:00,26.14,76.7,545.6330411774434,0,2.502
2026-06-24 07:25:00+08:00,26.25,76.1,535.6595005787995,0,2.643
2026-06-24 07:30:00+08:00,26.48,76.7,532.6859599801554,0,2.583
2026-06-24 07:35:00+08:00,26.07,75.7,535.7124193815115,0,2.233
2026-06-24 07:40:00+08:00,25.95,80.6,537.7388787828676,0,2.666
2026-06-24 07:45:00+08:00,25.97,76.6,535.7653381842235,0,2.439
2026-06-24 07:50:00+08:00,27.09,76.7,541.7917975855796,0,2.812
2026-06-24 07:55:00+08:00,26.01,75.3,535.8182569869357,0,2.497
2026-06-24 08:00:00+08:00,22.42,81.1,600.8447163882918,29,7.098
2026-06-24 08:05:00+08:00,22.25,81.1,678.8711757896477,38,7.774
2026-06-24 08:10:00+08:00,22.71,79.7,710.8976351910038,22,7.159
2026-06-24 08:15:00+08:00,22.83,80.2,767.9240945923599,36,7.662
2026-06-24 08:20:00+08:00,23.08,78.9,811.9505539937159,26,7.521
2026-06-24 08:25:00+08:00,23.12,79.4,862.9770133950719,35,8.002
2026-06-24 08:30:00+08:00,22.92,84.0,874.003472796428,19,6.864
2026-06-24 08:35:00+08:00,23.31,81.2,893.029932197784,26,7.416
2026-06-24 08:40:00+08:00,23.04,81.8,924.05639159914,32,7.755
2026-06-24 08:45:00+08:00,23.42,80.3,943.0828510004961,31,7.502
2026-06-24 08:50:00+08:00,23.28,83.2,972.1093104018521,34,7.366
2026-06-24 08:55:00+08:00,24.56,77.6,993.1357698032082,33,8.149
2026-06-24 09:00:00+08:00,23.08,81.2,1015.1622292045643,33,7.645
2026-06-24 09:05:00+08:00,24.0,81.3,1026.1886886059203,28,7.51
2026-06-24 09:10:00+08:00,23.5,79.3,1046.2151480072764,31,7.913
2026-06-24 09:15:00+08:00,22.61,86.1,1050.2416074086323,28,7.325
2026-06-24 09:20:00+08:00,23.01,84.6,1053.2680668099883,27,7.557
2026-06-24 09:25:00+08:00,23.58,-999.0,1058.2945262113444,26,7.755
2026-06-24 09:30:00+08:00,23.72,80.2,1060.3209856127005,23,7.435
2026-06-24 09:35:00+08:00,25.23,76.5,1071.3474450140566,27,8.142
2026-06-24 09:40:00+08:00,23.98,79.3,1076.3739044154127,28,8.106
2026-06-24 09:45:00+08:00,24.14,81.2,1090.4003638167687,30,7.707
2026-06-24 09:50:00+08:00,24.27,81.0,1086.4268232181248,20,7.669
2026-06-24 09:55:00+08:00,24.48,76.8,1108.4532826194807,32,8.357
2026-06-24 10:00:00+08:00,24.8,77.1,1098.4797420208367,23,7.97
2026-06-24 10:05:00+08:00,24.67,74.3,1096.5062014221928,30,8.008
2026-06-24 10:10:00+08:00,24.66,76.1,1120.532660823549,37,8.092
2026-06-24 10:15:00+08:00,24.47,75.3,1133.559120224905,29,7.601
2026-06-24 10:20:00+08:00,24.39,81.0,1144.585579626261,33,8.058
2026-06-24 10:25:00+08:00,24.56,78.0,1132.612039027617,25,7.824
2026-06-24 10:30:00+08:00,25.68,76.4,1121.638498428973,24,7.993
2026-06-24 10:35:00+08:00,24.67,76.7,1108.664957830329,21,8.132
2026-06-24 10:40:00+08:00,25.1,74.1,1100.6914172316851,26,8.267
2026-06-24 10:45:00+08:00,25.14,76.9,1096.7178766330412,22,7.919
2026-06-24 10:50:00+08:00,24.93,80.9,1084.7443360343973,25,7.964
2026-06-24 10:55:00+08:00,25.3,74.6,1074.7707954357534,21,8.027
2026-06-24 11:00:00+08:00,24.79,80.8,1083.7972548371092,28,7.914
2026-06-24 11:05:00+08:00,25.45,76.5,1061.8237142384653,17,7.492
2026-06-24 11:10:00+08:00,25.57,75.8,1049.8501736398214,17,7.65
2026-06-24 11:15:00+08:00,25.34,75.7,1057.8766330411775,25,8.044
2026-06-24 11:20:00+08:00,25.33,77.0,1046.9030924425335,18,7.563
2026-06-24 11:25:00+08:00,25.44,80.0,1066.9295518438896,30,8.238
2026-06-24 11:30:00+08:00,25.5,79.3,1067.9560112452455,28,8.395
2026-06-24 11:35:00+08:00,25.45,78.1,1086.9824706466015,36,8.549
2026-06-24 11:40:00+08:00,25.21,74.4,1097.0089300479576,33,7.967
2026-06-24 11:45:00+08:00,24.92,81.1,1095.0353894493137,25,8.111
2026-06-24 11:50:00+08:00,26.17,82.2,1082.0618488506698,24,8.483
2026-06-24 11:55:00+08:00,26.82,74.6,1074.0883082520259,21,8.239
2026-06-24 12:00:00+08:00,25.06,80.0,1039.114767653382,9,7.593
2026-06-24 12:05:00+08:00,26.35,75.1,1016.1412270547379,10,7.845
2026-06-24 12:10:00+08:00,26.3,79.9,985.167686456094,8,7.839
2026-06-24 12:15:00+08:00,25.29,77.6,964.1941458574499,8,7.551
2026-06-24 12:20:00+08:00,25.9,74.8,941.220605258806,10,7.91
2026-06-24 12:25:00+08:00,26.08,74.4,929.2470646601621,13,7.915
2026-06-24 12:30:00+08:00,26.22,77.0,924.2735240615181,13,8.248
2026-06-24 12:35:00+08:00,26.27,76.9,912.2999834628741,11,7.592
2026-06-24 12:40:00+08:00,26.75,74.5,883.3264428642302,8,7.777
2026-06-24 12:45:00+08:00,26.28,78.0,860.3529022655862,10,7.928
2026-06-24 12:50:00+08:00,26.31,72.4,844.3793616669423,7,7.598
2026-06-24 12:55:00+08:00,26.86,77.1,834.4058210682983,10,8.014
2026-06-24 13:00:00+08:00,25.82,74.1,850.4322804696544,24,8.255
2026-06-24 13:05:00+08:00,26.42,78.1,886.4587398710104,34,8.97
2026-06-24 13:10:00+08:00,26.47,76.8,908.4851992723665,26,8.298
2026-06-24 13:15:00+08:00,26.1,-999.0,934.5116586737225,27,8.281
2026-06-24 13:20:00+08:00,26.46,75.0,953.5381180750785,27,8.471
2026-06-24 13:25:00+08:00,26.89,76.3,979.5645774764346,32,8.454
2026-06-24 13:30:00+08:00,27.02,77.0,979.5910368777907,25,8.369
2026-06-24 13:35:00+08:00,26.15,73.9,1006.6174962791467,31,8.354
2026-06-24 13:40:00+08:00,26.79,72.6,1030.6439556805028,31,8.726
2026-06-24 13:45:00+08:00,27.11,78.9,1031.6704150818587,22,8.718
2026-06-24 13:50:00+08:00,26.78,73.4,1036.6968744832147,26,8.631
2026-06-24 13:55:00+08:00,26.48,74.2,1047.7233338845708,30,8.937
2026-06-24 14:00:00+08:00,26.6,77.0,1052.749793285927,29,8.321
2026-06-24 14:05:00+08:00,26.62,74.7,1046.776252687283,21,8.383
2026-06-24 14:10:00+08:00,26.91,75.1,1064.802712088639,34,8.85
2026-06-24 14:15:00+08:00,26.38,80.7,1069.8291714899951,27,8.595
2026-06-24 14:20:00+08:00,26.91,72.5,1055.855630891351,20,8.605
2026-06-24 14:25:00+08:00,26.92,75.2,1058.882090292707,26,8.266
2026-06-24 14:30:00+08:00,26.81,74.2,1047.9085496940631,25,8.633
2026-06-24 14:35:00+08:00,26.38,70.6,1057.9350090954192,30,8.541
2026-06-24 14:40:00+08:00,27.57,72.0,1042.9614684967753,20,8.341
2026-06-24 14:45:00+08:00,26.58,71.4,1042.9879278981314,27,8.575
2026-06-24 14:50:00+08:00,26.77,76.0,1057.0143872994875,28,8.413
2026-06-24 14:55:00+08:00,27.52,72.1,1084.0408467008433,36,9.134
2026-06-24 15:00:00+08:00,27.16,73.5,1089.0673061021994,25,8.741
2026-06-24 15:05:00+08:00,26.56,73.5,1096.0937655035555,26,8.176
2026-06-24 15:10:00+08:00,26.82,74.7,1119.1202249049115,37,8.786
2026-06-24 15:15:00+08:00,26.57,73.0,1135.1466843062676,29,8.548
2026-06-24 15:20:00+08:00,26.68,76.6,1106.1731437076237,20,8.114
2026-06-24 15:25:00+08:00,26.9,76.3,1108.1996031089798,27,8.063
2026-06-24 15:30:00+08:00,27.49,75.6,1118.2260625103356,28,8.989
2026-06-24 15:35:00+08:00,27.61,75.6,1111.2525219116917,28,8.788
2026-06-24 15:40:00+08:00,27.6,76.7,1121.2789813130478,31,8.829
2026-06-24 15:45:00+08:00,26.5,75.4,1112.3054407144039,27,8.541
2026-06-24 15:50:00+08:00,26.85,74.9,1115.33190011576,30,8.523
2026-06-24 15:55:00+08:00,27.11,69.7,1118.358359517116,31,8.588
2026-06-24 16:00:00+08:00,26.39,78.8,1111.3848189184719,26,8.548
2026-06-24 16:05:00+08:00,27.56,70.8,1122.411278319828,30,9.023
2026-06-24 16:10:00+08:00,27.31,74.8,1122.437737721184,27,8.756
2026-06-24 16:15:00+08:00,26.38,75.9,1121.46419712254,28,8.142
2026-06-24 16:20:00+08:00,26.41,75.2,1127.4906565238962,32,8.621
2026-06-24 16:25:00+08:00,26.03,72.3,1137.5171159252523,25,8.399
2026-06-24 16:30:00+08:00,27.04,76.3,1168.5435753266083,41,9.2
2026-06-24 16:35:00+08:00,26.89,76.6,1163.5700347279642,30,8.596
2026-06-24 16:40:00+08:00,26.53,76.0,1179.5964941293203,34,8.916
2026-06-24 16:45:00+08:00,27.41,72.8,1186.6229535306763,34,8.82
2026-06-24 16:50:00+08:00,25.97,77.1,1174.6494129320324,26,8.447
2026-06-24 16:55:00+08:00,26.7,72.7,1161.6758723333885,26,8.379
2026-06-24 17:00:00+08:00,26.71,74.7,1164.7023317347446,30,8.521
2026-06-24 17:05:00+08:00,26.46,72.4,1172.7287911361004,31,8.723
2026-06-24 17:10:00+08:00,26.59,72.9,1185.7552505374565,33,8.591
2026-06-24 17:15:00+08:00,26.79,74.8,1174.7817099388126,25,8.561
2026-06-24 17:20:00+08:00,26.86,77.0,1166.8081693401687,28,8.59
2026-06-24 17:25:00+08:00,26.7,76.8,1151.8346287415247,24,8.545
2026-06-24 17:30:00+08:00,26.47,74.5,1151.8610881428808,29,8.515
2026-06-24 17:35:00+08:00,26.71,74.3,1181.887547544237,43,8.97
2026-06-24 17:40:00+08:00,27.06,75.5,1189.914006945593,36,8.846
2026-06-24 17:45:00+08:00,24.98,74.7,1177.9404663469488,25,8.087
2026-06-24 17:50:00+08:00,26.17,69.9,1177.966925748305,30,8.049
2026-06-24 17:55:00+08:00,26.33,76.2,1179.993385149661,31,8.173
2026-06-24 18:00:00+08:00,29.6,68.1,1112.019844551017,0,3.415
2026-06-24 18:05:00+08:00,29.84,72.8,1058.0463039523731,0,3.554
2026-06-24 18:10:00+08:00,29.66,67.4,1008.0727633537291,0,3.614
2026-06-24 18:15:00+08:00,29.12,70.2,967.0992227550852,0,3.599
2026-06-24 18:20:00+08:00,29.41,71.5,920.1256821564413,0,3.602
2026-06-24 18:25:00+08:00,29.58,69.6,881.1521415577972,0,3.823
2026-06-24 18:30:00+08:00,29.79,66.4,837.1786009591533,0,3.861
2026-06-24 18:35:00+08:00,29.01,69.7,804.2050603605094,0,3.373
2026-06-24 18:40:00+08:00,29.09,70.4,769.2315197618653,0,3.137
2026-06-24 18:45:00+08:00,29.0,72.1,749.2579791632214,0,3.292
2026-06-24 18:50:00+08:00,28.87,67.3,726.2844385645775,0,3.444
2026-06-24 18:55:00+08:00,29.48,71.7,698.3108979659335,0,3.558
2026-06-24 19:00:00+08:00,29.19,65.7,676.3373573672895,0,3.309
2026-06-24 19:05:00+08:00,28.39,71.3,671.3638167686456,0,3.547
2026-06-24 19:10:00+08:00,29.08,71.4,659.3902761700017,0,3.306
2026-06-24 19:15:00+08:00,28.47,75.2,644.4167355713577,0,3.052
2026-06-24 19:20:00+08:00,28.3,76.2,643.4431949727137,0,3.463
2026-06-24 19:25:00+08:00,28.97,72.2,638.4696543740698,0,3.565
2026-06-24 19:30:00+08:00,29.47,65.4,626.4961137754258,0,3.782
2026-06-24 19:35:00+08:00,28.69,71.8,622.5225731767819,0,3.056
2026-06-24 19:40:00+08:00,28.38,74.7,608.5490325781379,0,3.121
2026-06-24 19:45:00+08:00,28.67,68.5,596.575491979494,0,3.511
2026-06-24 19:50:00+08:00,28.25,72.2,587.60195138085,0,3.207
2026-06-24 19:55:00+08:00,28.87,72.8,579.6284107822061,0,3.093
2026-06-24 20:00:00+08:00,28.31,73.7,574.6548701835621,0,3.691
2026-06-24 20:05:00+08:00,28.01,72.1,571.6813295849181,0,3.13
2026-06-24 20:10:00+08:00,28.12,79.4,561.7077889862742,0,3.043
2026-06-24 20:15:00+08:00,28.27,68.6,559.7342483876303,0,3.042
2026-06-24 20:20:00+08:00,28.15,71.7,551.7607077889863,0,3.203
2026-06-24 20:25:00+08:00,27.66,71.8,545.7871671903423,0,3.023
2026-06-24 20:30:00+08:00,28.03,74.1,531.8136265916984,0,3.365
2026-06-24 20:35:00+08:00,27.37,74.4,529.8400859930543,0,2.93
2026-06-24 20:40:00+08:00,27.17,72.7,522.8665453944104,0,2.755
2026-06-24 20:45:00+08:00,28.14,71.3,521.8930047957665,0,3.142
2026-06-24 20:50:00+08:00,27.49,76.2,516.9194641971226,0,2.86
2026-06-24 20:55:00+08:00,27.17,70.4,519.9459235984785,0,2.826
2026-06-24 21:00:00+08:00,26.72,72.1,519.9723829998346,0,2.536
2026-06-24 21:05:00+08:00,27.05,77.9,514.9988424011907,0,2.642
2026-06-24 21:10:00+08:00,27.43,75.4,514.0253018025467,0,3.024
2026-06-24 21:15:00+08:00,27.08,71.9,520.0517612039027,0,2.671
2026-06-24 21:20:00+08:00,27.2,74.7,525.0782206052588,0,2.705
2026-06-24 21:25:00+08:00,26.81,75.9,530.1046800066149,0,2.437
2026-06-24 21:30:00+08:00,27.09,73.4,526.1311394079709,0,2.898
2026-06-24 21:35:00+08:00,26.82,72.8,526.1575988093269,0,2.729
2026-06-24 21:40:00+08:00,26.27,72.3,525.184058210683,0,2.8
2026-06-24 21:40:00+08:00,26.27,72.3,525.184058210683,0,2.8
2026-06-24 21:45:00+08:00,26.91,73.9,525.210517612039,0,2.647
2026-06-24 21:50:00+08:00,27.1,75.4,527.2369770133951,0,2.962
2026-06-24 21:55:00+08:00,25.91,73.6,534.2634364147511,0,2.545
2026-06-24 22:00:00+08:00,26.76,73.6,537.2898958161072,0,2.683
2026-06-24 22:05:00+08:00,27.0,75.6,536.3163552174632,0,2.786
2026-06-24 22:10:00+08:00,26.22,71.3,537.3428146188193,0,2.382
2026-06-24 22:15:00+08:00,26.4,73.6,528.3692740201753,0,2.584
2026-06-24 22:20:00+08:00,25.76,80.5,523.3957334215313,0,2.484
2026-06-24 22:25:00+08:00,26.65,76.1,517.4221928228874,0,2.969
2026-06-24 22:30:00+08:00,26.1,80.5,527.4486522242435,0,2.436
2026-06-24 22:35:00+08:00,25.81,73.9,527.4751116255994,0,2.505
2026-06-24 22:40:00+08:00,26.13,80.8,533.5015710269555,0,2.229
2026-06-24 22:45:00+08:00,26.22,75.6,531.5280304283116,0,2.601
2026-06-24 22:50:00+08:00,24.77,83.6,541.5544898296675,0,2.07
2026-06-24 22:55:00+08:00,25.62,76.6,539.5809492310236,0,2.368
2026-06-24 23:00:00+08:00,26.08,76.4,536.6074086323797,0,2.263
2026-06-24 23:05:00+08:00,24.97,79.4,541.6338680337358,0,2.212
2026-06-24 23:10:00+08:00,25.6,80.4,546.6603274350917,0,2.222
2026-06-24 23:15:00+08:00,25.53,81.8,549.6867868364478,0,2.657
2026-06-24 23:20:00+08:00,25.33,77.0,553.7132462378039,0,2.041
2026-06-24 23:25:00+08:00,24.52,71.3,551.7397056391599,0,2.188
2026-06-24 23:30:00+08:00,25.12,76.9,549.766165040516,0,2.259
2026-06-24 23:35:00+08:00,24.57,81.0,545.792624441872,0,2.247
2026-06-24 23:40:00+08:00,24.81,75.5,536.8190838432281,0,2.072
2026-06-24 23:45:00+08:00,24.81,81.9,538.8455432445841,0,2.318
2026-06-24 23:50:00+08:00,25.36,79.7,539.8720026459401,0,2.426
2026-06-24 23:55:00+08:00,24.77,78.2,534.8984620472962,0,2.174
2026-06-25 00:00:00+08:00,24.6,76.1,535.9249214486522,0,2.266
2026-06-25 00:05:00+08:00,24.65,76.9,539.9513808500083,0,2.084
2026-06-25 00:10:00+08:00,25.31,78.0,546.9778402513643,0,1.918
2026-06-25 00:15:00+08:00,24.27,78.8,546.0042996527204,0,1.849
2026-06-25 00:20:00+08:00,25.09,78.0,536.0307590540764,0,2.129
2026-06-25 00:25:00+08:00,24.46,78.9,531.0572184554325,0,1.86
2026-06-25 00:30:00+08:00,25.0,75.8,533.0836778567884,0,2.054
2026-06-25 00:35:00+08:00,23.29,79.0,530.1101372581445,0,1.683
2026-06-25 00:40:00+08:00,24.51,81.0,529.1365966595006,0,1.567
2026-06-25 00:45:00+08:00,24.16,81.6,531.1630560608567,0,1.567
2026-06-25 00:50:00+08:00,24.0,75.0,522.1895154622126,0,1.82
2026-06-25 00:55:00+08:00,24.74,76.4,539.2159748635687,0,2.216
2026-06-25 01:00:00+08:00,24.64,77.6,538.2424342649248,0,2.36
2026-06-25 01:05:00+08:00,24.67,77.2,540.2688936662807,0,2.062
2026-06-25 01:10:00+08:00,24.11,81.6,542.2953530676368,0,1.676
2026-06-25 01:15:00+08:00,23.76,83.6,541.3218124689929,0,1.943
2026-06-25 01:20:00+08:00,24.54,81.0,530.348271870349,0,1.758
2026-06-25 01:25:00+08:00,24.0,76.9,531.374731271705,0,1.593
2026-06-25 01:30:00+08:00,24.2,77.1,529.401190673061,0,2.297
2026-06-25 01:35:00+08:00,24.0,82.8,527.4276500744171,0,1.71
2026-06-25 01:40:00+08:00,23.97,80.7,523.4541094757731,0,1.872
2026-06-25 01:45:00+08:00,24.03,77.4,525.4805688771291,0,1.986
2026-06-25 01:50:00+08:00,24.4,74.9,526.5070282784852,0,1.77
2026-06-25 01:55:00+08:00,24.58,83.5,525.5334876798413,0,2.242
2026-06-25 02:00:00+08:00,23.91,82.8,523.5599470811973,0,1.665
2026-06-25 02:05:00+08:00,24.13,80.2,534.5864064825533,0,2.058
2026-06-25 02:10:00+08:00,24.07,78.0,535.6128658839094,0,1.927
2026-06-25 02:15:00+08:00,23.59,74.2,542.6393252852654,0,1.706
2026-06-25 02:20:00+08:00,23.58,82.2,538.6657846866215,0,1.591
2026-06-25 02:25:00+08:00,24.07,78.6,536.6922440879775,0,1.809
2026-06-25 02:30:00+08:00,24.48,78.9,541.7187034893335,0,2.065
2026-06-25 02:35:00+08:00,23.88,83.3,540.7451628906896,0,1.51
2026-06-25 02:40:00+08:00,23.14,77.8,534.7716222920457,0,1.395
2026-06-25 02:45:00+08:00,22.84,80.5,542.7980816934016,0,1.441
2026-06-25 02:50:00+08:00,24.38,77.4,541.8245410947577,0,1.786
2026-06-25 02:55:00+08:00,24.42,76.1,537.8510004961138,0,2.127
2026-06-25 03:00:00+08:00,23.76,81.0,540.8774598974699,0,1.393
2026-06-25 03:05:00+08:00,24.59,79.2,549.9039192988258,0,2.064
2026-06-25 03:10:00+08:00,23.39,81.8,553.9303787001819,0,1.883
2026-06-25 03:15:00+08:00,23.29,80.9,549.956838101538,0,2.127
2026-06-25 03:20:00+08:00,24.01,79.0,548.983297502894,0,1.829
2026-06-25 03:25:00+08:00,23.79,80.5,547.00975690425,0,1.6
2026-06-25 03:30:00+08:00,24.4,82.7,543.0362163056061,0,2.215
2026-06-25 03:35:00+08:00,24.65,82.0,548.0626757069622,0,2.141
2026-06-25 03:40:00+08:00,24.17,80.0,547.0891351083181,0,1.953
2026-06-25 03:45:00+08:00,23.52,82.9,551.1155945096742,0,1.774
2026-06-25 03:50:00+08:00,24.38,80.5,552.1420539110303,0,1.704
2026-06-25 03:55:00+08:00,23.56,80.3,554.1685133123863,0,1.865
2026-06-25 04:00:00+08:00,24.37,81.0,548.1949727137423,0,1.81
2026-06-25 04:05:00+08:00,24.18,78.2,545.2214321150984,0,1.553
2026-06-25 04:10:00+08:00,23.63,77.0,548.2478915164545,0,1.951
2026-06-25 04:15:00+08:00,24.45,78.3,553.2743509178105,0,1.705
2026-06-25 04:20:00+08:00,24.61,76.9,553.3008103191665,0,2.185
2026-06-25 04:25:00+08:00,23.73,76.2,566.3272697205226,0,1.845
2026-06-25 04:30:00+08:00,23.77,79.7,572.3537291218786,0,1.683
2026-06-25 04:35:00+08:00,24.63,77.8,574.3801885232347,0,1.943
2026-06-25 04:40:00+08:00,24.29,79.4,574.4066479245907,0,1.933
2026-06-25 04:45:00+08:00,24.66,80.1,580.4331073259467,0,2.257
2026-06-25 04:50:00+08:00,24.02,76.9,581.4595667273028,0,1.87
2026-06-25 04:55:00+08:00,24.13,81.2,579.4860261286589,0,1.878
2026-06-25 05:00:00+08:00,23.81,-999.0,570.5124855300148,0,2.072
2026-06-25 05:05:00+08:00,24.61,77.8,562.5389449313709,0,2.079
2026-06-25 05:10:00+08:00,23.73,79.4,562.565404332727,0,1.748
2026-06-25 05:15:00+08:00,24.31,79.3,563.5918637340831,0,2.351
2026-06-25 05:20:00+08:00,24.34,80.6,559.618323135439,0,1.825
2026-06-25 05:25:00+08:00,25.16,80.0,565.6447825367951,0,2.722
2026-06-25 05:30:00+08:00,24.46,75.4,557.6712419381512,0,2.364
2026-06-25 05:35:00+08:00,24.69,75.7,562.6977013395071,0,1.844
2026-06-25 05:40:00+08:00,24.01,79.7,563.7241607408632,0,1.791
2026-06-25 05:45:00+08:00,24.67,80.5,561.7506201422193,0,1.745
2026-06-25 05:50:00+08:00,24.64,82.7,559.7770795435754,0,1.831
2026-06-25 05:55:00+08:00,25.31,72.8,558.8035389449313,0,2.431
2026-06-25 06:00:00+08:00,25.78,75.6,551.8299983462874,0,2.074
2026-06-25 06:05:00+08:00,24.91,74.8,549.8564577476435,0,2.138
2026-06-25 06:10:00+08:00,25.2,72.2,547.8829171489995,0,2.239
2026-06-25 06:15:00+08:00,24.95,76.6,553.9093765503555,0,1.846
2026-06-25 06:20:00+08:00,24.89,77.4,552.9358359517116,0,2.127
2026-06-25 06:25:00+08:00,24.86,77.3,549.9622953530676,0,1.994
2026-06-25 06:30:00+08:00,25.7,79.6,542.9887547544237,0,2.422
2026-06-25 06:35:00+08:00,25.99,80.3,549.0152141557797,0,2.292
2026-06-25 06:40:00+08:00,24.96,80.7,550.0416735571357,0,1.862
2026-06-25 06:45:00+08:00,24.67,79.4,559.0681329584918,0,2.358
2026-06-25 06:50:00+08:00,25.42,76.9,556.0945923598479,0,2.149
2026-06-25 06:50:00+08:00,25.42,76.9,556.0945923598479,0,2.149
2026-06-25 06:55:00+08:00,25.64,79.0,556.121051761204,0,2.114
2026-06-25 07:00:00+08:00,25.56,77.5,562.1475111625599,0,2.144
2026-06-25 07:05:00+08:00,26.19,74.3,561.173970563916,0,2.539
2026-06-25 07:10:00+08:00,24.89,78.3,565.2004299652721,0,2.074
2026-06-25 07:15:00+08:00,25.69,80.7,559.226889366628,0,2.5
2026-06-25 07:20:00+08:00,25.94,77.4,558.2533487679841,0,2.636
2026-06-25 07:25:00+08:00,26.25,73.9,559.2798081693402,0,2.385
2026-06-25 07:30:00+08:00,26.02,75.4,559.3062675706963,0,2.533
2026-06-25 07:35:00+08:00,26.84,80.3,558.3327269720522,0,2.849
2026-06-25 07:40:00+08:00,26.09,74.9,560.3591863734083,0,2.112
2026-06-25 07:45:00+08:00,26.41,74.9,558.3856457747644,0,2.443
2026-06-25 07:50:00+08:00,26.49,71.3,551.4121051761203,0,2.629
2026-06-25 07:55:00+08:00,26.73,74.7,544.4385645774764,0,2.799
2026-06-25 07:55:00+08:00,26.73,74.7,544.4385645774764,0,2.799
2026-06-25 08:00:00+08:00,22.88,82.5,612.4650239788325,30,7.427
2026-06-25 08:05:00+08:00,22.62,83.0,663.4914833801886,24,7.562
2026-06-25 08:10:00+08:00,22.48,84.5,690.5179427815445,19,6.804
2026-06-25 08:15:00+08:00,22.83,77.5,704.5444021829006,15,7.035
2026-06-25 08:20:00+08:00,22.69,86.4,770.5708615842567,38,7.54
2026-06-25 08:25:00+08:00,23.03,83.4,789.5973209856127,24,7.444
2026-06-25 08:30:00+08:00,22.84,76.0,812.6237803869687,23,7.296
2026-06-25 08:35:00+08:00,23.98,80.2,828.6502397883248,21,7.368
2026-06-25 08:40:00+08:00,23.95,79.1,885.6766991896808,38,7.924
2026-06-25 08:45:00+08:00,22.65,81.8,897.7031585910369,25,7.067
2026-06-25 08:50:00+08:00,23.57,81.6,912.729617992393,27,7.562
2026-06-25 08:55:00+08:00,23.74,80.0,949.7560773937489,37,8.335
2026-06-25 09:00:00+08:00,24.27,77.1,976.782536795105,33,8.118
2026-06-25 09:05:00+08:00,23.43,83.0,978.8089961964611,23,7.21
2026-06-25 09:10:00+08:00,23.73,79.3,1008.8354555978171,34,7.821
2026-06-25 09:15:00+08:00,23.05,80.5,1020.8619149991731,29,7.425
2026-06-25 09:20:00+08:00,24.18,82.1,1025.8883744005293,25,7.845
2026-06-25 09:25:00+08:00,24.21,78.3,1038.9148338018852,28,7.441
2026-06-25 09:30:00+08:00,23.71,81.2,1061.9412932032412,30,7.859
2026-06-25 09:35:00+08:00,23.98,79.9,1051.9677526045973,27,7.828
2026-06-25 09:40:00+08:00,23.94,84.4,1048.9942120059534,21,7.719
2026-06-25 09:45:00+08:00,24.22,76.4,1050.0206714073095,24,7.407
2026-06-25 09:50:00+08:00,24.35,79.6,1032.0471308086655,15,7.407
2026-06-25 09:55:00+08:00,23.92,79.3,1042.0735902100214,26,7.303
2026-06-25 10:00:00+08:00,23.73,82.7,1063.1000496113775,30,7.551
2026-06-25 10:05:00+08:00,23.64,83.4,1056.1265090127335,20,7.436
2026-06-25 10:10:00+08:00,24.67,76.8,1073.1529684140896,33,8.265
2026-06-25 10:15:00+08:00,24.99,78.8,1068.1794278154457,22,7.751
2026-06-25 10:20:00+08:00,24.57,80.2,1070.2058872168018,25,7.669
2026-06-25 10:25:00+08:00,25.39,77.8,1088.2323466181579,29,7.904
2026-06-25 10:30:00+08:00,24.95,-999.0,1088.2588060195137,28,8.001
2026-06-25 10:35:00+08:00,24.68,78.4,1085.2852654208698,24,7.985
2026-06-25 10:40:00+08:00,24.69,81.2,1080.3117248222259,24,7.962
2026-06-25 10:45:00+08:00,24.22,76.9,1069.338184223582,17,7.801
2026-06-25 10:50:00+08:00,24.84,76.1,1088.364643624938,34,8.185
2026-06-25 10:55:00+08:00,25.11,82.5,1094.391103026294,31,7.945
2026-06-25 11:00:00+08:00,25.26,78.1,1085.41756242765,21,7.91
2026-06-25 11:05:00+08:00,25.57,81.9,1094.444021829006,25,8.533
2026-06-25 11:10:00+08:00,25.03,78.8,1087.470481230362,25,7.907
2026-06-25 11:15:00+08:00,25.96,70.4,1091.4969406317182,28,8.552
2026-06-25 11:20:00+08:00,25.42,75.4,1087.5234000330743,22,7.96
2026-06-25 11:25:00+08:00,25.43,76.2,1110.5498594344303,36,8.27
2026-06-25 11:30:00+08:00,25.79,78.5,1112.5763188357864,28,8.18
2026-06-25 11:35:00+08:00,26.12,77.3,1120.6027782371425,29,8.375
2026-06-25 11:35:00+08:00,26.12,77.3,1120.6027782371425,29,8.375
2026-06-25 11:40:00+08:00,25.61,76.3,1163.6292376384984,43,8.854
2026-06-25 11:45:00+08:00,24.95,78.3,1166.6556970398544,34,7.954
2026-06-25 11:50:00+08:00,26.04,76.6,1143.6821564412105,21,7.987
2026-06-25 11:55:00+08:00,26.45,70.8,1129.7086158425666,23,8.188
2026-06-25 12:00:00+08:00,25.72,77.1,1093.7350752439227,10,7.96
2026-06-25 12:05:00+08:00,25.04,77.7,1050.7615346452787,7,7.56
2026-06-25 12:10:00+08:00,25.62,75.7,1021.7879940466347,9,7.665
2026-06-25 12:15:00+08:00,25.75,77.9,996.8144534479908,12,7.473
2026-06-25 12:20:00+08:00,26.41,78.5,979.8409128493468,12,7.667
2026-06-25 12:25:00+08:00,26.01,73.0,947.8673722507028,7,7.695
2026-06-25 12:30:00+08:00,26.0,77.8,932.8938316520589,10,7.83
2026-06-25 12:35:00+08:00,26.21,74.6,910.9202910534149,9,7.616
2026-06-25 12:40:00+08:00,25.22,75.2,896.946750454771,13,7.911
2026-06-25 12:45:00+08:00,26.66,71.3,885.973209856127,11,8.05
2026-06-25 12:50:00+08:00,26.05,73.9,860.999669257483,8,7.963
2026-06-25 12:55:00+08:00,26.56,79.9,845.0261286588391,12,7.792
2026-06-25 13:00:00+08:00,27.05,74.3,894.0525880601951,37,9.332
2026-06-25 13:05:00+08:00,25.37,73.8,928.0790474615512,33,8.138
2026-06-25 13:10:00+08:00,26.69,77.9,940.1055068629072,21,8.635
2026-06-25 13:15:00+08:00,26.83,76.8,945.1319662642633,23,8.475
2026-06-25 13:20:00+08:00,26.55,76.3,962.1584256656193,28,8.567
2026-06-25 13:25:00+08:00,26.93,80.3,985.1848850669753,30,8.635
2026-06-25 13:30:00+08:00,26.3,76.5,1000.2113444683314,27,8.448
2026-06-25 13:35:00+08:00,27.04,75.8,1012.2378038696875,26,8.374
2026-06-25 13:40:00+08:00,26.85,74.7,1015.2642632710435,27,8.49
2026-06-25 13:45:00+08:00,26.91,78.0,1031.2907226723996,33,9.198
2026-06-25 13:50:00+08:00,26.61,70.2,1043.3171820737555,26,8.635
2026-06-25 13:50:00+08:00,26.61,70.2,1043.3171820737555,26,8.635
2026-06-25 13:55:00+08:00,26.55,72.1,1042.3436414751116,18,8.102
2026-06-25 14:00:00+08:00,27.06,74.4,1063.3701008764676,31,9.396
2026-06-25 14:05:00+08:00,26.91,74.0,1072.3965602778237,29,8.768
2026-06-25 14:10:00+08:00,26.95,72.8,1090.4230196791798,33,8.862
2026-06-25 14:15:00+08:00,26.63,78.1,1084.4494790805359,24,8.459
2026-06-25 14:20:00+08:00,26.26,77.1,1094.475938481892,29,8.648
2026-06-25 14:25:00+08:00,26.87,73.4,1107.5023978832478,34,9.037
2026-06-25 14:30:00+08:00,26.81,70.4,1111.5288572846039,32,8.522
2026-06-25 14:35:00+08:00,26.29,76.5,1111.55531668596,25,8.465
2026-06-25 14:40:00+08:00,26.62,75.0,1077.581776087316,15,8.055
2026-06-25 14:45:00+08:00,26.45,74.5,1055.608235488672,13,7.845
2026-06-25 14:50:00+08:00,25.92,75.1,1053.6346948900282,26,8.044
2026-06-25 14:55:00+08:00,27.16,73.2,1063.6611542913843,26,8.853
2026-06-25 15:00:00+08:00,26.65,69.1,1071.6876136927401,31,8.626
2026-06-25 15:05:00+08:00,26.65,73.0,1070.7140730940962,26,8.688
2026-06-25 15:10:00+08:00,26.47,76.3,1085.7405324954523,29,9.081
2026-06-25 15:15:00+08:00,27.19,71.0,1111.7669918968083,32,8.919
2026-06-25 15:20:00+08:00,26.85,73.5,1111.7934512981644,24,8.327
2026-06-25 15:25:00+08:00,26.88,70.8,1090.8199106995205,20,8.352
2026-06-25 15:30:00+08:00,27.48,73.6,1105.8463701008764,33,9.204
2026-06-25 15:35:00+08:00,26.22,77.5,1119.8728295022324,32,8.507
2026-06-25 15:40:00+08:00,26.36,77.4,1105.8992889035885,18,8.312
2026-06-25 15:45:00+08:00,26.8,83.7,1101.9257483049446,25,8.665
2026-06-25 15:50:00+08:00,26.68,75.8,1124.9522077063007,35,8.734
2026-06-25 15:55:00+08:00,27.29,72.3,1127.9786671076567,28,8.896
2026-06-25 16:00:00+08:00,26.52,75.5,1129.0051265090128,29,8.627
2026-06-25 16:05:00+08:00,26.89,78.4,1136.0315859103687,34,8.909
2026-06-25 16:10:00+08:00,26.4,75.3,1137.0580453117248,27,8.615
2026-06-25 16:15:00+08:00,26.95,73.4,1155.0845047130808,32,9.102
2026-06-25 16:20:00+08:00,26.57,71.3,1186.110964114437,37,8.609
2026-06-25 16:25:00+08:00,27.06,79.4,1153.137423515793,21,8.371
2026-06-25 16:30:00+08:00,26.55,73.5,1161.163882917149,29,8.799
2026-06-25 16:35:00+08:00,26.4,72.9,1147.1903423185051,26,8.441
2026-06-25 16:40:00+08:00,26.29,72.1,1164.216801719861,38,9.023
2026-06-25 16:45:00+08:00,26.97,77.0,1149.243261121217,21,8.293
2026-06-25 16:50:00+08:00,26.62,71.7,1164.2697205225732,34,8.987
2026-06-25 16:55:00+08:00,25.84,75.7,1170.2961799239292,30,8.518
2026-06-25 17:00:00+08:00,27.7,72.7,1169.3226393252853,31,9.005
2026-06-25 17:05:00+08:00,26.0,75.2,1179.3490987266414,31,8.273
2026-06-25 17:10:00+08:00,26.55,72.4,1184.3755581279975,31,8.761
2026-06-25 17:15:00+08:00,26.09,79.9,1187.4020175293533,34,8.621
2026-06-25 17:20:00+08:00,25.69,78.3,1217.4284769307094,44,8.733
2026-06-25 17:25:00+08:00,26.08,77.8,1213.4549363320655,31,8.457
2026-06-25 17:30:00+08:00,26.2,73.6,1196.4813957334216,24,8.523
2026-06-25 17:35:00+08:00,25.91,74.4,1211.5078551347776,40,8.785
2026-06-25 17:40:00+08:00,26.3,76.9,1210.5343145361337,33,8.397
2026-06-25 17:45:00+08:00,26.76,74.3,1182.5607739374896,20,8.022
2026-06-25 17:50:00+08:00,24.98,79.5,1189.5872333388456,33,8.54
2026-06-25 17:50:00+08:00,24.98,79.5,1189.5872333388456,33,8.54
2026-06-25 17:55:00+08:00,25.95,82.3,1185.6136927402017,32,8.577
2026-06-25 18:00:00+08:00,29.75,71.2,1130.6401521415578,0,3.875
2026-06-25 18:05:00+08:00,29.7,72.8,1069.6666115429139,0,3.541
2026-06-25 18:10:00+08:00,29.43,69.0,1028.69307094427,0,3.438
2026-06-25 18:15:00+08:00,29.85,70.6,982.7195303456259,0,3.664
2026-06-25 18:20:00+08:00,29.88,68.5,949.745989746982,0,3.873
2026-06-25 18:25:00+08:00,28.95,72.2,908.772449148338,0,3.387
2026-06-25 18:30:00+08:00,28.86,73.7,873.798908549694,0,3.82
2026-06-25 18:35:00+08:00,28.99,69.8,843.8253679510501,0,3.454
2026-06-25 18:40:00+08:00,29.44,72.6,818.8518273524062,0,3.567
2026-06-25 18:45:00+08:00,28.78,70.6,784.8782867537622,0,3.428
2026-06-25 18:50:00+08:00,28.77,72.8,775.9047461551182,0,3.511
2026-06-25 18:55:00+08:00,29.02,70.3,754.9312055564743,0,3.577
2026-06-25 19:00:00+08:00,29.1,72.1,740.9576649578303,0,3.761
2026-06-25 19:05:00+08:00,29.12,71.1,725.9841243591864,0,3.314
2026-06-25 19:10:00+08:00,29.09,71.0,702.0105837605424,0,3.729
2026-06-25 19:15:00+08:00,28.58,75.7,678.0370431618985,0,3.489
2026-06-25 19:20:00+08:00,28.36,70.4,661.0635025632545,0,3.091
2026-06-25 19:25:00+08:00,28.41,69.4,644.0899619646106,0,3.364
2026-06-25 19:30:00+08:00,29.21,72.4,641.1164213659666,0,3.591
2026-06-25 19:35:00+08:00,28.23,73.6,624.1428807673226,0,2.988
2026-06-25 19:40:00+08:00,28.4,69.4,613.1693401686787,0,2.837
2026-06-25 19:45:00+08:00,28.16,72.4,609.1957995700348,0,3.231
2026-06-25 19:50:00+08:00,27.56,71.2,603.2222589713908,0,3.333
2026-06-25 19:55:00+08:00,28.15,73.9,593.2487183727468,0,3.14
2026-06-25 20:00:00+08:00,28.21,73.4,596.2751777741029,0,3.384
2026-06-25 20:05:00+08:00,27.72,76.6,589.3016371754588,0,2.779
2026-06-25 20:10:00+08:00,28.39,73.3,580.3280965768149,0,3.102
2026-06-25 20:15:00+08:00,28.22,71.4,580.354555978171,0,3.12
2026-06-25 20:20:00+08:00,26.48,76.7,571.3810153795271,0,2.822
2026-06-25 20:25:00+08:00,27.75,68.4,567.4074747808831,0,3.022
2026-06-25 20:30:00+08:00,27.57,70.1,554.4339341822391,0,2.785
2026-06-25 20:35:00+08:00,28.05,69.5,556.4603935835952,0,3.023
2026-06-25 20:40:00+08:00,27.88,76.8,556.4868529849512,0,3.185
2026-06-25 20:45:00+08:00,27.16,74.8,550.5133123863072,0,2.853
2026-06-25 20:50:00+08:00,27.01,77.8,549.5397717876633,0,2.905
2026-06-25 20:55:00+08:00,26.87,68.1,547.5662311890194,0,2.642
2026-06-25 21:00:00+08:00,26.57,71.6,547.5926905903754,0,2.884
2026-06-25 21:05:00+08:00,27.3,74.4,552.6191499917314,0,2.925
2026-06-25 21:10:00+08:00,27.05,76.1,553.6456093930875,0,2.953
2026-06-25 21:15:00+08:00,27.82,71.5,548.6720687944435,0,2.814
2026-06-25 21:20:00+08:00,27.06,76.1,538.6985281957996,0,2.923
2026-06-25 21:25:00+08:00,27.06,74.2,543.7249875971556,0,2.997
2026-06-25 21:30:00+08:00,26.45,75.0,542.7514469985117,0,2.301
2026-06-25 21:35:00+08:00,27.52,73.6,540.7779063998677,0,3.077
2026-06-25 21:40:00+08:00,26.57,73.5,543.8043658012238,0,2.508
2026-06-25 21:45:00+08:00,26.09,73.7,541.8308252025798,0,2.328
2026-06-25 21:50:00+08:00,26.61,75.1,544.8572846039358,0,2.533
2026-06-25 21:55:00+08:00,27.04,75.7,546.8837440052919,0,2.744
2026-06-25 22:00:00+08:00,26.47,78.1,554.910203406648,0,2.842
2026-06-25 22:05:00+08:00,26.19,76.0,554.936662808004,0,2.573
2026-06-25 22:10:00+08:00,26.14,77.2,566.96312220936,0,2.31
2026-06-25 22:15:00+08:00,26.58,75.9,559.9895816107161,0,2.701
2026-06-25 22:20:00+08:00,25.4,77.2,558.016041012072,0,2.247
2026-06-25 22:25:00+08:00,24.12,80.8,564.0425004134281,0,1.79
2026-06-25 22:30:00+08:00,26.16,74.2,554.0689598147842,0,2.538
2026-06-25 22:35:00+08:00,25.45,73.5,554.0954192161403,0,2.059
2026-06-25 22:40:00+08:00,25.93,75.8,553.1218786174963,0,2.373
2026-06-25 22:45:00+08:00,26.28,75.9,554.1483380188523,0,2.511
2026-06-25 22:50:00+08:00,25.68,78.4,558.1747974202084,0,2.096
2026-06-25 22:55:00+08:00,25.89,73.1,551.2012568215644,0,2.526
2026-06-25 23:00:00+08:00,25.72,76.4,555.2277162229204,0,2.593
2026-06-25 23:05:00+08:00,24.98,77.5,560.2541756242765,0,2.009
2026-06-25 23:10:00+08:00,25.57,78.7,568.2806350256326,0,2.263
2026-06-25 23:15:00+08:00,24.95,80.4,564.3070944269886,0,2.151
2026-06-25 23:20:00+08:00,25.51,77.1,559.3335538283446,0,2.066
2026-06-25 23:25:00+08:00,25.13,73.7,551.3600132297007,0,2.29
2026-06-25 23:30:00+08:00,24.98,79.5,558.3864726310567,0,2.01
2026-06-25 23:35:00+08:00,25.02,82.7,557.4129320324128,0,2.368
2026-06-25 23:40:00+08:00,25.73,75.8,557.4393914337688,0,2.283
2026-06-25 23:45:00+08:00,24.73,81.0,552.4658508351249,0,1.707
2026-06-25 23:50:00+08:00,24.84,78.1,551.4923102364809,0,2.22
2026-06-25 23:55:00+08:00,24.62,76.6,558.518769637837,0,2.307
2026-06-26 00:00:00+08:00,24.79,81.5,554.5452290391929,0,2.07
2026-06-26 00:05:00+08:00,24.65,78.9,546.571688440549,0,2.004
2026-06-26 00:10:00+08:00,24.18,81.8,545.5981478419051,0,2.119
2026-06-26 00:15:00+08:00,25.3,74.3,548.6246072432612,0,2.427
2026-06-26 00:20:00+08:00,24.76,79.0,552.6510666446172,0,1.985
2026-06-26 00:25:00+08:00,24.9,76.7,551.6775260459732,0,2.089
2026-06-26 00:30:00+08:00,24.8,78.8,538.7039854473293,0,1.656
2026-06-26 00:35:00+08:00,24.9,73.9,539.7304448486852,0,1.811
2026-06-26 00:40:00+08:00,24.69,80.9,538.7569042500413,0,2.236
2026-06-26 00:40:00+08:00,24.69,80.9,538.7569042500413,0,2.236
2026-06-26 00:45:00+08:00,24.02,80.4,537.7833636513974,0,1.665
2026-06-26 00:50:00+08:00,24.67,79.4,537.8098230527535,0,2.218
2026-06-26 00:55:00+08:00,24.53,81.1,552.8362824541094,0,1.961
2026-06-26 01:00:00+08:00,24.22,77.7,557.8627418554655,0,2.146
2026-06-26 01:05:00+08:00,23.7,78.6,552.8892012568216,0,2.257
2026-06-26 01:10:00+08:00,24.21,79.3,556.9156606581776,0,2.037
2026-06-26 01:15:00+08:00,23.65,78.6,545.9421200595336,0,1.706
2026-06-26 01:20:00+08:00,24.01,75.2,549.9685794608897,0,2.036
2026-06-26 01:25:00+08:00,24.28,76.2,548.9950388622458,0,1.722
2026-06-26 01:30:00+08:00,24.84,79.0,545.0214982636018,0,2.376
2026-06-26 01:35:00+08:00,23.84,82.4,540.0479576649578,0,2.111
2026-06-26 01:40:00+08:00,24.52,79.3,545.0744170663139,0,1.894
2026-06-26 01:45:00+08:00,24.81,79.0,553.1008764676699,0,1.984
2026-06-26 01:50:00+08:00,24.4,-999.0,552.127335869026,0,1.903
2026-06-26 01:55:00+08:00,23.9,81.9,555.153795270382,0,1.673
2026-06-26 02:00:00+08:00,23.67,84.4,545.1802546717381,0,1.428
2026-06-26 02:05:00+08:00,23.74,82.0,543.2067140730941,0,1.656
2026-06-26 02:10:00+08:00,24.24,80.9,544.2331734744502,0,1.942
2026-06-26 02:15:00+08:00,23.33,81.8,547.2596328758061,0,1.91
2026-06-26 02:20:00+08:00,23.59,81.4,552.2860922771622,0,1.718
2026-06-26 02:25:00+08:00,23.78,76.9,551.3125516785183,0,1.791
2026-06-26 02:30:00+08:00,23.64,82.2,553.3390110798744,0,1.669
2026-06-26 02:35:00+08:00,23.98,84.5,564.3654704812304,0,1.631
2026-06-26 02:40:00+08:00,23.95,79.0,552.3919298825864,0,1.663
2026-06-26 02:45:00+08:00,24.34,77.2,555.4183892839425,0,2.002
2026-06-26 02:50:00+08:00,23.76,81.9,554.4448486852984,0,1.953
2026-06-26 02:55:00+08:00,23.35,80.0,556.4713080866545,0,1.694
2026-06-26 03:00:00+08:00,24.37,78.7,547.4977674880106,0,2.077
2026-06-26 03:05:00+08:00,23.73,77.0,553.5242268893667,0,1.536
2026-06-26 03:10:00+08:00,24.24,82.1,548.5506862907226,0,1.951
2026-06-26 03:15:00+08:00,24.03,78.0,551.5771456920787,0,1.759
2026-06-26 03:20:00+08:00,24.07,71.9,552.6036050934348,0,2.372
2026-06-26 03:25:00+08:00,23.88,79.3,556.6300644947908,0,1.713
2026-06-26 03:30:00+08:00,23.83,80.4,558.6565238961468,0,2.203
2026-06-26 03:35:00+08:00,23.84,81.5,554.6829832975029,0,1.829
2026-06-26 03:40:00+08:00,23.74,82.6,560.709442698859,0,1.992
2026-06-26 03:45:00+08:00,23.94,82.7,548.735902100215,0,1.87
2026-06-26 03:50:00+08:00,23.99,81.4,545.762361501571,0,1.882
2026-06-26 03:55:00+08:00,23.65,79.0,543.7888209029271,0,1.9
2026-06-26 04:00:00+08:00,23.76,80.5,545.8152803042831,0,1.665
2026-06-26 04:05:00+08:00,23.93,79.6,543.8417397056392,0,2.047
2026-06-26 04:10:00+08:00,24.52,79.5,554.8681991069952,0,1.965
2026-06-26 04:15:00+08:00,23.57,79.1,559.8946585083513,0,1.374
2026-06-26 04:20:00+08:00,23.72,80.5,562.9211179097073,0,1.629
2026-06-26 04:25:00+08:00,24.41,80.4,571.9475773110634,0,2.271
2026-06-26 04:30:00+08:00,24.19,83.1,565.9740367124193,0,1.516
2026-06-26 04:35:00+08:00,23.63,78.7,563.0004961137754,0,1.656
2026-06-26 04:35:00+08:00,23.63,78.7,563.0004961137754,0,1.656
2026-06-26 04:40:00+08:00,24.05,81.1,561.0269555151315,0,1.922
2026-06-26 04:45:00+08:00,24.4,75.4,566.0534149164876,0,2.01
2026-06-26 04:50:00+08:00,24.23,81.3,563.0798743178435,0,1.932
2026-06-26 04:55:00+08:00,24.61,76.4,561.1063337191996,0,1.842
2026-06-26 05:00:00+08:00,24.35,78.4,560.1327931205557,0,1.844
2026-06-26 05:05:00+08:00,25.02,78.7,558.1592525219116,0,2.27
2026-06-26 05:10:00+08:00,24.47,81.1,550.1857119232677,0,1.992
2026-06-26 05:15:00+08:00,25.08,79.3,556.2121713246238,0,2.145
2026-06-26 05:20:00+08:00,24.44,80.9,556.2386307259799,0,1.741
2026-06-26 05:25:00+08:00,24.65,80.7,551.2650901273358,0,1.885
2026-06-26 05:30:00+08:00,24.7,77.7,549.2915495286919,0,2.112
2026-06-26 05:35:00+08:00,24.44,78.4,556.318008930048,0,1.906
2026-06-26 05:40:00+08:00,24.89,79.4,551.344468331404,0,1.999
2026-06-26 05:45:00+08:00,24.05,83.1,547.37092773276,0,1.981
2026-06-26 05:50:00+08:00,24.34,78.4,549.3973871341161,0,1.976
2026-06-26 05:55:00+08:00,24.48,78.4,548.4238465354722,0,2.287
2026-06-26 06:00:00+08:00,25.32,76.8,547.4503059368282,0,2.656
2026-06-26 06:05:00+08:00,24.94,76.5,548.4767653381842,0,2.233
2026-06-26 06:10:00+08:00,25.65,77.1,550.5032247395402,0,2.644
2026-06-26 06:15:00+08:00,25.03,80.3,549.5296841408963,0,2.264
2026-06-26 06:20:00+08:00,25.16,80.3,549.5561435422524,0,2.395
2026-06-26 06:25:00+08:00,25.24,78.1,550.5826029436084,0,2.251
2026-06-26 06:30:00+08:00,24.96,72.8,542.6090623449645,0,2.258
2026-06-26 06:35:00+08:00,24.89,79.4,545.6355217463205,0,2.173
2026-06-26 06:40:00+08:00,24.99,76.9,554.6619811476766,0,1.965
2026-06-26 06:45:00+08:00,25.11,74.8,551.6884405490325,0,2.165
2026-06-26 06:50:00+08:00,25.01,77.1,554.7148999503886,0,2.206
2026-06-26 06:55:00+08:00,25.58,75.1,549.7413593517447,0,2.354
2026-06-26 07:00:00+08:00,26.5,74.9,549.7678187531008,0,2.546
2026-06-26 07:05:00+08:00,25.76,69.0,548.7942781544567,0,2.739
2026-06-26 07:10:00+08:00,25.77,77.1,548.8207375558128,0,2.638
2026-06-26 07:15:00+08:00,25.86,73.7,546.8471969571689,0,2.567
2026-06-26 07:20:00+08:00,25.47,75.0,544.8736563585248,0,2.292
2026-06-26 07:25:00+08:00,25.8,75.9,545.9001157598809,0,2.55
2026-06-26 07:30:00+08:00,26.37,78.7,539.926575161237,0,2.64
2026-06-26 07:35:00+08:00,25.61,77.0,545.9530345625931,0,2.384
2026-06-26 07:40:00+08:00,25.89,74.3,544.979493963949,0,2.631
2026-06-26 07:45:00+08:00,26.48,75.1,549.0059533653051,0,2.543
2026-06-26 07:50:00+08:00,27.12,75.1,547.0324127666612,0,2.402
2026-06-26 07:55:00+08:00,26.75,77.0,546.0588721680172,0,2.636
2026-06-26 08:00:00+08:00,22.57,82.3,623.0853315693732,33,7.633
2026-06-26 08:05:00+08:00,23.2,78.8,671.1117909707293,28,7.609
2026-06-26 08:10:00+08:00,22.48,84.8,699.1382503720854,19,6.768
2026-06-26 08:15:00+08:00,22.4,84.1,729.1647097734414,27,7.342
2026-06-26 08:20:00+08:00,22.77,85.9,769.1911691747974,25,7.226
2026-06-26 08:25:00+08:00,22.63,83.7,773.2176285761534,9,6.914
2026-06-26 08:30:00+08:00,22.82,78.5,816.2440879775095,27,7.25
2026-06-26 08:35:00+08:00,22.84,83.5,809.2705473788656,10,6.42
2026-06-26 08:40:00+08:00,23.29,78.1,848.2970067802216,35,7.664
2026-06-26 08:45:00+08:00,22.85,82.0,853.3234661815776,20,6.942
2026-06-26 08:50:00+08:00,23.59,79.9,875.3499255829337,24,7.459
2026-06-26 08:55:00+08:00,22.6,82.5,883.3763849842898,19,6.839
2026-06-26 09:00:00+08:00,23.29,79.1,887.4028443856457,19,7.191
2026-06-26 09:05:00+08:00,23.55,83.7,929.4293037870018,37,7.709
2026-06-26 09:10:00+08:00,22.92,80.0,943.4557631883579,25,7.462
2026-06-26 09:15:00+08:00,23.55,82.7,961.482222589714,30,7.694
2026-06-26 09:20:00+08:00,23.68,82.4,986.5086819910699,31,7.795
2026-06-26 09:25:00+08:00,23.92,80.2,995.535141392426,26,7.893
2026-06-26 09:30:00+08:00,23.4,83.1,1025.561600793782,31,7.623
2026-06-26 09:35:00+08:00,23.72,85.4,1056.588060195138,37,8.076
2026-06-26 09:40:00+08:00,23.6,79.4,1056.6145195964941,24,7.446
2026-06-26 09:45:00+08:00,24.31,80.0,1077.6409789978502,36,8.246
2026-06-26 09:50:00+08:00,24.85,78.3,1070.6674383992063,22,7.78
2026-06-26 09:55:00+08:00,23.88,83.0,1080.6938978005624,32,7.973
2026-06-26 10:00:00+08:00,24.31,75.4,1080.7203572019184,25,7.58
2026-06-26 10:05:00+08:00,25.12,78.0,1086.7468166032743,25,7.763
2026-06-26 10:10:00+08:00,24.83,81.7,1077.7732760046304,18,7.865
2026-06-26 10:15:00+08:00,24.7,76.5,1092.7997354059864,30,8.118
2026-06-26 10:20:00+08:00,24.48,76.0,1071.8261948073425,19,7.766
2026-06-26 10:25:00+08:00,25.24,75.7,1061.8526542086986,24,7.657
2026-06-26 10:30:00+08:00,24.88,77.2,1078.8791136100544,32,7.818
2026-06-26 10:35:00+08:00,25.79,75.8,1060.9055730114105,19,7.928
2026-06-26 10:40:00+08:00,25.29,77.8,1071.9320324127666,31,8.243
2026-06-26 10:45:00+08:00,24.51,81.1,1057.9584918141227,22,7.89
2026-06-26 10:50:00+08:00,25.57,73.9,1041.9849512154788,17,7.919
2026-06-26 10:55:00+08:00,24.76,78.4,1043.0114106168348,26,8.102
2026-06-26 11:00:00+08:00,25.87,79.9,1060.037870018191,29,8.407
2026-06-26 11:05:00+08:00,25.9,76.8,1051.064329419547,20,7.828
2026-06-26 11:10:00+08:00,25.03,80.4,1038.0907888209028,17,7.403
2026-06-26 11:15:00+08:00,25.01,74.9,1054.117248222259,33,8.336
2026-06-26 11:20:00+08:00,25.84,75.5,1078.143707623615,33,8.614
2026-06-26 11:25:00+08:00,25.05,74.7,1075.170167024971,26,7.945
2026-06-26 11:30:00+08:00,25.46,75.5,1087.1966264263272,32,8.373
2026-06-26 11:35:00+08:00,25.01,75.5,1115.2230858276832,39,8.476
2026-06-26 11:40:00+08:00,25.01,80.4,1115.249545229039,29,7.722
2026-06-26 11:45:00+08:00,26.46,82.5,1130.2760046303952,38,8.969
2026-06-26 11:50:00+08:00,26.09,78.9,1119.3024640317512,21,7.641
2026-06-26 11:55:00+08:00,25.86,74.9,1107.3289234331073,23,8.237
2026-06-26 12:00:00+08:00,26.32,73.9,1071.3553828344634,9,8.034
2026-06-26 12:05:00+08:00,25.38,81.6,1038.3818422358195,8,7.431
2026-06-26 12:10:00+08:00,25.81,78.9,1003.4083016371754,6,7.265
2026-06-26 12:15:00+08:00,25.69,75.9,976.4347610385315,9,7.937
2026-06-26 12:20:00+08:00,25.61,-999.0,951.4612204398875,10,7.462
2026-06-26 12:25:00+08:00,26.16,79.8,938.4876798412436,11,8.229
2026-06-26 12:30:00+08:00,26.25,75.2,930.5141392425996,14,7.836
2026-06-26 12:35:00+08:00,26.51,76.8,912.5405986439557,9,7.84
2026-06-26 12:40:00+08:00,26.88,71.4,905.5670580453117,14,7.827
2026-06-26 12:45:00+08:00,26.05,78.1,888.5935174466678,7,7.74
2026-06-26 12:50:00+08:00,26.21,77.0,871.6199768480238,5,7.606
2026-06-26 12:55:00+08:00,26.83,73.8,855.6464362493798,8,8.071
2026-06-26 13:00:00+08:00,25.76,76.4,903.6728956507359,40,8.844
2026-06-26 13:05:00+08:00,26.22,72.3,931.699355052092,30,8.574
2026-06-26 13:10:00+08:00,26.62,76.0,951.725814453448,28,8.509
2026-06-26 13:15:00+08:00,25.83,76.5,983.752273854804,40,8.859
2026-06-26 13:20:00+08:00,26.95,77.5,997.7787332561601,22,8.541
2026-06-26 13:25:00+08:00,26.6,76.1,1028.805192657516,35,8.678
2026-06-26 13:30:00+08:00,26.6,78.6,1059.8316520588721,37,8.88
2026-06-26 13:35:00+08:00,26.93,73.5,1066.8581114602282,27,8.627
2026-06-26 13:40:00+08:00,27.16,74.3,1055.8845708615843,21,8.424
2026-06-26 13:45:00+08:00,26.84,76.8,1047.9110302629404,21,8.113
2026-06-26 13:50:00+08:00,26.48,75.0,1056.9374896642964,29,8.586
2026-06-26 13:55:00+08:00,26.73,78.2,1042.9639490656523,18,8.341
2026-06-26 14:00:00+08:00,27.01,74.9,1053.9904084670084,32,8.842
2026-06-26 14:05:00+08:00,27.15,75.4,1052.0168678683644,25,9.013
2026-06-26 14:10:00+08:00,27.17,74.3,1066.0433272697205,26,8.947
2026-06-26 14:15:00+08:00,27.09,75.8,1058.0697866710766,21,8.566
2026-06-26 14:20:00+08:00,26.48,77.6,1069.0962460724327,30,8.784
2026-06-26 14:25:00+08:00,27.32,70.0,1078.1227054737888,32,9.216
2026-06-26 14:30:00+08:00,26.8,73.8,1081.1491648751446,25,8.416
2026-06-26 14:35:00+08:00,26.38,75.7,1112.1756242765007,39,8.876
2026-06-26 14:40:00+08:00,26.81,76.9,1104.2020836778568,23,8.46
2026-06-26 14:45:00+08:00,27.31,76.6,1098.2285430792128,25,8.647
2026-06-26 14:50:00+08:00,26.33,79.3,1125.255002480569,36,9.079
2026-06-26 14:55:00+08:00,27.02,77.1,1120.281461881925,25,8.313
2026-06-26 15:00:00+08:00,27.38,75.3,1115.3079212832808,25,8.606
2026-06-26 15:05:00+08:00,26.59,68.9,1128.334380684637,31,8.795
2026-06-26 15:10:00+08:00,27.07,74.9,1143.360840085993,36,8.85
2026-06-26 15:15:00+08:00,26.77,73.9,1170.387299487349,40,8.903
2026-06-26 15:20:00+08:00,27.27,70.6,1160.4137588887052,26,8.993
2026-06-26 15:25:00+08:00,26.46,75.5,1152.4402182900612,24,8.283
2026-06-26 15:30:00+08:00,26.59,76.7,1135.4666776914173,15,7.992
2026-06-26 15:35:00+08:00,27.01,73.1,1155.4931370927734,39,9.039
2026-06-26 15:40:00+08:00,27.02,72.7,1152.5195964941292,27,8.628
2026-06-26 15:45:00+08:00,26.36,77.3,1177.5460558954853,36,8.625
2026-06-26 15:50:00+08:00,25.93,76.4,1167.5725152968414,27,8.081
2026-06-26 15:55:00+08:00,26.64,76.7,1137.5989746981975,16,8.261
2026-06-26 16:00:00+08:00,26.9,74.8,1134.6254340995536,24,8.816
2026-06-26 16:05:00+08:00,26.95,77.2,1155.6518935009096,41,8.887
2026-06-26 16:10:00+08:00,27.14,75.4,1166.6783529022655,31,9.036
2026-06-26 16:15:00+08:00,27.05,74.1,1193.7048123036216,43,9.36
2026-06-26 16:20:00+08:00,25.71,72.7,1187.7312717049776,25,7.997
2026-06-26 16:25:00+08:00,26.82,72.7,1180.7577311063337,28,8.603
2026-06-26 16:30:00+08:00,26.41,74.6,1173.7841905076898,29,8.527
2026-06-26 16:35:00+08:00,26.13,74.2,1184.8106499090459,36,8.7
2026-06-26 16:40:00+08:00,26.51,77.7,1167.837109310402,20,7.787
2026-06-26 16:45:00+08:00,26.42,72.0,1167.8635687117578,30,8.731
2026-06-26 16:50:00+08:00,26.58,73.0,1173.8900281131139,31,8.491
2026-06-26 16:55:00+08:00,26.8,77.7,1187.91648751447,32,8.634
2026-06-26 17:00:00+08:00,26.35,73.6,1175.942946915826,25,8.282
2026-06-26 17:00:00+08:00,26.35,73.6,1175.942946915826,25,8.282
2026-06-26 17:05:00+08:00,25.92,73.8,1160.9694063171821,25,8.317
2026-06-26 17:10:00+08:00,26.81,74.4,1184.9958657185382,40,9.064
2026-06-26 17:15:00+08:00,26.19,75.5,1195.022325119894,35,8.685
2026-06-26 17:20:00+08:00,26.36,74.6,1198.0487845212501,30,8.692
2026-06-26 17:25:00+08:00,25.56,78.8,1193.0752439226062,28,8.457
2026-06-26 17:30:00+08:00,26.27,76.0,1199.1017033239623,36,8.695
2026-06-26 17:35:00+08:00,25.02,78.9,1206.1281627253184,31,8.374
2026-06-26 17:35:00+08:00,25.02,78.9,1206.1281627253184,31,8.374
2026-06-26 17:40:00+08:00,26.51,74.9,1208.1546221266744,33,8.811
2026-06-26 17:45:00+08:00,26.43,77.5,1206.1810815280305,31,8.267
2026-06-26 17:50:00+08:00,26.43,76.1,1186.2075409293866,18,7.624
2026-06-26 17:55:00+08:00,25.46,76.8,1183.2340003307424,31,8.619
2026-06-26 18:00:00+08:00,29.57,71.3,1117.2604597320985,0,3.65
2026-06-26 18:05:00+08:00,29.83,70.5,1074.2869191334546,0,3.33
2026-06-26 18:10:00+08:00,29.69,70.5,1021.3133785348107,0,3.719
2026-06-26 18:15:00+08:00,29.36,72.9,964.3398379361668,0,3.669
2026-06-26 18:20:00+08:00,29.9,69.0,928.3662973375227,0,3.765
2026-06-26 18:25:00+08:00,29.36,72.3,894.3927567388788,0,3.597
2026-06-26 18:30:00+08:00,30.46,67.7,866.4192161402348,0,3.805
2026-06-26 18:35:00+08:00,29.55,65.2,833.4456755415908,0,3.616
2026-06-26 18:40:00+08:00,29.08,66.6,801.4721349429469,0,3.535
2026-06-26 18:45:00+08:00,29.03,71.2,779.498594344303,0,3.301
2026-06-26 18:50:00+08:00,29.21,68.5,752.525053745659,0,3.381
2026-06-26 18:55:00+08:00,29.1,69.9,735.551513147015,0,3.406
2026-06-26 19:00:00+08:00,28.68,69.0,716.5779725483711,0,3.269
2026-06-26 19:05:00+08:00,28.64,68.6,694.6044319497271,0,3.318
2026-06-26 19:10:00+08:00,29.39,70.1,678.6308913510832,0,3.502
2026-06-26 19:15:00+08:00,28.79,74.0,667.6573507524392,0,3.377
2026-06-26 19:20:00+08:00,28.46,72.6,664.6838101537953,0,3.093
2026-06-26 19:25:00+08:00,28.41,68.5,656.7102695551513,0,3.324
2026-06-26 19:30:00+08:00,28.88,70.6,642.7367289565074,0,3.519
2026-06-26 19:35:00+08:00,28.27,72.9,628.7631883578634,0,3.398
2026-06-26 19:40:00+08:00,28.68,72.7,622.7896477592194,0,3.635
2026-06-26 19:45:00+08:00,28.42,70.6,616.8161071605755,0,2.696
2026-06-26 19:50:00+08:00,28.99,74.9,614.8425665619316,0,3.334
2026-06-26 19:55:00+08:00,28.27,72.0,608.8690259632876,0,3.136
2026-06-26 20:00:00+08:00,28.03,72.8,594.8954853646436,0,2.862
2026-06-26 20:05:00+08:00,28.08,68.9,589.9219447659997,0,2.981
2026-06-26 20:10:00+08:00,27.79,75.4,588.9484041673556,0,3.229
2026-06-26 20:15:00+08:00,27.45,72.7,586.9748635687117,0,3.184
2026-06-26 20:20:00+08:00,27.77,69.8,591.0013229700678,0,3.071
2026-06-26 20:25:00+08:00,28.58,73.8,597.0277823714239,0,3.38
2026-06-26 20:30:00+08:00,27.59,69.2,592.05424177278,0,3.089
2026-06-26 20:35:00+08:00,27.89,71.6,579.0807011741359,0,2.805
2026-06-26 20:40:00+08:00,27.01,74.6,575.107160575492,0,2.87
2026-06-26 20:45:00+08:00,26.79,74.8,573.133619976848,0,2.608
2026-06-26 20:50:00+08:00,26.97,71.8,569.160079378204,0,2.988
2026-06-26 20:55:00+08:00,27.17,74.9,565.1865387795601,0,2.922
2026-06-26 21:00:00+08:00,27.62,72.5,563.2129981809162,0,2.59
2026-06-26 21:05:00+08:00,26.91,75.5,560.2394575822722,0,2.773
2026-06-26 21:10:00+08:00,27.38,73.1,551.2659169836282,0,3.012
2026-06-26 21:15:00+08:00,26.59,76.1,551.2923763849843,0,2.489
2026-06-26 21:20:00+08:00,27.12,73.7,559.3188357863403,0,2.687
2026-06-26 21:25:00+08:00,27.15,78.6,554.3452951876964,0,2.775
2026-06-26 21:30:00+08:00,27.89,76.6,553.3717545890524,0,3.046
2026-06-26 21:35:00+08:00,26.83,72.0,551.3982139904085,0,3.1
2026-06-26 21:40:00+08:00,26.19,78.4,553.4246733917645,0,2.525
2026-06-26 21:45:00+08:00,27.07,75.4,554.4511327931206,0,2.391
2026-06-26 21:50:00+08:00,26.82,69.9,555.4775921944766,0,2.866
2026-06-26 21:55:00+08:00,27.43,71.7,557.5040515958326,0,3.064
2026-06-26 22:00:00+08:00,26.3,76.6,555.5305109971887,0,2.323
2026-06-26 22:05:00+08:00,26.93,72.1,560.5569703985448,0,2.537
2026-06-26 22:10:00+08:00,25.97,73.1,563.5834297999008,0,2.2
2026-06-26 22:15:00+08:00,26.18,78.2,563.6098892012568,0,2.471
2026-06-26 22:20:00+08:00,26.59,72.6,564.6363486026129,0,2.387
2026-06-26 22:25:00+08:00,26.3,76.5,551.6628080039688,0,2.675
2026-06-26 22:30:00+08:00,26.49,73.8,548.6892674053249,0,2.241
2026-06-26 22:35:00+08:00,25.94,77.4,551.715726806681,0,2.464
2026-06-26 22:40:00+08:00,26.01,73.5,544.7421862080371,0,2.205
2026-06-26 22:45:00+08:00,26.05,80.3,542.768645609393,0,2.556
2026-06-26 22:50:00+08:00,25.6,76.9,544.7951050107491,0,2.523
2026-06-26 22:55:00+08:00,25.94,74.8,542.8215644121052,0,2.498
2026-06-26 23:00:00+08:00,24.85,77.5,541.8480238134612,0,1.667
2026-06-26 23:05:00+08:00,25.95,77.1,545.8744832148172,0,2.652
2026-06-26 23:10:00+08:00,25.86,76.5,544.9009426161733,0,2.329
2026-06-26 23:15:00+08:00,25.42,78.5,537.9274020175294,0,2.172
2026-06-26 23:20:00+08:00,25.23,79.3,544.9538614188854,0,1.968
2026-06-26 23:25:00+08:00,25.68,74.7,549.9803208202414,0,2.533
2026-06-26 23:30:00+08:00,25.52,77.7,546.0067802215975,0,2.327
2026-06-26 23:35:00+08:00,26.04,76.5,550.0332396229535,0,2.39
2026-06-26 23:40:00+08:00,24.29,78.8,552.0596990243096,0,2.144
2026-06-26 23:45:00+08:00,25.15,77.1,554.0861584256656,0,2.271
2026-06-26 23:50:00+08:00,24.88,82.7,551.1126178270217,0,2.115
2026-06-26 23:55:00+08:00,24.7,79.2,554.1390772283777,0,1.996
2026-06-27 00:00:00+08:00,25.36,75.8,555.1655366297338,0,2.26
2026-06-27 00:05:00+08:00,24.62,79.1,560.1919960310897,0,1.885
2026-06-27 00:10:00+08:00,24.61,77.9,556.2184554324458,0,2.116
2026-06-27 00:15:00+08:00,24.93,77.4,545.2449148338019,0,2.267
2026-06-27 00:20:00+08:00,24.68,76.7,550.271374235158,0,1.611
2026-06-27 00:25:00+08:00,24.25,80.3,546.297833636514,0,1.675
2026-06-27 00:30:00+08:00,25.2,78.7,541.32429303787,0,2.258
2026-06-27 00:35:00+08:00,24.4,81.1,530.3507524392261,0,2.134
2026-06-27 00:40:00+08:00,24.66,77.6,530.377211840582,0,2.127
2026-06-27 00:45:00+08:00,24.01,83.1,533.4036712419381,0,1.671
2026-06-27 00:50:00+08:00,24.31,79.6,529.4301306432942,0,1.881
2026-06-27 00:55:00+08:00,24.94,77.1,531.4565900446503,0,1.826
2026-06-27 01:00:00+08:00,24.03,80.8,530.4830494460062,0,2.095
2026-06-27 01:05:00+08:00,24.15,80.1,533.5095088473623,0,1.688
2026-06-27 01:10:00+08:00,24.31,76.0,530.5359682487184,0,1.821
2026-06-27 01:15:00+08:00,23.62,81.0,538.5624276500744,0,1.454
2026-06-27 01:20:00+08:00,24.87,76.6,544.5888870514304,0,1.986
2026-06-27 01:25:00+08:00,24.43,76.3,550.6153464527865,0,2.009
2026-06-27 01:30:00+08:00,23.81,79.5,555.6418058541426,0,1.835
2026-06-27 01:35:00+08:00,24.65,78.4,559.6682652554986,0,2.203
2026-06-27 01:40:00+08:00,24.22,79.8,558.6947246568546,0,1.931
2026-06-27 01:45:00+08:00,24.04,78.9,552.7211840582107,0,1.859
2026-06-27 01:50:00+08:00,23.89,81.5,562.7476434595667,0,1.872
2026-06-27 01:55:00+08:00,24.56,83.2,567.7741028609228,0,2.192
2026-06-27 02:00:00+08:00,24.22,78.1,559.8005622622788,0,2.145
2026-06-27 02:05:00+08:00,24.25,77.5,554.8270216636349,0,1.957
2026-06-27 02:10:00+08:00,24.02,77.6,555.8534810649909,0,1.602
2026-06-27 02:15:00+08:00,23.37,85.9,553.879940466347,0,1.706
2026-06-27 02:20:00+08:00,23.36,80.8,542.9063998677029,0,1.511
2026-06-27 02:25:00+08:00,23.62,82.6,552.932859269059,0,1.891
2026-06-27 02:30:00+08:00,24.39,81.3,550.9593186704151,0,1.963
2026-06-27 02:35:00+08:00,23.85,77.1,549.9857780717712,0,1.913
2026-06-27 02:35:00+08:00,23.85,77.1,549.9857780717712,0,1.913
2026-06-27 02:40:00+08:00,24.15,79.2,542.0122374731271,0,1.771
2026-06-27 02:45:00+08:00,24.25,80.3,540.0386968744832,0,1.807
2026-06-27 02:50:00+08:00,24.13,79.5,541.0651562758393,0,1.659
2026-06-27 02:55:00+08:00,23.32,80.9,542.0916156771953,0,1.611
2026-06-27 03:00:00+08:00,24.22,81.9,549.1180750785513,0,1.839
2026-06-27 03:05:00+08:00,24.08,77.4,550.1445344799074,0,1.908
2026-06-27 03:10:00+08:00,23.63,82.3,556.1709938812635,0,2.102
2026-06-27 03:15:00+08:00,23.75,78.0,563.1974532826194,0,1.619
2026-06-27 03:20:00+08:00,23.97,79.3,565.2239126839755,0,1.594
2026-06-27 03:25:00+08:00,23.91,79.7,562.2503720853316,0,1.838
2026-06-27 03:30:00+08:00,24.97,79.4,563.2768314866876,0,1.859
2026-06-27 03:35:00+08:00,24.61,76.9,561.3032908880436,0,1.815
2026-06-27 03:40:00+08:00,23.71,81.9,569.3297502893997,0,1.652
2026-06-27 03:45:00+08:00,23.97,77.9,577.3562096907558,0,1.725
2026-06-27 03:50:00+08:00,24.19,77.6,571.3826690921118,0,1.897
2026-06-27 03:55:00+08:00,24.38,77.5,563.4091284934678,0,1.877
2026-06-27 04:00:00+08:00,24.32,75.3,558.4355878948238,0,2.061
2026-06-27 04:05:00+08:00,24.31,84.0,551.4620472961799,0,1.783
2026-06-27 04:10:00+08:00,23.8,80.3,554.488506697536,0,1.951
2026-06-27 04:15:00+08:00,23.87,80.0,548.514966098892,0,2.159
2026-06-27 04:20:00+08:00,23.82,78.3,559.5414255002481,0,1.968
2026-06-27 04:25:00+08:00,23.91,79.5,562.5678849016041,0,1.699
2026-06-27 04:30:00+08:00,23.59,74.9,555.5943443029602,0,1.653
2026-06-27 04:35:00+08:00,23.93,-999.0,564.6208037043161,0,1.775
2026-06-27 04:40:00+08:00,23.87,80.2,569.6472631056722,0,1.998
2026-06-27 04:45:00+08:00,24.32,74.1,561.6737225070283,0,2.066
2026-06-27 04:50:00+08:00,24.47,73.5,568.7001819083844,0,1.755
2026-06-27 04:55:00+08:00,24.52,75.4,560.7266413097403,0,2.277
2026-06-27 05:00:00+08:00,24.76,75.0,553.7531007110964,0,2.09
2026-06-27 05:05:00+08:00,24.75,79.4,557.7795601124525,0,2.018
2026-06-27 05:10:00+08:00,23.95,80.6,563.8060195138085,0,2.0
2026-06-27 05:15:00+08:00,24.16,77.6,566.8324789151645,0,1.922
2026-06-27 05:20:00+08:00,24.57,75.7,564.8589383165206,0,2.287
2026-06-27 05:25:00+08:00,24.24,80.5,563.8853977178767,0,1.719
2026-06-27 05:30:00+08:00,24.93,76.8,564.9118571192326,0,1.946
2026-06-27 05:35:00+08:00,25.02,79.1,563.9383165205887,0,2.116
2026-06-27 05:40:00+08:00,25.47,76.7,563.9647759219448,0,1.826
2026-06-27 05:45:00+08:00,24.27,82.8,568.9912353233008,0,2.098
2026-06-27 05:50:00+08:00,24.56,77.0,564.0176947246568,0,2.087
2026-06-27 05:55:00+08:00,24.27,77.4,567.0441541260129,0,2.045
2026-06-27 06:00:00+08:00,24.3,83.3,564.070613527369,0,1.885
2026-06-27 06:05:00+08:00,24.83,81.5,557.097072928725,0,2.157
2026-06-27 06:10:00+08:00,25.19,77.0,553.123532330081,0,2.075
2026-06-27 06:15:00+08:00,24.94,75.5,561.149991731437,0,2.216
2026-06-27 06:20:00+08:00,24.7,78.0,563.1764511327931,0,2.021
2026-06-27 06:25:00+08:00,25.56,75.1,564.2029105341492,0,2.15
2026-06-27 06:30:00+08:00,25.07,78.5,565.2293699355052,0,2.394
2026-06-27 06:35:00+08:00,25.12,80.6,561.2558293368612,0,2.007
2026-06-27 06:40:00+08:00,25.21,78.1,556.2822887382173,0,2.083
2026-06-27 06:45:00+08:00,25.25,75.1,552.3087481395734,0,2.187
2026-06-27 06:50:00+08:00,25.46,84.0,543.3352075409293,0,2.15
2026-06-27 06:55:00+08:00,25.29,75.0,533.3616669422854,0,2.131
2026-06-27 07:00:00+08:00,25.34,77.4,530.3881263436415,0,2.244
2026-06-27 07:05:00+08:00,25.42,73.7,532.4145857449976,0,2.223
2026-06-27 07:10:00+08:00,26.31,74.7,536.4410451463535,0,2.666
2026-06-27 07:15:00+08:00,25.74,74.1,534.4675045477096,0,2.37
2026-06-27 07:20:00+08:00,25.53,82.3,538.4939639490657,0,2.534
2026-06-27 07:25:00+08:00,25.71,75.1,546.5204233504217,0,2.393
2026-06-27 07:30:00+08:00,26.16,78.9,543.5468827517777,0,2.708
2026-06-27 07:35:00+08:00,25.9,74.3,537.5733421531338,0,2.474
2026-06-27 07:40:00+08:00,26.5,79.2,533.5998015544899,0,2.508
2026-06-27 07:45:00+08:00,25.67,76.3,531.6262609558459,0,2.445
2026-06-27 07:50:00+08:00,26.6,78.1,536.6527203572019,0,2.567
2026-06-27 07:55:00+08:00,26.74,79.0,541.6791797585579,0,2.902
2026-06-27 08:00:00+08:00,26.32,73.5,533.705639159914,0,2.329
2026-06-27 08:05:00+08:00,26.35,74.4,539.73209856127,0,2.505
2026-06-27 08:10:00+08:00,26.09,76.3,539.7585579626261,0,2.753
2026-06-27 08:15:00+08:00,26.71,78.1,536.7850173639822,0,2.79
2026-06-27 08:20:00+08:00,26.94,75.9,544.8114767653382,0,2.86
2026-06-27 08:25:00+08:00,26.32,77.9,547.8379361666942,0,2.421
2026-06-27 08:30:00+08:00,26.47,70.6,546.8643955680502,0,2.914
2026-06-27 08:35:00+08:00,26.4,75.8,544.8908549694063,0,2.571
2026-06-27 08:40:00+08:00,27.17,73.3,541.9173143707624,0,2.872
2026-06-27 08:45:00+08:00,27.24,71.4,542.9437737721184,0,2.726
2026-06-27 08:50:00+08:00,27.32,75.4,543.9702331734744,0,2.764
2026-06-27 08:55:00+08:00,27.46,67.7,546.9966925748305,0,2.711
2026-06-27 09:00:00+08:00,26.76,74.2,550.0231519761866,0,2.943
2026-06-27 09:05:00+08:00,27.12,76.3,549.0496113775425,0,2.838
2026-06-27 09:10:00+08:00,27.58,72.8,549.0760707788986,0,2.942
2026-06-27 09:15:00+08:00,27.48,76.6,554.1025301802547,0,2.972
2026-06-27 09:20:00+08:00,27.85,73.0,553.1289895816108,0,2.985
2026-06-27 09:25:00+08:00,27.98,70.7,547.1554489829667,0,3.002
2026-06-27 09:30:00+08:00,27.77,78.4,553.1819083843228,0,3.058
2026-06-27 09:35:00+08:00,28.01,72.9,558.2083677856789,0,3.234
2026-06-27 09:40:00+08:00,27.06,75.5,563.2348271870349,0,2.905
2026-06-27 09:45:00+08:00,28.48,65.9,559.2612865883909,0,3.206
2026-06-27 09:50:00+08:00,27.75,74.7,559.287745989747,0,3.226
2026-06-27 09:55:00+08:00,29.14,68.9,558.3142053911031,0,3.512
2026-06-27 10:00:00+08:00,28.43,73.6,565.340664792459,0,3.427
2026-06-27 10:05:00+08:00,28.45,73.4,571.3671241938151,0,3.184
2026-06-27 10:10:00+08:00,28.43,74.8,563.3935835951711,0,3.416
2026-06-27 10:15:00+08:00,28.74,68.9,568.4200429965272,0,3.388
2026-06-27 10:20:00+08:00,29.12,68.8,574.4465023978833,0,3.604
2026-06-27 10:25:00+08:00,28.26,74.7,573.4729617992393,0,3.3
2026-06-27 10:30:00+08:00,28.76,71.9,570.4994212005954,0,3.394
2026-06-27 10:35:00+08:00,28.19,75.1,570.5258806019514,0,3.188
2026-06-27 10:40:00+08:00,29.08,68.3,566.5523400033074,0,3.361
2026-06-27 10:45:00+08:00,29.0,71.0,564.5787994046634,0,3.599
2026-06-27 10:50:00+08:00,28.28,70.1,563.6052588060195,0,3.145
2026-06-27 10:55:00+08:00,29.02,73.3,559.6317182073756,0,3.513
2026-06-27 11:00:00+08:00,28.73,70.6,554.6581776087316,0,3.219
2026-06-27 11:05:00+08:00,28.8,66.5,554.6846370100876,0,3.28
2026-06-27 11:10:00+08:00,28.6,68.6,547.7110964114437,0,3.101
2026-06-27 11:15:00+08:00,29.26,75.1,548.7375558127998,0,3.668
2026-06-27 11:20:00+08:00,29.11,66.6,562.7640152141557,0,3.59
2026-06-27 11:25:00+08:00,29.01,71.9,555.7904746155118,0,3.547
2026-06-27 11:30:00+08:00,28.97,72.0,556.8169340168679,0,3.232
2026-06-27 11:35:00+08:00,29.5,66.0,558.843393418224,0,3.815
2026-06-27 11:40:00+08:00,29.5,72.3,559.8698528195799,0,3.601
2026-06-27 11:45:00+08:00,29.63,72.4,548.896312220936,0,3.681
2026-06-27 11:50:00+08:00,29.04,72.8,552.922771622292,0,3.695
2026-06-27 11:55:00+08:00,30.0,65.8,556.949231023648,0,3.732
2026-06-27 12:00:00+08:00,29.38,70.1,559.9756904250041,0,3.484
2026-06-27 12:05:00+08:00,29.7,69.8,557.0021498263602,0,3.581
2026-06-27 12:10:00+08:00,30.17,66.8,557.0286092277163,0,3.942
2026-06-27 12:15:00+08:00,30.15,67.0,555.0550686290723,0,3.853
2026-06-27 12:20:00+08:00,29.81,65.1,557.0815280304283,0,3.649
2026-06-27 12:25:00+08:00,30.24,68.1,549.1079874317843,0,4.078
2026-06-27 12:30:00+08:00,30.23,69.4,552.1344468331404,0,4.214
2026-06-27 12:35:00+08:00,30.24,67.4,559.1609062344965,0,3.676
2026-06-27 12:40:00+08:00,29.64,70.9,562.1873656358525,0,3.548
2026-06-27 12:45:00+08:00,30.69,72.0,566.2138250372085,0,4.181
2026-06-27 12:50:00+08:00,30.05,71.4,573.2402844385646,0,3.837
2026-06-27 12:55:00+08:00,29.91,71.4,572.2667438399207,0,3.928
2026-06-27 13:00:00+08:00,30.6,67.3,571.2932032412766,0,3.666
2026-06-27 13:05:00+08:00,29.39,66.8,572.3196626426327,0,3.395
2026-06-27 13:10:00+08:00,30.26,68.2,571.3461220439888,0,3.79
2026-06-27 13:15:00+08:00,30.15,67.6,568.3725814453448,0,3.868
2026-06-27 13:20:00+08:00,30.68,67.7,565.3990408467008,0,3.781
2026-06-27 13:25:00+08:00,30.82,67.9,571.4255002480569,0,4.064
2026-06-27 13:30:00+08:00,30.14,65.6,568.451959649413,0,3.717
2026-06-27 13:35:00+08:00,30.37,70.0,567.4784190507689,0,3.906
2026-06-27 13:40:00+08:00,30.77,68.2,560.504878452125,0,3.957
2026-06-27 13:45:00+08:00,30.61,65.2,554.5313378534811,0,3.837
2026-06-27 13:50:00+08:00,30.91,66.9,557.5577972548372,0,3.84
2026-06-27 13:55:00+08:00,30.21,68.8,556.5842566561931,0,4.166
2026-06-27 14:00:00+08:00,31.06,64.1,556.6107160575492,0,4.089
2026-06-27 14:05:00+08:00,30.1,65.5,558.6371754589052,0,3.691
2026-06-27 14:10:00+08:00,30.22,70.4,557.6636348602613,0,3.93
2026-06-27 14:15:00+08:00,30.55,69.4,558.6900942616173,0,3.71
2026-06-27 14:20:00+08:00,31.1,69.8,562.7165536629734,0,3.912
2026-06-27 14:25:00+08:00,30.7,62.5,564.7430130643295,0,3.809
2026-06-27 14:30:00+08:00,30.8,64.1,553.7694724656855,0,3.852
2026-06-27 14:35:00+08:00,30.51,70.5,555.7959318670415,0,3.877
2026-06-27 14:40:00+08:00,31.17,67.8,553.8223912683975,0,4.016
2026-06-27 14:45:00+08:00,30.48,67.5,558.8488506697536,0,4.186
2026-06-27 14:50:00+08:00,30.77,64.8,559.8753100711097,0,3.937
2026-06-27 14:55:00+08:00,30.5,68.0,555.9017694724657,0,3.997
2026-06-27 15:00:00+08:00,30.17,67.8,551.9282288738217,0,3.972
2026-06-27 15:05:00+08:00,30.9,67.6,545.9546882751778,0,3.845
2026-06-27 15:10:00+08:00,30.42,71.8,538.9811476765339,0,4.054
2026-06-27 15:15:00+08:00,30.14,69.7,536.0076070778898,0,3.714
2026-06-27 15:20:00+08:00,30.97,66.7,535.0340664792459,0,3.887
2026-06-27 15:25:00+08:00,31.42,69.4,539.060525880602,0,4.147
2026-06-27 15:30:00+08:00,31.06,69.4,534.086985281958,0,4.292
2026-06-27 15:35:00+08:00,30.59,70.0,535.113444683314,0,4.14
2026-06-27 15:40:00+08:00,31.3,68.5,531.1399040846701,0,4.069
2026-06-27 15:45:00+08:00,30.68,68.2,541.1663634860262,0,4.024
2026-06-27 15:50:00+08:00,31.47,65.3,534.1928228873821,0,3.875
2026-06-27 15:55:00+08:00,31.23,66.2,538.2192822887382,0,4.008
2026-06-27 16:00:00+08:00,30.53,67.9,539.2457416900943,0,3.799
2026-06-27 16:05:00+08:00,30.82,66.6,534.2722010914504,0,4.102
2026-06-27 16:10:00+08:00,30.98,69.7,542.2986604928063,0,4.122
2026-06-27 16:15:00+08:00,30.22,67.5,545.3251198941624,0,3.853
2026-06-27 16:20:00+08:00,30.31,73.3,552.3515792955184,0,3.777
2026-06-27 16:25:00+08:00,29.91,64.9,548.3780386968745,0,3.876
2026-06-27 16:30:00+08:00,30.08,71.3,551.4044980982305,0,3.752
2026-06-27 16:35:00+08:00,30.17,67.1,549.4309574995866,0,4.221
2026-06-27 16:40:00+08:00,30.04,70.1,550.4574169009426,0,3.696
2026-06-27 16:45:00+08:00,30.59,64.2,548.4838763022987,0,3.839
2026-06-27 16:50:00+08:00,30.15,67.2,552.5103357036547,0,3.8
2026-06-27 16:55:00+08:00,30.63,65.5,554.5367951050107,0,4.101
2026-06-27 17:00:00+08:00,30.22,62.5,558.5632545063668,0,4.003
2026-06-27 17:05:00+08:00,30.55,67.6,544.5897139077229,0,3.729
2026-06-27 17:10:00+08:00,29.75,70.3,557.6161733090789,0,3.461
2026-06-27 17:15:00+08:00,29.93,66.2,561.6426327104349,0,3.817
2026-06-27 17:20:00+08:00,30.24,69.0,567.669092111791,0,3.813
2026-06-27 17:25:00+08:00,30.82,69.5,564.695551513147,0,4.265
2026-06-27 17:30:00+08:00,30.89,65.6,562.722010914503,0,3.601
2026-06-27 17:35:00+08:00,29.91,67.8,563.7484703158591,0,3.719
2026-06-27 17:40:00+08:00,29.59,71.4,562.7749297172152,0,3.737
2026-06-27 17:45:00+08:00,29.67,68.6,561.8013891185713,0,3.624
2026-06-27 17:50:00+08:00,29.76,69.0,553.8278485199272,0,3.525
2026-06-27 17:55:00+08:00,29.43,66.6,561.8543079212833,0,3.407
2026-06-27 18:00:00+08:00,29.43,70.6,561.8807673226393,0,3.503
2026-06-27 18:05:00+08:00,28.65,72.3,563.9072267239953,0,3.523
2026-06-27 18:10:00+08:00,29.6,67.9,566.9336861253514,0,3.128
2026-06-27 18:15:00+08:00,29.52,71.5,558.9601455267075,0,3.459
2026-06-27 18:20:00+08:00,29.42,72.0,566.9866049280636,0,3.642
2026-06-27 18:25:00+08:00,29.67,66.3,570.0130643294195,0,3.461
2026-06-27 18:30:00+08:00,29.69,68.7,571.0395237307756,0,3.573
2026-06-27 18:35:00+08:00,29.1,72.2,583.0659831321316,0,3.294
2026-06-27 18:40:00+08:00,29.4,72.0,580.0924425334877,0,3.791
2026-06-27 18:45:00+08:00,29.02,75.3,586.1189019348437,0,3.52
2026-06-27 18:50:00+08:00,28.69,65.8,586.1453613361998,0,3.663
2026-06-27 18:55:00+08:00,28.58,68.6,590.1718207375558,0,3.212
2026-06-27 19:00:00+08:00,28.6,69.3,593.1982801389119,0,3.11
2026-06-27 19:05:00+08:00,28.81,71.5,588.2247395402679,0,3.501
2026-06-27 19:10:00+08:00,28.54,71.4,579.2511989416239,0,3.223
2026-06-27 19:15:00+08:00,29.22,69.2,570.27765834298,0,3.568
2026-06-27 19:20:00+08:00,28.44,72.6,569.304117744336,0,3.302
2026-06-27 19:25:00+08:00,28.84,73.0,573.3305771456921,0,3.123
2026-06-27 19:30:00+08:00,28.04,69.5,566.3570365470481,0,2.854
2026-06-27 19:35:00+08:00,28.67,74.0,568.3834959484042,0,3.236
2026-06-27 19:40:00+08:00,28.55,72.2,558.4099553497603,0,2.861
2026-06-27 19:45:00+08:00,29.29,68.8,555.4364147511162,0,3.51
2026-06-27 19:50:00+08:00,28.06,72.3,548.4628741524723,0,3.484
2026-06-27 19:55:00+08:00,27.18,77.4,547.4893335538284,0,2.746
2026-06-27 20:00:00+08:00,28.32,69.9,552.5157929551845,0,3.254
2026-06-27 20:05:00+08:00,27.78,69.8,551.5422523565404,0,3.064
2026-06-27 20:10:00+08:00,28.22,75.6,556.5687117578965,0,2.998
2026-06-27 20:15:00+08:00,28.23,70.4,556.5951711592525,0,3.25
2026-06-27 20:20:00+08:00,27.9,76.3,556.6216305606085,0,2.997
2026-06-27 20:25:00+08:00,27.9,71.8,560.6480899619646,0,3.161
2026-06-27 20:30:00+08:00,27.63,75.1,556.6745493633207,0,3.155
2026-06-27 20:35:00+08:00,27.91,77.3,563.7010087646767,0,2.965
2026-06-27 20:40:00+08:00,27.73,73.6,573.7274681660327,0,3.043
2026-06-27 20:45:00+08:00,27.78,71.7,565.7539275673888,0,2.991
2026-06-27 20:50:00+08:00,27.34,76.8,573.7803869687448,0,2.851
2026-06-27 20:55:00+08:00,26.63,73.2,565.8068463701009,0,2.744
2026-06-27 21:00:00+08:00,26.55,73.6,569.8333057714569,0,2.761
2026-06-27 21:05:00+08:00,26.73,75.9,559.859765172813,0,2.524
2026-06-27 21:10:00+08:00,27.59,75.6,558.886224574169,0,3.177
2026-06-27 21:15:00+08:00,26.14,75.4,557.912683975525,0,2.43
2026-06-27 21:20:00+08:00,26.55,75.6,561.9391433768811,0,2.468
2026-06-27 21:25:00+08:00,26.99,73.8,561.9656027782371,0,2.763
2026-06-27 21:30:00+08:00,26.92,77.9,561.9920621795932,0,2.861
2026-06-27 21:35:00+08:00,27.03,76.3,555.0185215809493,0,2.59
2026-06-27 21:40:00+08:00,26.17,74.8,556.0449809823053,0,2.488
2026-06-27 21:45:00+08:00,26.56,79.5,552.0714403836613,0,2.774
2026-06-27 21:50:00+08:00,27.03,69.5,561.0978997850174,0,2.915
2026-06-27 21:55:00+08:00,26.45,74.0,559.1243591863733,0,2.356
2026-06-27 22:00:00+08:00,26.84,79.3,561.1508185877294,0,2.435
2026-06-27 22:05:00+08:00,26.74,77.6,561.1772779890855,0,2.504
2026-06-27 22:10:00+08:00,26.64,74.0,559.2037373904416,0,2.777
2026-06-27 22:15:00+08:00,25.59,75.2,558.2301967917977,0,2.804
2026-06-27 22:20:00+08:00,25.56,79.6,554.2566561931536,0,2.674
2026-06-27 22:25:00+08:00,25.76,74.5,555.2831155945097,0,2.663
2026-06-27 22:30:00+08:00,26.17,77.2,562.3095749958657,0,2.439
2026-06-27 22:35:00+08:00,25.93,75.7,555.3360343972217,0,2.67
2026-06-27 22:40:00+08:00,26.09,82.5,554.3624937985778,0,2.463
2026-06-27 22:45:00+08:00,25.87,75.7,551.3889531999339,0,2.914
2026-06-27 22:50:00+08:00,25.75,-999.0,563.4154126012899,0,2.527
2026-06-27 22:55:00+08:00,26.14,76.1,556.4418720026459,0,2.333
2026-06-27 23:00:00+08:00,25.23,75.7,545.468331404002,0,2.269
2026-06-27 23:05:00+08:00,25.57,78.0,555.494790805358,0,2.31
2026-06-27 23:10:00+08:00,25.61,77.3,553.5212502067141,0,2.341
2026-06-27 23:15:00+08:00,25.44,76.0,549.5477096080701,0,2.212
2026-06-27 23:20:00+08:00,25.61,76.6,553.5741690094262,0,2.177
2026-06-27 23:25:00+08:00,24.47,81.8,558.6006284107822,0,2.405
2026-06-27 23:30:00+08:00,25.45,76.2,559.6270878121383,0,1.937
2026-06-27 23:35:00+08:00,25.71,74.9,567.6535472134943,0,2.305
2026-06-27 23:40:00+08:00,24.92,79.1,570.6800066148503,0,2.273
2026-06-27 23:45:00+08:00,24.45,80.6,571.7064660162064,0,1.672
2026-06-27 23:50:00+08:00,25.81,77.6,575.7329254175625,0,2.024
2026-06-27 23:55:00+08:00,25.05,80.5,574.7593848189185,0,2.239
2026-06-28 00:00:00+08:00,25.2,80.9,571.7858442202745,0,2.538
2026-06-28 00:05:00+08:00,25.04,76.4,577.8123036216306,0,1.985
2026-06-28 00:10:00+08:00,25.53,75.9,568.8387630229865,0,2.411
2026-06-28 00:15:00+08:00,24.56,79.5,570.8652224243426,0,2.426
2026-06-28 00:20:00+08:00,25.53,77.6,560.8916818256987,0,1.905
2026-06-28 00:25:00+08:00,24.91,75.3,558.9181412270548,0,1.907
2026-06-28 00:30:00+08:00,25.41,75.3,560.9446006284107,0,2.137
2026-06-28 00:35:00+08:00,24.04,81.4,559.9710600297668,0,2.223
2026-06-28 00:40:00+08:00,24.29,80.7,560.9975194311229,0,1.791
2026-06-28 00:45:00+08:00,24.73,76.8,555.0239788324789,0,2.165
2026-06-28 00:50:00+08:00,24.18,77.4,558.0504382338349,0,2.051
2026-06-28 00:55:00+08:00,24.24,80.3,554.076897635191,0,1.68
2026-06-28 01:00:00+08:00,23.82,79.3,549.1033570365471,0,1.957
2026-06-28 01:05:00+08:00,23.57,79.0,547.1298164379031,0,1.686
2026-06-28 01:10:00+08:00,23.8,82.7,559.1562758392591,0,1.847
2026-06-28 01:15:00+08:00,24.27,78.5,558.1827352406152,0,1.732
2026-06-28 01:20:00+08:00,24.34,79.8,553.2091946419712,0,1.955
2026-06-28 01:25:00+08:00,24.24,75.1,558.2356540433273,0,1.743
2026-06-28 01:30:00+08:00,24.15,78.6,563.2621134446833,0,1.91
2026-06-28 01:35:00+08:00,23.57,82.3,565.2885728460394,0,1.897
2026-06-28 01:40:00+08:00,24.19,76.3,566.3150322473954,0,1.683
2026-06-28 01:45:00+08:00,24.14,78.3,572.3414916487515,0,2.087
2026-06-28 01:50:00+08:00,24.31,84.3,561.3679510501074,0,2.014
2026-06-28 01:55:00+08:00,23.83,78.2,565.3944104514635,0,1.985
2026-06-28 02:00:00+08:00,24.15,79.5,569.4208698528196,0,1.925
2026-06-28 02:05:00+08:00,23.91,83.9,570.4473292541757,0,1.211
2026-06-28 02:10:00+08:00,23.82,80.8,569.4737886555317,0,1.651
2026-06-28 02:15:00+08:00,23.64,82.4,584.5002480568877,0,2.01
2026-06-28 02:20:00+08:00,24.17,81.8,582.5267074582438,0,2.293
2026-06-28 02:25:00+08:00,25.03,80.2,586.5531668595997,0,2.025
2026-06-28 02:30:00+08:00,24.19,82.2,576.5796262609558,0,2.185
2026-06-28 02:35:00+08:00,24.43,81.4,574.6060856623119,0,1.839
2026-06-28 02:40:00+08:00,23.51,82.5,579.632545063668,0,1.666
2026-06-28 02:45:00+08:00,24.38,84.2,584.6590044650239,0,1.523
2026-06-28 02:50:00+08:00,23.66,82.5,581.68546386638,0,1.715
2026-06-28 02:55:00+08:00,24.35,82.6,577.7119232677361,0,2.496
2026-06-28 03:00:00+08:00,23.21,79.9,581.7383826690921,0,1.612
2026-06-28 03:05:00+08:00,24.04,78.0,583.7648420704481,0,2.02
2026-06-28 03:10:00+08:00,24.09,75.4,587.7913014718042,0,1.607
2026-06-28 03:15:00+08:00,24.16,81.7,596.8177608731603,0,1.657
2026-06-28 03:20:00+08:00,23.29,79.4,585.8442202745163,0,1.448
2026-06-28 03:25:00+08:00,23.57,77.9,576.8706796758723,0,1.821
2026-06-28 03:30:00+08:00,23.79,77.5,574.8971390772284,0,1.762
2026-06-28 03:35:00+08:00,23.78,77.8,568.9235984785844,0,2.024
2026-06-28 03:40:00+08:00,23.68,80.2,562.9500578799405,0,1.852
2026-06-28 03:45:00+08:00,23.41,81.4,565.9765172812965,0,1.935
2026-06-28 03:50:00+08:00,23.91,77.0,568.0029766826526,0,1.61
2026-06-28 03:55:00+08:00,24.49,74.6,563.0294360840086,0,2.037
2026-06-28 04:00:00+08:00,24.04,78.4,567.0558954853647,0,2.072
2026-06-28 04:05:00+08:00,23.78,78.8,568.0823548867206,0,1.808
2026-06-28 04:10:00+08:00,23.81,79.1,561.1088142880767,0,1.883
2026-06-28 04:15:00+08:00,23.78,78.3,555.1352736894328,0,1.458
2026-06-28 04:20:00+08:00,23.51,82.6,562.1617330907889,0,2.013
2026-06-28 04:25:00+08:00,24.25,83.1,567.1881924921449,0,1.753
2026-06-28 04:30:00+08:00,24.23,80.7,566.2146518935009,0,1.559
2026-06-28 04:35:00+08:00,24.03,77.5,570.241111294857,0,2.201
2026-06-28 04:40:00+08:00,24.22,85.0,575.2675706962129,0,2.181
2026-06-28 04:45:00+08:00,23.77,79.1,574.294030097569,0,1.734
2026-06-28 04:50:00+08:00,24.08,76.9,573.3204894989251,0,1.853
2026-06-28 04:55:00+08:00,24.25,79.5,568.3469489002812,0,1.975
2026-06-28 05:00:00+08:00,23.85,81.2,569.3734083016371,0,1.953
2026-06-28 05:05:00+08:00,24.41,77.7,573.3998677029932,0,2.161
2026-06-28 05:10:00+08:00,23.64,81.8,579.4263271043493,0,1.757
2026-06-28 05:15:00+08:00,24.53,79.5,576.4527865057053,0,1.831
2026-06-28 05:20:00+08:00,24.37,76.3,570.4792459070613,0,1.855
2026-06-28 05:25:00+08:00,23.94,82.0,573.5057053084174,0,1.989
2026-06-28 05:30:00+08:00,24.28,77.2,575.5321647097735,0,2.135
2026-06-28 05:35:00+08:00,24.31,78.2,581.5586241111295,0,1.92
2026-06-28 05:40:00+08:00,24.85,75.1,582.5850835124855,0,2.028
2026-06-28 05:45:00+08:00,24.12,78.1,577.6115429138415,0,2.03
2026-06-28 05:50:00+08:00,24.72,80.5,580.6380023151976,0,2.091
2026-06-28 05:55:00+08:00,24.83,80.4,580.6644617165537,0,2.218
2026-06-28 06:00:00+08:00,24.88,77.6,574.6909211179097,0,2.067
2026-06-28 06:05:00+08:00,24.5,79.1,572.7173805192658,0,2.161
2026-06-28 06:10:00+08:00,25.33,74.2,573.7438399206218,0,2.624
2026-06-28 06:15:00+08:00,24.92,78.4,570.7702993219779,0,2.071
2026-06-28 06:20:00+08:00,25.43,78.1,573.7967587233338,0,2.06
2026-06-28 06:25:00+08:00,25.48,73.7,578.8232181246899,0,2.009
2026-06-28 06:30:00+08:00,26.01,72.4,584.849677526046,0,2.52
2026-06-28 06:35:00+08:00,25.71,71.2,581.8761369274021,0,2.541
2026-06-28 06:40:00+08:00,24.94,77.4,575.902596328758,0,2.276
2026-06-28 06:45:00+08:00,25.36,78.6,578.9290557301141,0,2.364
2026-06-28 06:50:00+08:00,25.83,75.3,576.9555151314702,0,2.458
2026-06-28 06:55:00+08:00,25.78,78.3,578.9819745328261,0,2.177
2026-06-28 07:00:00+08:00,25.32,79.8,576.0084339341822,0,2.266
2026-06-28 07:05:00+08:00,25.78,72.6,581.0348933355383,0,2.349
2026-06-28 07:10:00+08:00,25.91,74.4,578.0613527368944,0,2.479
2026-06-28 07:15:00+08:00,26.33,70.5,583.0878121382503,0,2.429
2026-06-28 07:20:00+08:00,25.16,77.9,589.1142715396064,0,1.932
2026-06-28 07:25:00+08:00,25.87,73.5,588.1407309409625,0,2.5
2026-06-28 07:30:00+08:00,26.5,72.4,592.1671903423185,0,2.758
2026-06-28 07:35:00+08:00,26.23,-999.0,590.1936497436745,0,2.557
2026-06-28 07:40:00+08:00,26.88,73.1,591.2201091450306,0,2.323
2026-06-28 07:45:00+08:00,26.64,73.6,579.2465685463867,0,2.784
2026-06-28 07:50:00+08:00,26.42,77.0,585.2730279477427,0,2.614
2026-06-28 07:55:00+08:00,26.32,72.8,581.2994873490987,0,2.742
2026-06-28 08:00:00+08:00,26.25,76.9,571.3259467504547,0,2.91
2026-06-28 08:05:00+08:00,26.55,74.1,572.3524061518108,0,2.696
2026-06-28 08:10:00+08:00,26.3,74.7,578.3788655531669,0,2.953
2026-06-28 08:15:00+08:00,26.71,68.4,574.4053249545229,0,2.963
2026-06-28 08:20:00+08:00,27.35,75.8,579.431784355879,0,2.64
2026-06-28 08:25:00+08:00,27.1,74.8,583.458243757235,0,2.892
2026-06-28 08:30:00+08:00,27.38,73.9,583.4847031585911,0,3.162
2026-06-28 08:35:00+08:00,26.63,72.0,584.511162559947,0,2.593
2026-06-28 08:40:00+08:00,26.81,76.4,589.5376219613031,0,2.638
2026-06-28 08:45:00+08:00,27.52,75.7,586.5640813626592,0,2.837
2026-06-28 08:50:00+08:00,26.97,77.2,585.5905407640153,0,2.718
2026-06-28 08:55:00+08:00,27.49,72.0,593.6170001653712,0,3.247
2026-06-28 09:00:00+08:00,27.97,69.7,589.6434595667273,0,2.788
2026-06-28 09:05:00+08:00,28.35,75.0,591.6699189680834,0,3.389
2026-06-28 09:10:00+08:00,27.14,73.1,593.6963783694393,0,2.615
2026-06-28 09:15:00+08:00,27.82,71.5,594.7228377707954,0,3.13
2026-06-28 09:20:00+08:00,28.0,69.9,598.7492971721515,0,2.834
2026-06-28 09:25:00+08:00,27.82,72.0,589.7757565735076,0,3.084
2026-06-28 09:30:00+08:00,27.52,73.0,583.8022159748635,0,3.192
2026-06-28 09:35:00+08:00,27.34,73.8,581.8286753762196,0,2.892
2026-06-28 09:40:00+08:00,27.68,69.5,590.8551347775757,0,2.765
2026-06-28 09:45:00+08:00,27.56,71.7,585.8815941789317,0,3.026
2026-06-28 09:50:00+08:00,27.92,72.8,579.9080535802877,0,3.142
2026-06-28 09:55:00+08:00,28.31,72.3,582.9345129816438,0,3.238
2026-06-28 10:00:00+08:00,27.84,75.7,575.9609723829999,0,2.901
2026-06-28 10:05:00+08:00,27.83,75.8,580.9874317843559,0,2.661
2026-06-28 10:10:00+08:00,28.45,68.0,577.0138911857119,0,3.004
2026-06-28 10:15:00+08:00,28.96,67.3,579.0403505870679,0,3.599
2026-06-28 10:20:00+08:00,28.74,69.3,580.066809988424,0,3.27
2026-06-28 10:25:00+08:00,28.5,71.1,576.0932693897801,0,3.74
2026-06-28 10:30:00+08:00,28.35,68.7,578.1197287911361,0,3.318
2026-06-28 10:35:00+08:00,28.4,70.8,575.1461881924921,0,3.488
2026-06-28 10:40:00+08:00,28.66,72.0,583.1726475938482,0,3.417
2026-06-28 10:45:00+08:00,28.4,68.1,588.1991069952043,0,3.204
2026-06-28 10:50:00+08:00,28.74,71.6,594.2255663965602,0,3.327
2026-06-28 10:55:00+08:00,29.24,68.3,591.2520257979163,0,3.447
2026-06-28 11:00:00+08:00,28.95,69.5,587.2784851992724,0,3.438
2026-06-28 11:05:00+08:00,29.83,68.7,590.3049446006285,0,3.883
2026-06-28 11:10:00+08:00,29.45,66.9,591.3314040019844,0,3.64
2026-06-28 11:15:00+08:00,29.28,70.7,583.3578634033405,0,3.54
2026-06-28 11:20:00+08:00,29.09,70.9,576.3843228046966,0,3.484
2026-06-28 11:25:00+08:00,29.9,68.1,568.4107822060525,0,3.824
2026-06-28 11:30:00+08:00,29.23,73.8,571.4372416074086,0,3.733
2026-06-28 11:35:00+08:00,29.29,70.6,571.4637010087647,0,3.567
2026-06-28 11:40:00+08:00,29.11,66.4,576.4901604101208,0,3.658
2026-06-28 11:45:00+08:00,29.67,72.6,577.5166198114767,0,3.847
2026-06-28 11:50:00+08:00,29.9,69.6,575.5430792128328,0,3.416
2026-06-28 11:55:00+08:00,29.35,68.7,580.5695386141888,0,3.704
2026-06-28 12:00:00+08:00,29.79,64.7,574.5959980155449,0,3.688
2026-06-28 12:05:00+08:00,29.34,70.3,578.6224574169009,0,3.391
2026-06-28 12:10:00+08:00,29.3,69.1,577.648916818257,0,3.754
2026-06-28 12:15:00+08:00,30.11,67.5,574.6753762196131,0,3.689
2026-06-28 12:20:00+08:00,29.51,65.5,574.7018356209691,0,3.722
2026-06-28 12:25:00+08:00,29.44,68.3,570.7282950223251,0,3.594
2026-06-28 12:30:00+08:00,30.19,68.0,566.7547544236811,0,3.749
2026-06-28 12:35:00+08:00,29.48,67.3,570.7812138250372,0,3.78
2026-06-28 12:40:00+08:00,30.41,70.0,570.8076732263933,0,3.448
2026-06-28 12:45:00+08:00,30.07,71.1,569.8341326277493,0,3.845
2026-06-28 12:50:00+08:00,29.34,68.0,574.8605920291053,0,3.108
2026-06-28 12:55:00+08:00,30.49,66.6,577.8870514304614,0,3.983
2026-06-28 13:00:00+08:00,30.2,67.6,569.9135108318175,0,3.508
2026-06-28 13:05:00+08:00,29.97,66.2,564.9399702331734,0,3.737
2026-06-28 13:10:00+08:00,30.35,70.3,571.9664296345295,0,3.871
2026-06-28 13:15:00+08:00,30.51,-999.0,586.9928890358856,0,3.868
2026-06-28 13:20:00+08:00,30.02,69.8,581.0193484372417,0,3.67
2026-06-28 13:25:00+08:00,30.47,72.4,576.0458078385976,0,3.952
2026-06-28 13:30:00+08:00,30.13,68.7,576.0722672399537,0,3.832
2026-06-28 13:35:00+08:00,30.65,65.9,578.0987266413098,0,4.115
2026-06-28 13:40:00+08:00,31.03,64.3,576.1251860426657,0,3.954
2026-06-28 13:45:00+08:00,30.14,70.5,578.1516454440218,0,4.214
2026-06-28 13:50:00+08:00,31.17,64.5,578.1781048453779,0,4.14
2026-06-28 13:55:00+08:00,30.68,65.7,572.204564246734,0,4.095
2026-06-28 14:00:00+08:00,30.29,68.4,571.23102364809,0,4.191
2026-06-28 14:05:00+08:00,30.26,68.5,571.257483049446,0,3.76
2026-06-28 14:10:00+08:00,30.03,69.1,570.283942450802,0,3.767
2026-06-28 14:15:00+08:00,31.09,69.6,577.3104018521581,0,4.023
2026-06-28 14:20:00+08:00,30.76,65.5,578.3368612535141,0,4.021
2026-06-28 14:25:00+08:00,30.51,66.9,577.3633206548702,0,3.759
2026-06-28 14:30:00+08:00,31.07,70.0,582.3897800562262,0,4.301
2026-06-28 14:35:00+08:00,30.47,67.6,578.4162394575823,0,3.616
2026-06-28 14:40:00+08:00,30.96,70.0,584.4426988589383,0,4.219
2026-06-28 14:45:00+08:00,30.78,68.0,578.4691582602943,0,3.663
2026-06-28 14:50:00+08:00,30.6,65.3,578.4956176616504,0,3.88
2026-06-28 14:55:00+08:00,31.3,70.8,572.5220770630065,0,4.319
2026-06-28 15:00:00+08:00,30.15,71.3,577.5485364643625,0,4.067
2026-06-28 15:05:00+08:00,30.28,67.2,588.5749958657185,0,3.648
2026-06-28 15:10:00+08:00,30.77,63.0,587.6014552670746,0,4.082
2026-06-28 15:15:00+08:00,30.14,68.0,590.6279146684307,0,3.979
2026-06-28 15:20:00+08:00,30.34,69.3,586.6543740697866,0,3.917
2026-06-28 15:25:00+08:00,30.84,63.6,594.6808334711427,0,4.418
2026-06-28 15:30:00+08:00,30.41,68.2,589.7072928724988,0,3.874
2026-06-28 15:35:00+08:00,30.23,69.6,587.7337522738549,0,3.823
2026-06-28 15:40:00+08:00,30.52,69.4,585.7602116752108,0,3.845
2026-06-28 15:45:00+08:00,30.26,65.7,589.7866710765669,0,3.873
2026-06-28 15:50:00+08:00,29.59,70.6,583.8131304779229,0,4.007
2026-06-28 15:55:00+08:00,30.34,70.8,582.839589879279,0,3.593
2026-06-28 16:00:00+08:00,31.05,64.9,587.866049280635,0,4.12
2026-06-28 16:05:00+08:00,30.2,65.9,594.8925086819911,0,3.732
2026-06-28 16:10:00+08:00,30.56,71.6,597.9189680833472,0,4.256
2026-06-28 16:15:00+08:00,30.54,64.0,601.9454274847031,0,4.245
2026-06-28 16:20:00+08:00,30.44,67.2,597.9718868860592,0,3.677
2026-06-28 16:25:00+08:00,30.7,65.5,590.9983462874152,0,4.199
2026-06-28 16:30:00+08:00,29.46,73.4,591.0248056887713,0,3.701
2026-06-28 16:35:00+08:00,30.96,73.5,594.0512650901273,0,3.846
2026-06-28 16:40:00+08:00,30.5,67.3,590.0777244914834,0,4.041
2026-06-28 16:45:00+08:00,30.14,72.6,587.1041838928394,0,3.678
2026-06-28 16:50:00+08:00,29.89,71.5,581.1306432941955,0,3.696
2026-06-28 16:55:00+08:00,30.82,63.5,574.1571026955515,0,4.019
2026-06-28 17:00:00+08:00,29.9,69.6,571.1835620969075,0,3.789
2026-06-28 17:05:00+08:00,30.08,72.3,577.2100214982636,0,3.893
2026-06-28 17:10:00+08:00,30.22,-999.0,575.2364808996197,0,3.958
2026-06-28 17:15:00+08:00,29.8,70.1,571.2629403009757,0,3.66
2026-06-28 17:20:00+08:00,29.93,71.9,568.2893997023317,0,3.899
2026-06-28 17:25:00+08:00,29.41,72.5,570.3158591036878,0,3.898
2026-06-28 17:30:00+08:00,29.73,70.8,569.3423185050439,0,4.006
2026-06-28 17:35:00+08:00,30.5,69.0,567.3687779063998,0,4.118
2026-06-28 17:40:00+08:00,29.87,71.2,574.3952373077559,0,3.833
2026-06-28 17:45:00+08:00,29.84,69.2,570.421696709112,0,3.748
2026-06-28 17:50:00+08:00,30.28,70.8,566.4481561104681,0,3.632
2026-06-28 17:55:00+08:00,29.46,69.0,572.474615511824,0,3.716
2026-06-28 18:00:00+08:00,29.84,66.4,576.5010749131801,0,4.019
2026-06-28 18:05:00+08:00,28.85,72.2,579.5275343145361,0,3.569
2026-06-28 18:10:00+08:00,29.56,70.5,573.5539937158921,0,3.568
2026-06-28 18:15:00+08:00,29.09,72.4,575.5804531172482,0,3.597
2026-06-28 18:20:00+08:00,29.0,70.4,580.6069125186043,0,3.283
2026-06-28 18:25:00+08:00,29.72,74.0,582.6333719199603,0,3.538
2026-06-28 18:30:00+08:00,30.08,66.4,581.6598313213163,0,3.662
2026-06-28 18:35:00+08:00,29.24,73.6,581.6862907226724,0,3.748
2026-06-28 18:40:00+08:00,29.24,75.2,578.7127501240284,0,3.219
2026-06-28 18:45:00+08:00,28.63,71.5,578.7392095253845,0,3.354
2026-06-28 18:50:00+08:00,29.14,72.7,581.7656689267405,0,3.392
2026-06-28 18:55:00+08:00,28.79,69.3,578.7921283280966,0,3.544
2026-06-28 19:00:00+08:00,29.95,69.7,575.8185877294526,0,3.873
2026-06-28 19:05:00+08:00,29.17,70.1,573.8450471308087,0,3.432
2026-06-28 19:10:00+08:00,29.3,68.4,581.8715065321647,0,3.172
2026-06-28 19:15:00+08:00,29.11,65.8,580.8979659335207,0,3.663
2026-06-28 19:20:00+08:00,29.26,66.8,582.9244253348768,0,3.209
2026-06-28 19:25:00+08:00,28.0,72.5,578.9508847362329,0,3.475
2026-06-28 19:30:00+08:00,28.28,73.0,573.977344137589,0,3.089
2026-06-28 19:35:00+08:00,27.86,70.5,572.0038035389449,0,3.302
2026-06-28 19:40:00+08:00,28.63,70.1,567.030262940301,0,3.495
2026-06-28 19:45:00+08:00,28.49,71.2,567.056722341657,0,3.232
2026-06-28 19:50:00+08:00,28.12,71.5,570.083181743013,0,3.189
2026-06-28 19:55:00+08:00,28.86,72.0,564.1096411443691,0,3.353
2026-06-28 20:00:00+08:00,28.73,71.4,570.1361005457252,0,3.372
2026-06-28 20:05:00+08:00,27.71,72.9,572.1625599470813,0,3.201
2026-06-28 20:10:00+08:00,27.79,75.8,573.1890193484372,0,3.21
2026-06-28 20:15:00+08:00,28.54,72.2,558.2154787497933,0,3.087
2026-06-28 20:20:00+08:00,27.7,69.4,562.2419381511493,0,3.146
2026-06-28 20:25:00+08:00,27.51,75.1,560.2683975525053,0,3.055
2026-06-28 20:30:00+08:00,27.79,74.9,569.2948569538614,0,3.009
2026-06-28 20:35:00+08:00,27.59,74.8,565.3213163552175,0,3.09
2026-06-28 20:40:00+08:00,27.29,74.3,577.3477757565735,0,2.982
2026-06-28 20:45:00+08:00,26.9,74.9,571.3742351579295,0,2.83
2026-06-28 20:50:00+08:00,27.44,74.3,566.4006945592856,0,2.905
2026-06-28 20:55:00+08:00,27.64,74.7,568.4271539606416,0,2.916
2026-06-28 21:00:00+08:00,27.76,73.7,566.4536133619977,0,3.251
2026-06-28 21:05:00+08:00,27.25,73.1,573.4800727633537,0,2.585
2026-06-28 21:10:00+08:00,27.74,76.0,565.5065321647098,0,2.8
2026-06-28 21:15:00+08:00,27.1,78.9,565.5329915660658,0,2.516
2026-06-28 21:20:00+08:00,26.81,77.7,565.5594509674219,0,2.691
2026-06-28 21:25:00+08:00,26.63,77.2,564.585910368778,0,2.782
2026-06-28 21:30:00+08:00,26.84,76.5,557.6123697701339,0,2.69
2026-06-28 21:35:00+08:00,27.15,78.3,562.63882917149,0,2.85
2026-06-28 21:40:00+08:00,27.3,77.1,561.6652885728461,0,2.778
2026-06-28 21:45:00+08:00,26.26,72.6,566.6917479742021,0,2.721
2026-06-28 21:50:00+08:00,27.74,74.1,564.7182073755581,0,2.843
2026-06-28 21:55:00+08:00,26.41,70.2,570.7446667769142,0,2.842
2026-06-28 22:00:00+08:00,26.8,73.9,567.7711261782702,0,2.775
2026-06-28 22:05:00+08:00,26.56,76.1,564.7975855796262,0,2.308
2026-06-28 22:10:00+08:00,26.06,77.8,570.8240449809823,0,2.118
2026-06-28 22:15:00+08:00,26.4,74.4,575.8505043823384,0,2.466
2026-06-28 22:20:00+08:00,26.4,76.9,566.8769637836945,0,2.543
2026-06-28 22:25:00+08:00,26.43,74.9,567.9034231850504,0,2.523
2026-06-28 22:30:00+08:00,26.29,73.3,566.9298825864065,0,2.446
2026-06-28 22:35:00+08:00,26.39,74.0,565.9563419877625,0,2.526
2026-06-28 22:40:00+08:00,26.02,76.7,570.9828013891185,0,2.638
2026-06-28 22:45:00+08:00,25.3,75.0,571.0092607904746,0,2.433
2026-06-28 22:50:00+08:00,25.52,78.1,571.0357201918307,0,2.355
2026-06-28 22:55:00+08:00,26.11,75.0,575.0621795931867,0,2.718
2026-06-28 23:00:00+08:00,25.87,79.4,579.0886389945427,0,2.568
2026-06-28 23:05:00+08:00,25.56,76.8,585.1150983958988,0,2.464
2026-06-28 23:10:00+08:00,25.06,77.1,586.1415577972548,0,2.373
2026-06-28 23:15:00+08:00,24.92,80.3,575.1680171986109,0,2.073
2026-06-28 23:20:00+08:00,24.89,79.2,582.194476599967,0,2.054
2026-06-28 23:25:00+08:00,24.92,78.7,584.220936001323,0,1.958
2026-06-28 23:30:00+08:00,25.0,80.2,582.247395402679,0,2.184
2026-06-28 23:35:00+08:00,24.85,80.7,577.2738548040351,0,2.527
2026-06-28 23:40:00+08:00,24.75,75.8,577.300314205391,0,2.38
2026-06-28 23:45:00+08:00,24.77,72.5,576.3267736067471,0,1.778
2026-06-28 23:50:00+08:00,24.43,78.6,573.3532330081032,0,1.891
2026-06-28 23:55:00+08:00,24.48,79.0,570.3796924094593,0,1.791
2026-06-29 00:00:00+08:00,24.57,77.6,574.4061518108153,0,2.233
2026-06-29 00:05:00+08:00,24.75,80.8,573.4326112121713,0,2.102
2026-06-29 00:05:00+08:00,24.75,80.8,573.4326112121713,0,2.102
2026-06-29 00:10:00+08:00,25.21,77.6,579.4590706135274,0,1.936
2026-06-29 00:15:00+08:00,24.69,75.7,582.4855300148834,0,1.95
2026-06-29 00:20:00+08:00,24.22,81.6,578.5119894162394,0,1.922
2026-06-29 00:25:00+08:00,24.54,81.3,574.5384488175955,0,2.027
2026-06-29 00:30:00+08:00,24.35,81.6,572.5649082189516,0,2.068
2026-06-29 00:35:00+08:00,24.17,76.2,575.5913676203076,0,2.034
2026-06-29 00:40:00+08:00,24.72,76.2,570.6178270216636,0,1.899
2026-06-29 00:45:00+08:00,24.37,80.1,574.6442864230197,0,1.762
2026-06-29 00:50:00+08:00,25.19,74.2,567.6707458243757,0,2.816
2026-06-29 00:55:00+08:00,24.27,74.7,566.6972052257318,0,1.941
2026-06-29 01:00:00+08:00,23.86,78.9,565.7236646270878,0,2.118
2026-06-29 01:05:00+08:00,24.05,80.3,569.7501240284439,0,2.135
2026-06-29 01:10:00+08:00,24.92,78.5,558.7765834297999,0,2.086
2026-06-29 01:15:00+08:00,24.6,78.0,548.803042831156,0,2.037
2026-06-29 01:20:00+08:00,23.98,78.4,549.829502232512,0,1.875
2026-06-29 01:25:00+08:00,23.9,77.3,557.855961633868,0,1.489
2026-06-29 01:30:00+08:00,24.59,79.7,558.8824210352241,0,2.008
2026-06-29 01:35:00+08:00,23.71,83.2,563.9088804365801,0,1.439
2026-06-29 01:40:00+08:00,23.88,80.7,568.9353398379362,0,2.0
2026-06-29 01:45:00+08:00,24.36,82.1,566.9617992392922,0,2.049
2026-06-29 01:50:00+08:00,23.45,80.4,567.9882586406483,0,1.767
2026-06-29 01:55:00+08:00,23.74,77.9,571.0147180420042,0,2.009
2026-06-29 02:00:00+08:00,24.19,80.3,568.0411774433603,0,1.681
2026-06-29 02:05:00+08:00,24.09,76.3,575.0676368447164,0,1.878
2026-06-29 02:10:00+08:00,24.49,82.7,575.0940962460725,0,1.854
2026-06-29 02:15:00+08:00,23.21,80.2,578.1205556474285,0,1.465
2026-06-29 02:20:00+08:00,23.71,81.6,577.1470150487845,0,1.989
2026-06-29 02:25:00+08:00,23.54,79.5,573.1734744501406,0,1.851
2026-06-29 02:30:00+08:00,24.06,77.7,573.1999338514966,0,1.616
2026-06-29 02:35:00+08:00,24.32,76.9,574.2263932528526,0,1.778
2026-06-29 02:40:00+08:00,24.19,82.1,567.2528526542087,0,1.933
2026-06-29 02:45:00+08:00,23.41,74.6,566.2793120555648,0,1.505
2026-06-29 02:50:00+08:00,23.35,83.7,569.3057714569208,0,1.722
2026-06-29 02:55:00+08:00,23.79,80.7,564.3322308582768,0,1.839
2026-06-29 03:00:00+08:00,24.32,80.3,558.3586902596329,0,1.69
2026-06-29 03:05:00+08:00,24.3,81.5,553.3851496609889,0,1.892
2026-06-29 03:10:00+08:00,24.02,80.6,556.411609062345,0,2.041
2026-06-29 03:15:00+08:00,23.33,83.3,564.438068463701,0,1.705
2026-06-29 03:20:00+08:00,23.39,-999.0,562.4645278650571,0,1.766
2026-06-29 03:25:00+08:00,24.63,77.9,566.4909872664131,0,1.711
2026-06-29 03:30:00+08:00,24.37,78.2,563.5174466677691,0,1.894
2026-06-29 03:35:00+08:00,23.98,81.2,565.5439060691252,0,2.069
2026-06-29 03:40:00+08:00,23.49,79.2,558.5703654704812,0,1.572
2026-06-29 03:45:00+08:00,24.59,82.1,559.5968248718373,0,2.007
2026-06-29 03:50:00+08:00,23.68,81.2,557.6232842731933,0,1.652
2026-06-29 03:55:00+08:00,24.24,78.1,572.6497436745494,0,1.866
2026-06-29 03:55:00+08:00,24.24,78.1,572.6497436745494,0,1.866
2026-06-29 04:00:00+08:00,23.18,86.0,570.6762030759054,0,1.563
2026-06-29 04:05:00+08:00,23.96,83.1,583.7026624772615,0,1.817
2026-06-29 04:10:00+08:00,23.26,79.7,584.7291218786174,0,1.521
2026-06-29 04:15:00+08:00,24.01,79.4,579.7555812799735,0,2.083
2026-06-29 04:20:00+08:00,24.83,80.3,581.7820406813296,0,2.287
2026-06-29 04:25:00+08:00,23.92,82.1,580.8085000826857,0,2.232
2026-06-29 04:30:00+08:00,24.78,83.5,588.8349594840416,0,2.406
2026-06-29 04:35:00+08:00,24.4,81.7,587.8614188853977,0,1.96
2026-06-29 04:40:00+08:00,23.84,77.5,584.8878782867538,0,1.907
2026-06-29 04:45:00+08:00,23.83,78.6,584.9143376881098,0,1.999
2026-06-29 04:50:00+08:00,24.16,78.0,589.9407970894658,0,1.842
2026-06-29 04:55:00+08:00,24.55,77.3,588.9672564908219,0,2.2
2026-06-29 05:00:00+08:00,24.77,74.8,579.993715892178,0,2.034
2026-06-29 05:05:00+08:00,25.06,78.8,580.020175293534,0,2.195
2026-06-29 05:10:00+08:00,25.06,76.9,584.04663469489,0,1.978
2026-06-29 05:15:00+08:00,24.6,77.5,581.0730940962461,0,1.718
2026-06-29 05:20:00+08:00,24.87,81.2,582.0995534976021,0,1.763
2026-06-29 05:25:00+08:00,24.27,74.4,573.1260128989582,0,2.107
2026-06-29 05:30:00+08:00,24.17,76.9,578.1524723003142,0,1.694
2026-06-29 05:35:00+08:00,24.83,80.2,585.1789317016703,0,2.14
2026-06-29 05:40:00+08:00,25.06,77.5,585.2053911030263,0,2.29
2026-06-29 05:45:00+08:00,24.69,79.2,583.2318505043824,0,1.964
2026-06-29 05:50:00+08:00,24.49,78.9,591.2583099057383,0,2.016
2026-06-29 05:55:00+08:00,25.41,79.0,578.2847693070944,0,2.214
2026-06-29 06:00:00+08:00,24.68,78.4,578.3112287084505,0,2.274
2026-06-29 06:05:00+08:00,24.72,76.3,568.3376881098065,0,2.131
2026-06-29 06:10:00+08:00,25.33,73.4,559.3641475111626,0,2.181
2026-06-29 06:15:00+08:00,25.46,77.3,565.3906069125186,0,2.271
2026-06-29 06:20:00+08:00,24.21,79.9,573.4170663138747,0,2.148
2026-06-29 06:25:00+08:00,25.37,80.3,575.4435257152306,0,2.255
2026-06-29 06:30:00+08:00,25.07,77.1,572.4699851165867,0,2.064
2026-06-29 06:35:00+08:00,25.22,76.0,578.4964445179428,0,2.293
2026-06-29 06:40:00+08:00,25.21,78.8,580.5229039192989,0,2.19
2026-06-29 06:45:00+08:00,25.32,75.8,576.5493633206548,0,2.429
2026-06-29 06:50:00+08:00,24.7,80.0,581.5758227220109,0,2.157
2026-06-29 06:55:00+08:00,25.54,82.1,580.602282123367,0,2.375
2026-06-29 07:00:00+08:00,26.31,78.4,570.628741524723,0,2.949
2026-06-29 07:05:00+08:00,25.36,81.9,568.655200926079,0,2.211
2026-06-29 07:10:00+08:00,25.52,76.8,566.6816603274351,0,2.177
2026-06-29 07:15:00+08:00,25.96,78.7,565.7081197287912,0,2.196
2026-06-29 07:20:00+08:00,26.47,77.0,560.7345791301472,0,2.562
2026-06-29 07:25:00+08:00,26.16,77.1,553.7610385315032,0,2.844
2026-06-29 07:30:00+08:00,26.15,76.8,558.7874979328593,0,2.726
2026-06-29 07:35:00+08:00,26.3,77.0,562.8139573342153,0,2.679
2026-06-29 07:40:00+08:00,26.1,78.4,565.8404167355714,0,2.512
2026-06-29 07:45:00+08:00,26.26,76.2,566.8668761369274,0,3.132
2026-06-29 07:50:00+08:00,26.54,70.8,562.8933355382835,0,2.552
2026-06-29 07:55:00+08:00,26.45,72.9,568.9197949396395,0,2.817
2026-06-29 08:00:00+08:00,23.18,79.3,637.9462543409956,31,7.887
2026-06-29 08:05:00+08:00,22.71,81.3,695.9727137423515,27,7.178
2026-06-29 08:10:00+08:00,22.54,80.2,741.9991731437076,26,7.116
2026-06-29 08:15:00+08:00,23.33,83.4,787.0256325450637,26,7.501
2026-06-29 08:20:00+08:00,23.02,86.5,836.0520919464198,34,7.342
2026-06-29 08:25:00+08:00,23.56,78.8,886.0785513477757,34,7.317
2026-06-29 08:30:00+08:00,22.85,84.5,933.1050107491318,36,7.46
2026-06-29 08:35:00+08:00,22.99,79.6,948.1314701504879,23,7.045
2026-06-29 08:40:00+08:00,22.64,81.3,950.1579295518438,23,7.105
2026-06-29 08:45:00+08:00,23.41,79.9,989.1843889531999,37,7.605
2026-06-29 08:50:00+08:00,22.7,84.5,989.210848354556,23,7.196
2026-06-29 08:55:00+08:00,23.69,80.8,1011.2373077559121,30,7.738
2026-06-29 09:00:00+08:00,23.56,78.5,1024.2637671572681,27,7.586
2026-06-29 09:05:00+08:00,22.94,79.6,1049.290226558624,32,7.399
2026-06-29 09:10:00+08:00,24.43,83.7,1041.31668595998,21,7.777
2026-06-29 09:15:00+08:00,23.31,80.7,1076.3431453613362,38,7.661
2026-06-29 09:20:00+08:00,23.73,82.8,1077.3696047626922,24,7.662
2026-06-29 09:25:00+08:00,24.03,-999.0,1073.3960641640483,24,7.541
2026-06-29 09:30:00+08:00,23.68,82.2,1097.4225235654044,36,7.987
2026-06-29 09:35:00+08:00,24.48,82.1,1096.4489829667605,25,7.803
2026-06-29 09:40:00+08:00,24.12,80.6,1111.4754423681165,28,7.95
2026-06-29 09:45:00+08:00,24.59,80.5,1122.5019017694724,33,7.991
2026-06-29 09:50:00+08:00,24.51,75.2,1129.5283611708285,27,7.668
2026-06-29 09:55:00+08:00,24.22,79.3,1159.5548205721846,37,8.235
2026-06-29 10:00:00+08:00,25.11,74.5,1148.5812799735406,22,7.861
2026-06-29 10:05:00+08:00,24.75,78.6,1168.6077393748967,36,8.219
2026-06-29 10:10:00+08:00,24.29,82.6,1152.6341987762526,17,7.248
2026-06-29 10:15:00+08:00,24.23,77.4,1156.6606581776086,29,7.761
2026-06-29 10:20:00+08:00,24.71,78.2,1143.6871175789647,23,7.729
2026-06-29 10:25:00+08:00,23.96,81.5,1160.7135769803208,33,7.754
2026-06-29 10:30:00+08:00,24.3,77.8,1157.7400363816769,26,7.947
2026-06-29 10:35:00+08:00,25.48,76.4,1158.766495783033,30,8.011
2026-06-29 10:40:00+08:00,25.14,77.3,1164.792955184389,32,8.151
2026-06-29 10:45:00+08:00,24.47,80.9,1160.819414585745,25,7.416
2026-06-29 10:50:00+08:00,24.66,71.7,1159.845873987101,28,7.69
2026-06-29 10:55:00+08:00,25.21,78.3,1131.872333388457,17,7.983
2026-06-29 11:00:00+08:00,24.68,82.8,1137.8987927898131,26,7.641
2026-06-29 11:05:00+08:00,25.62,77.6,1147.9252521911692,32,8.134
2026-06-29 11:10:00+08:00,24.66,76.5,1137.9517115925253,17,7.153
2026-06-29 11:15:00+08:00,24.54,78.8,1162.9781709938813,40,8.158
2026-06-29 11:20:00+08:00,26.01,75.5,1192.0046303952372,40,9.163
2026-06-29 11:25:00+08:00,25.95,80.1,1182.0310897965933,23,7.991
2026-06-29 11:30:00+08:00,25.87,75.6,1174.0575491979494,25,8.248
2026-06-29 11:35:00+08:00,25.55,84.6,1171.0840085993054,27,8.179
2026-06-29 11:40:00+08:00,25.96,76.0,1188.1104680006615,29,8.443
2026-06-29 11:45:00+08:00,25.86,77.1,1179.1369274020176,29,8.072
2026-06-29 11:50:00+08:00,25.76,75.9,1176.1633868033737,29,8.51
2026-06-29 11:55:00+08:00,26.01,77.3,1158.1898462047295,19,7.903
2026-06-29 12:00:00+08:00,26.28,77.1,1111.2163056060856,8,7.639
2026-06-29 12:05:00+08:00,25.86,79.3,1080.2427650074417,11,8.128
2026-06-29 12:10:00+08:00,26.03,74.4,1051.2692244087978,10,7.859
2026-06-29 12:15:00+08:00,26.39,76.5,1023.2956838101538,11,8.036
2026-06-29 12:20:00+08:00,25.18,76.3,979.3221432115099,5,7.333
2026-06-29 12:25:00+08:00,26.24,75.6,971.3486026128659,13,7.761
2026-06-29 12:30:00+08:00,25.59,75.7,960.375062014222,10,7.934
2026-06-29 12:35:00+08:00,26.26,76.9,953.4015214155779,12,8.135
2026-06-29 12:40:00+08:00,26.15,77.1,936.427980816934,8,7.657
2026-06-29 12:45:00+08:00,26.11,74.3,921.4544402182901,10,7.75
2026-06-29 12:50:00+08:00,26.45,71.2,903.4808996196462,9,7.821
2026-06-29 12:55:00+08:00,26.36,72.2,897.5073590210021,11,7.515
2026-06-29 13:00:00+08:00,26.4,74.1,931.5338184223582,31,8.436
2026-06-29 13:05:00+08:00,26.63,77.3,930.5602778237143,18,7.741
2026-06-29 13:10:00+08:00,26.49,75.5,963.5867372250702,33,8.792
2026-06-29 13:15:00+08:00,26.36,72.2,993.6131966264263,31,8.41
2026-06-29 13:20:00+08:00,26.66,75.1,1009.6396560277824,29,8.715
2026-06-29 13:25:00+08:00,27.5,75.3,1020.6661154291385,28,8.929
2026-06-29 13:30:00+08:00,27.11,67.9,1034.6925748304946,28,8.484
2026-06-29 13:35:00+08:00,26.2,76.5,1062.7190342318504,38,8.537
2026-06-29 13:40:00+08:00,26.36,72.6,1069.7454936332065,28,8.697
2026-06-29 13:45:00+08:00,26.98,72.7,1076.7719530345626,26,8.706
2026-06-29 13:50:00+08:00,26.38,76.6,1066.7984124359186,23,8.15
2026-06-29 13:55:00+08:00,26.78,74.9,1085.8248718372747,33,8.438
2026-06-29 14:00:00+08:00,27.47,74.2,1082.8513312386308,20,8.466
2026-06-29 14:05:00+08:00,27.04,75.2,1093.8777906399869,32,9.109
2026-06-29 14:10:00+08:00,26.66,71.7,1113.9042500413427,33,8.498
2026-06-29 14:15:00+08:00,27.06,75.8,1101.9307094426988,22,8.363
2026-06-29 14:20:00+08:00,26.73,75.0,1102.9571688440549,22,8.671
2026-06-29 14:25:00+08:00,26.7,72.7,1108.983628245411,29,8.89
2026-06-29 14:30:00+08:00,26.67,78.1,1127.010087646767,32,8.623
2026-06-29 14:35:00+08:00,26.99,74.8,1129.036547048123,28,8.601
2026-06-29 14:40:00+08:00,27.17,74.8,1130.063006449479,28,8.886
2026-06-29 14:45:00+08:00,27.03,70.4,1124.089465850835,26,8.717
2026-06-29 14:50:00+08:00,26.5,71.5,1114.1159252521911,21,8.179
2026-06-29 14:55:00+08:00,26.31,78.5,1137.1423846535472,37,9.268
2026-06-29 15:00:00+08:00,26.76,73.0,1152.1688440549033,33,8.527
2026-06-29 15:05:00+08:00,26.89,76.2,1155.1953034562594,27,8.74
2026-06-29 15:10:00+08:00,26.72,73.4,1147.2217628576154,26,8.588
2026-06-29 15:15:00+08:00,26.88,80.4,1132.2482222589715,20,8.4
2026-06-29 15:20:00+08:00,27.01,73.6,1124.2746816603274,22,8.657
2026-06-29 15:25:00+08:00,26.56,72.6,1128.3011410616834,26,8.61
2026-06-29 15:30:00+08:00,26.67,75.0,1147.3276004630395,34,9.082
2026-06-29 15:35:00+08:00,27.02,74.5,1146.3540598643956,32,8.913
2026-06-29 15:40:00+08:00,26.53,75.7,1156.3805192657517,29,8.635
2026-06-29 15:45:00+08:00,26.73,73.8,1158.4069786671078,28,8.686
2026-06-29 15:50:00+08:00,26.04,76.0,1158.4334380684636,25,8.346
2026-06-29 15:55:00+08:00,27.26,68.3,1165.4598974698197,30,8.971
2026-06-29 16:00:00+08:00,26.56,75.6,1168.4863568711758,29,8.512
2026-06-29 16:05:00+08:00,27.46,67.1,1168.5128162725318,27,8.781
2026-06-29 16:10:00+08:00,27.03,74.4,1166.539275673888,24,8.276
2026-06-29 16:15:00+08:00,26.86,76.8,1163.565735075244,25,8.181
2026-06-29 16:20:00+08:00,26.41,73.0,1163.5921944766,29,8.614
2026-06-29 16:25:00+08:00,26.16,76.0,1151.618653877956,24,8.448
2026-06-29 16:30:00+08:00,25.95,75.8,1155.645113279312,32,8.884
2026-06-29 16:35:00+08:00,26.43,74.4,1159.671572680668,35,8.739
2026-06-29 16:40:00+08:00,26.45,71.4,1143.6980320820242,22,7.898
2026-06-29 16:45:00+08:00,26.19,81.5,1147.7244914833802,28,8.687
2026-06-29 16:50:00+08:00,27.12,74.6,1141.7509508847363,24,8.676
2026-06-29 16:55:00+08:00,26.61,75.4,1133.7774102860922,24,8.465
2026-06-29 17:00:00+08:00,25.69,75.0,1117.8038696874482,20,7.896
2026-06-29 17:05:00+08:00,25.92,79.0,1106.8303290888043,21,8.23
2026-06-29 17:10:00+08:00,26.15,76.9,1099.8567884901604,22,8.412
2026-06-29 17:15:00+08:00,25.67,78.4,1109.8832478915165,27,8.386
2026-06-29 17:20:00+08:00,26.64,71.7,1116.9097072928726,29,8.536
2026-06-29 17:25:00+08:00,26.15,74.4,1124.9361666942286,28,8.405
2026-06-29 17:30:00+08:00,26.7,74.3,1104.9626260955847,15,8.077
2026-06-29 17:35:00+08:00,26.64,76.1,1122.9890854969406,35,8.632
2026-06-29 17:40:00+08:00,26.61,72.4,1129.0155448982966,29,8.63
2026-06-29 17:45:00+08:00,25.97,74.4,1150.0420042996527,38,8.698
2026-06-29 17:50:00+08:00,26.27,72.2,1128.0684637010088,20,8.371
2026-06-29 17:55:00+08:00,25.46,74.5,1121.0949231023649,21,8.209
2026-06-29 18:00:00+08:00,29.4,71.5,1065.121382503721,0,3.717
2026-06-29 18:05:00+08:00,29.27,71.5,1014.1478419050769,0,3.385
2026-06-29 18:10:00+08:00,30.03,65.4,975.1743013064329,0,3.712
2026-06-29 18:15:00+08:00,29.61,73.3,935.200760707789,0,3.592
2026-06-29 18:20:00+08:00,28.88,74.3,893.227220109145,0,3.026
2026-06-29 18:25:00+08:00,29.33,68.2,851.2536795105011,0,3.611
2026-06-29 18:30:00+08:00,29.18,72.0,826.2801389118571,0,3.243
2026-06-29 18:35:00+08:00,29.19,71.8,798.3065983132132,0,3.306
2026-06-29 18:40:00+08:00,29.08,71.6,781.3330577145692,0,3.003
2026-06-29 18:45:00+08:00,29.67,73.3,768.3595171159252,0,3.672
2026-06-29 18:50:00+08:00,29.42,74.4,741.3859765172813,0,3.594
2026-06-29 18:55:00+08:00,28.95,71.9,730.4124359186374,0,3.1
2026-06-29 19:00:00+08:00,28.3,71.7,712.4388953199934,0,3.271
2026-06-29 19:05:00+08:00,28.64,74.9,696.4653547213494,0,2.997
2026-06-29 19:10:00+08:00,29.32,70.4,690.4918141227055,0,3.378
2026-06-29 19:15:00+08:00,28.74,69.9,674.5182735240616,0,3.21
2026-06-29 19:20:00+08:00,28.23,71.6,669.5447329254175,0,3.337
2026-06-29 19:25:00+08:00,27.93,69.4,664.5711923267736,0,3.074
2026-06-29 19:30:00+08:00,28.75,68.8,658.5976517281297,0,3.25
2026-06-29 19:35:00+08:00,28.7,70.6,638.6241111294858,0,3.334
2026-06-29 19:40:00+08:00,28.33,70.1,636.6505705308417,0,3.269
2026-06-29 19:45:00+08:00,28.55,73.0,627.6770299321978,0,3.108
2026-06-29 19:50:00+08:00,28.36,73.6,630.7034893335538,0,3.512
2026-06-29 19:55:00+08:00,27.93,72.7,630.7299487349098,0,2.969
2026-06-29 20:00:00+08:00,28.57,71.1,623.7564081362659,0,3.289
2026-06-29 20:05:00+08:00,28.02,68.6,617.782867537622,0,3.186
2026-06-29 20:10:00+08:00,27.83,75.0,615.8093269389781,0,2.966
2026-06-29 20:15:00+08:00,28.49,70.9,609.835786340334,0,3.25
2026-06-29 20:20:00+08:00,27.18,76.0,607.8622457416901,0,2.979
2026-06-29 20:25:00+08:00,28.0,71.4,601.8887051430461,0,3.111
2026-06-29 20:30:00+08:00,27.42,74.7,599.9151645444022,0,2.626
2026-06-29 20:35:00+08:00,27.11,72.7,593.9416239457582,0,2.989
2026-06-29 20:40:00+08:00,28.2,70.6,585.9680833471143,0,3.275
2026-06-29 20:45:00+08:00,27.39,73.1,593.9945427484703,0,2.692
2026-06-29 20:50:00+08:00,27.5,74.9,588.0210021498264,0,2.989
2026-06-29 20:55:00+08:00,27.26,70.7,582.0474615511824,0,3.134
2026-06-29 21:00:00+08:00,26.83,73.5,581.0739209525384,0,2.648
2026-06-29 21:05:00+08:00,27.2,72.7,582.1003803538945,0,2.571
2026-06-29 21:10:00+08:00,27.21,75.5,591.1268397552506,0,2.981
2026-06-29 21:15:00+08:00,27.15,70.0,587.1532991566066,0,2.871
2026-06-29 21:20:00+08:00,26.83,73.3,593.1797585579626,0,2.579
2026-06-29 21:25:00+08:00,27.06,75.7,584.2062179593187,0,2.522
2026-06-29 21:30:00+08:00,26.46,74.2,587.2326773606748,0,2.939
2026-06-29 21:35:00+08:00,26.84,73.5,574.2591367620307,0,2.612
2026-06-29 21:40:00+08:00,26.7,76.5,573.2855961633868,0,2.82
2026-06-29 21:45:00+08:00,26.68,73.5,574.3120555647429,0,2.54
2026-06-29 21:50:00+08:00,25.63,77.7,581.338514966099,0,2.698
2026-06-29 21:55:00+08:00,26.37,77.2,582.3649743674549,0,2.552
2026-06-29 22:00:00+08:00,26.17,79.1,582.391433768811,0,2.692
2026-06-29 22:05:00+08:00,25.8,75.6,582.417893170167,0,2.15
2026-06-29 22:10:00+08:00,26.31,74.6,585.444352571523,0,3.038
2026-06-29 22:15:00+08:00,26.45,73.9,586.4708119728791,0,2.87
2026-06-29 22:20:00+08:00,26.17,75.8,584.4972713742352,0,2.486
2026-06-29 22:25:00+08:00,26.64,77.9,582.5237307755912,0,2.7
2026-06-29 22:30:00+08:00,25.61,74.4,586.5501901769472,0,2.13
2026-06-29 22:35:00+08:00,25.8,78.2,585.5766495783033,0,2.436
2026-06-29 22:40:00+08:00,26.15,77.2,588.6031089796593,0,2.362
2026-06-29 22:45:00+08:00,26.45,74.6,587.6295683810154,0,2.762
2026-06-29 22:50:00+08:00,25.85,78.4,589.6560277823714,0,2.674
2026-06-29 22:55:00+08:00,26.11,71.4,589.6824871837275,0,2.587
2026-06-29 23:00:00+08:00,25.41,73.4,589.7089465850835,0,2.241
2026-06-29 23:05:00+08:00,25.42,75.1,592.7354059864396,0,2.385
2026-06-29 23:10:00+08:00,24.87,80.4,593.7618653877956,0,2.399
2026-06-29 23:15:00+08:00,25.61,71.6,587.7883247891516,0,2.104
2026-06-29 23:20:00+08:00,25.28,77.6,580.8147841905077,0,2.198
2026-06-29 23:25:00+08:00,25.72,76.1,582.8412435918638,0,2.255
2026-06-29 23:30:00+08:00,25.75,76.5,586.8677029932198,0,2.281
2026-06-29 23:35:00+08:00,25.6,74.4,584.8941623945758,0,2.33
2026-06-29 23:40:00+08:00,24.49,79.2,584.9206217959319,0,2.062
2026-06-29 23:45:00+08:00,24.56,80.7,582.9470811972878,0,2.054
2026-06-29 23:50:00+08:00,24.84,75.1,586.9735405986439,0,1.83
2026-06-29 23:55:00+08:00,25.08,75.7,588.0,0,2.076
